"ID","Name (Hebrew)","Name (English)","Regional Council","Nadlan URL"
"0","לא רשום","לא רשום","ללא מועצה אזורית","https://www.nadlan.gov.il/?view=settlement&id=0&page=deals"
"3400","חברון","חברון","ללא מועצה אזורית","https://www.nadlan.gov.il/?view=settlement&id=3400&page=deals"
"1347","קצר א-סר","קצר א-סר","נווה מדבר","https://www.nadlan.gov.il/?view=settlement&id=1347&page=deals"
"1331","כמאנה","כמאנה","משגב","https://www.nadlan.gov.il/?view=settlement&id=1331&page=deals"
"3777","סנסנה","סנסנה","הר חברון","https://www.nadlan.gov.il/?view=settlement&id=3777&page=deals"
"963","אעצם (שבט)","A'SAM","ללא מועצה אזורית","https://www.nadlan.gov.il/?view=settlement&id=963&page=deals"
"1220","אבירים","ABBIRIM","מעלה יוסף","https://www.nadlan.gov.il/?view=settlement&id=1220&page=deals"
"958","אבו עבדון (שבט)","ABU ABDUN","ללא מועצה אזורית","https://www.nadlan.gov.il/?view=settlement&id=958&page=deals"
"1042","אבו עמאר (שבט)","ABU AMMAR","ללא מועצה אזורית","https://www.nadlan.gov.il/?view=settlement&id=1042&page=deals"
"932","אבו עמרה (שבט)","ABU AMRE","ללא מועצה אזורית","https://www.nadlan.gov.il/?view=settlement&id=932&page=deals"
"472","אבו גוש","ABU GHOSH","ללא מועצה אזורית","https://www.nadlan.gov.il/?view=settlement&id=472&page=deals"
"967","אבו ג'ווייעד (שבט)","ABU JUWEI'ID","ללא מועצה אזורית","https://www.nadlan.gov.il/?view=settlement&id=967&page=deals"
"968","אבו קורינאת (שבט)","ABU QUREINAT","ללא מועצה אזורית","https://www.nadlan.gov.il/?view=settlement&id=968&page=deals"
"1342","אבו קרינאת (יישוב)","ABU QUREINAT","נווה מדבר","https://www.nadlan.gov.il/?view=settlement&id=1342&page=deals"
"966","אבו רובייעה (שבט)","ABU RUBEI'A","ללא מועצה אזורית","https://www.nadlan.gov.il/?view=settlement&id=966&page=deals"
"961","אבו רוקייק (שבט)","ABU RUQAYYEQ","ללא מועצה אזורית","https://www.nadlan.gov.il/?view=settlement&id=961&page=deals"
"473","אבו סנאן","ABU SINAN","ללא מועצה אזורית","https://www.nadlan.gov.il/?view=settlement&id=473&page=deals"
"935","אבו סריחאן (שבט)","ABU SUREIHAN","ללא מועצה אזורית","https://www.nadlan.gov.il/?view=settlement&id=935&page=deals"
"1375","אבו תלול","ABU TULUL","נווה מדבר","https://www.nadlan.gov.il/?view=settlement&id=1375&page=deals"
"1068","אדמית","ADAMIT","מטה אשר","https://www.nadlan.gov.il/?view=settlement&id=1068&page=deals"
"2035","עדנים","ADANIM","דרום השרון","https://www.nadlan.gov.il/?view=settlement&id=2035&page=deals"
"1123","אדרת","ADDERET","מטה יהודה","https://www.nadlan.gov.il/?view=settlement&id=1123&page=deals"
"113","אדירים","ADDIRIM","הגלבוע","https://www.nadlan.gov.il/?view=settlement&id=113&page=deals"
"1199","עדי","ADI","עמק יזרעאל","https://www.nadlan.gov.il/?view=settlement&id=1199&page=deals"
"3759","אדורה","ADORA","הר חברון","https://www.nadlan.gov.il/?view=settlement&id=3759&page=deals"
"3987","אדורים","ADORAYIM","הר חברון","https://www.nadlan.gov.il/?view=settlement&id=3987&page=deals"
"959","אפיניש (שבט)","AFEINISH","ללא מועצה אזורית","https://www.nadlan.gov.il/?view=settlement&id=959&page=deals"
"313","אפק","AFEQ","מטה אשר","https://www.nadlan.gov.il/?view=settlement&id=313&page=deals"
"4301","אפיק","AFIQ","גולן","https://www.nadlan.gov.il/?view=settlement&id=4301&page=deals"
"176","אפיקים","AFIQIM","עמק הירדן","https://www.nadlan.gov.il/?view=settlement&id=176&page=deals"
"7700","עפולה","AFULA","ללא מועצה אזורית","https://www.nadlan.gov.il/?view=settlement&id=7700&page=deals"
"794","עגור","AGUR","מטה יהודה","https://www.nadlan.gov.il/?view=settlement&id=794&page=deals"
"1157","אחווה","AHAWA","באר טוביה","https://www.nadlan.gov.il/?view=settlement&id=1157&page=deals"
"797","אחיעזר","AHI'EZER","שדות דן","https://www.nadlan.gov.il/?view=settlement&id=797&page=deals"
"785","אחיהוד","AHIHUD","מטה אשר","https://www.nadlan.gov.il/?view=settlement&id=785&page=deals"
"804","אחיסמך","AHISAMAKH","חבל מודיעין","https://www.nadlan.gov.il/?view=settlement&id=804&page=deals"
"850","אחיטוב","AHITUV","עמק חפר","https://www.nadlan.gov.il/?view=settlement&id=850&page=deals"
"821","אחוזם","AHUZZAM","לכיש","https://www.nadlan.gov.il/?view=settlement&id=821&page=deals"
"1330","אחוזת ברק","AHUZZAT BARAQ","עמק יזרעאל","https://www.nadlan.gov.il/?view=settlement&id=1330&page=deals"
"7600","עכו","AKKO","ללא מועצה אזורית","https://www.nadlan.gov.il/?view=settlement&id=7600&page=deals"
"1359","אל סייד","AL SAYYID","אל קסום","https://www.nadlan.gov.il/?view=settlement&id=1359&page=deals"
"1316","אל-עריאן","AL-ARYAN","מנשה","https://www.nadlan.gov.il/?view=settlement&id=1316&page=deals"
"1339","אל-עזי","AL-AZY","יואב","https://www.nadlan.gov.il/?view=settlement&id=1339&page=deals"
"3727","עלי זהב","ALE ZAHAV","שומרון","https://www.nadlan.gov.il/?view=settlement&id=3727&page=deals"
"3750","אלפי מנשה","ALFE MENASHE","ללא מועצה אזורית","https://www.nadlan.gov.il/?view=settlement&id=3750&page=deals"
"1182","אלון הגליל","ALLON HAGALIL","עמק יזרעאל","https://www.nadlan.gov.il/?view=settlement&id=1182&page=deals"
"3604","אלון שבות","ALLON SHEVUT","גוש עציון","https://www.nadlan.gov.il/?view=settlement&id=3604&page=deals"
"429","אלוני אבא","ALLONE ABBA","עמק יזרעאל","https://www.nadlan.gov.il/?view=settlement&id=429&page=deals"
"4017","אלוני הבשן","ALLONE HABASHAN","גולן","https://www.nadlan.gov.il/?view=settlement&id=4017&page=deals"
"868","אלוני יצחק","ALLONE YIZHAQ","מנשה","https://www.nadlan.gov.il/?view=settlement&id=868&page=deals"
"285","אלונים","ALLONIM","עמק יזרעאל","https://www.nadlan.gov.il/?view=settlement&id=285&page=deals"
"688","עלמה","ALMA","מרום הגליל","https://www.nadlan.gov.il/?view=settlement&id=688&page=deals"
"1125","אלמגור","ALMAGOR","עמק הירדן","https://www.nadlan.gov.il/?view=settlement&id=1125&page=deals"
"3556","אלמוג","ALMOG","מגילות ים המלח","https://www.nadlan.gov.il/?view=settlement&id=3556&page=deals"
"3715","עלמון","ALMON","מטה בנימין","https://www.nadlan.gov.il/?view=settlement&id=3715&page=deals"
"1146","עלומים","ALUMIM","שדות נגב","https://www.nadlan.gov.il/?view=settlement&id=1146&page=deals"
"1145","אלומה","ALUMMA","שפיר","https://www.nadlan.gov.il/?view=settlement&id=1145&page=deals"
"330","אלומות","ALUMMOT","עמק הירדן","https://www.nadlan.gov.il/?view=settlement&id=330&page=deals"
"23","אמציה","AMAZYA","לכיש","https://www.nadlan.gov.il/?view=settlement&id=23&page=deals"
"319","עמיר","AMIR","הגליל העליון","https://www.nadlan.gov.il/?view=settlement&id=319&page=deals"
"1064","אמירים","AMIRIM","מרום הגליל","https://www.nadlan.gov.il/?view=settlement&id=1064&page=deals"
"385","עמיעד","AMMI'AD","הגליל העליון","https://www.nadlan.gov.il/?view=settlement&id=385&page=deals"
"318","עמיעוז","AMMI'OZ","אשכול","https://www.nadlan.gov.il/?view=settlement&id=318&page=deals"
"3824","עמיחי","AMMIHAY","מטה בנימין","https://www.nadlan.gov.il/?view=settlement&id=3824&page=deals"
"779","עמינדב","AMMINADAV","מטה יהודה","https://www.nadlan.gov.il/?view=settlement&id=779&page=deals"
"773","עמיקם","AMMIQAM","אלונה","https://www.nadlan.gov.il/?view=settlement&id=773&page=deals"
"1253","אמנון","AMNUN","מבואות החרמון","https://www.nadlan.gov.il/?view=settlement&id=1253&page=deals"
"708","עמקה","AMQA","מטה אשר","https://www.nadlan.gov.il/?view=settlement&id=708&page=deals"
"1212","עמוקה","AMUQQA","מרום הגליל","https://www.nadlan.gov.il/?view=settlement&id=1212&page=deals"
"4012","אניעם","ANI'AM","גולן","https://www.nadlan.gov.il/?view=settlement&id=4012&page=deals"
"637","ערערה","AR'ARA","ללא מועצה אזורית","https://www.nadlan.gov.il/?view=settlement&id=637&page=deals"
"1192","ערערה-בנגב","AR'ARA-BANEGEV","ללא מועצה אזורית","https://www.nadlan.gov.il/?view=settlement&id=1192&page=deals"
"2560","ערד","ARAD","ללא מועצה אזורית","https://www.nadlan.gov.il/?view=settlement&id=2560&page=deals"
"1246","עראמשה","ARAMSHA","מטה אשר","https://www.nadlan.gov.il/?view=settlement&id=1246&page=deals"
"701","ארבל","ARBEL","הגליל התחתון","https://www.nadlan.gov.il/?view=settlement&id=701&page=deals"
"3598","ארגמן","ARGAMAN","ערבות הירדן","https://www.nadlan.gov.il/?view=settlement&id=3598&page=deals"
"3570","אריאל","ARI'EL","ללא מועצה אזורית","https://www.nadlan.gov.il/?view=settlement&id=3570&page=deals"
"1335","ערב אל נעים","ARRAB AL NAIM","משגב","https://www.nadlan.gov.il/?view=settlement&id=1335&page=deals"
"531","עראבה","ARRABE","ללא מועצה אזורית","https://www.nadlan.gov.il/?view=settlement&id=531&page=deals"
"1324","ארסוף","ARSUF","חוף השרון","https://www.nadlan.gov.il/?view=settlement&id=1324&page=deals"
"593","ערוגות","ARUGOT","באר טוביה","https://www.nadlan.gov.il/?view=settlement&id=593&page=deals"
"3861","עשהאל","ASA'EL","הר חברון","https://www.nadlan.gov.il/?view=settlement&id=3861&page=deals"
"960","אסד (שבט)","ASAD","ללא מועצה אזורית","https://www.nadlan.gov.il/?view=settlement&id=960&page=deals"
"3754","אספר","ASEFAR","גוש עציון","https://www.nadlan.gov.il/?view=settlement&id=3754&page=deals"
"591","עשרת","ASERET","גדרות","https://www.nadlan.gov.il/?view=settlement&id=591&page=deals"
"1152","אשלים","ASHALIM","רמת נגב","https://www.nadlan.gov.il/?view=settlement&id=1152&page=deals"
"70","אשדוד","ASHDOD","ללא מועצה אזורית","https://www.nadlan.gov.il/?view=settlement&id=70&page=deals"
"199","אשדות יעקב (איחוד)","ASHDOT YA'AQOV(IHUD)","עמק הירדן","https://www.nadlan.gov.il/?view=settlement&id=199&page=deals"
"188","אשדות יעקב (מאוחד)","ASHDOT YA'AQOV(ME'UH","עמק הירדן","https://www.nadlan.gov.il/?view=settlement&id=188&page=deals"
"1256","אשרת","ASHERAT","מטה אשר","https://www.nadlan.gov.il/?view=settlement&id=1256&page=deals"
"7100","אשקלון","ASHQELON","ללא מועצה אזורית","https://www.nadlan.gov.il/?view=settlement&id=7100&page=deals"
"969","עטאוונה (שבט)","ATAWNE","ללא מועצה אזורית","https://www.nadlan.gov.il/?view=settlement&id=969&page=deals"
"3658","עטרת","ATERET","מטה בנימין","https://www.nadlan.gov.il/?view=settlement&id=3658&page=deals"
"53","עתלית","ATLIT","חוף הכרמל","https://www.nadlan.gov.il/?view=settlement&id=53&page=deals"
"965","אטרש (שבט)","ATRASH","ללא מועצה אזורית","https://www.nadlan.gov.il/?view=settlement&id=965&page=deals"
"917","עצמון שגב","ATSMON-SEGEV","משגב","https://www.nadlan.gov.il/?view=settlement&id=917&page=deals"
"892","עבדון","AVDON","מעלה יוסף","https://www.nadlan.gov.il/?view=settlement&id=892&page=deals"
"3786","אבנת","AVENAT","מגילות ים המלח","https://www.nadlan.gov.il/?view=settlement&id=3786&page=deals"
"679","אביאל","AVI'EL","אלונה","https://www.nadlan.gov.il/?view=settlement&id=679&page=deals"
"1070","אביעזר","AVI'EZER","מטה יהודה","https://www.nadlan.gov.il/?view=settlement&id=1070&page=deals"
"3869","אביגיל","AVIGAYIL","הר חברון","https://www.nadlan.gov.il/?view=settlement&id=3869&page=deals"
"819","אביגדור","AVIGEDOR","באר טוביה","https://www.nadlan.gov.il/?view=settlement&id=819&page=deals"
"175","אביחיל","AVIHAYIL","עמק חפר","https://www.nadlan.gov.il/?view=settlement&id=175&page=deals"
"2052","אביטל","AVITAL","הגלבוע","https://www.nadlan.gov.il/?view=settlement&id=2052&page=deals"
"1115","אביבים","AVIVIM","מרום הגליל","https://www.nadlan.gov.il/?view=settlement&id=1115&page=deals"
"4011","אבני איתן","AVNE ETAN","גולן","https://www.nadlan.gov.il/?view=settlement&id=4011&page=deals"
"3793","אבני חפץ","AVNE HEFEZ","שומרון","https://www.nadlan.gov.il/?view=settlement&id=3793&page=deals"
"1311","אבשלום","AVSHALOM","אשכול","https://www.nadlan.gov.il/?view=settlement&id=1311&page=deals"
"1275","אבטליון","AVTALYON","משגב","https://www.nadlan.gov.il/?view=settlement&id=1275&page=deals"
"156","עיינות","AYANOT","גן רווה","https://www.nadlan.gov.il/?view=settlement&id=156&page=deals"
"77","איילת השחר","AYYELET HASHAHAR","הגליל העליון","https://www.nadlan.gov.il/?view=settlement&id=77&page=deals"
"711","עזריה","AZARYA","גזר","https://www.nadlan.gov.il/?view=settlement&id=711&page=deals"
"565","אזור","AZOR","ללא מועצה אזורית","https://www.nadlan.gov.il/?view=settlement&id=565&page=deals"
"837","עזריאל","AZRI'EL","לב השרון","https://www.nadlan.gov.il/?view=settlement&id=837&page=deals"
"817","עזריקם","AZRIQAM","באר טוביה","https://www.nadlan.gov.il/?view=settlement&id=817&page=deals"
"2043","בחן","BAHAN","עמק חפר","https://www.nadlan.gov.il/?view=settlement&id=2043&page=deals"
"94","בלפוריה","BALFURIYYA","עמק יזרעאל","https://www.nadlan.gov.il/?view=settlement&id=94&page=deals"
"6000","באקה אל-גרביה","BAQA AL-GHARBIYYE","ללא מועצה אזורית","https://www.nadlan.gov.il/?view=settlement&id=6000&page=deals"
"823","בר גיורא","BAR GIYYORA","מטה יהודה","https://www.nadlan.gov.il/?view=settlement&id=823&page=deals"
"3499","בר כוכבא","BAR KOKHVA","גוש עציון","https://www.nadlan.gov.il/?view=settlement&id=3499&page=deals"
"1191","בר יוחאי","BAR YOHAY","מרום הגליל","https://www.nadlan.gov.il/?view=settlement&id=1191&page=deals"
"667","ברעם","BAR'AM","הגליל העליון","https://www.nadlan.gov.il/?view=settlement&id=667&page=deals"
"141","ברק","BARAQ","הגלבוע","https://www.nadlan.gov.il/?view=settlement&id=141&page=deals"
"2038","ברקת","BAREQET","חבל מודיעין","https://www.nadlan.gov.il/?view=settlement&id=2038&page=deals"
"3654","ברקן","BARQAN","שומרון","https://www.nadlan.gov.il/?view=settlement&id=3654&page=deals"
"617","ברקאי","BARQAY","מנשה","https://www.nadlan.gov.il/?view=settlement&id=617&page=deals"
"1326","בסמה","BASMA","ללא מועצה אזורית","https://www.nadlan.gov.il/?view=settlement&id=1326&page=deals"
"944","בסמת טבעון","BASMAT TAB'UN","ללא מועצה אזורית","https://www.nadlan.gov.il/?view=settlement&id=944&page=deals"
"3794","בת עין","BAT AYIN","גוש עציון","https://www.nadlan.gov.il/?view=settlement&id=3794&page=deals"
"1323","בת הדר","BAT HADAR","חוף אשקלון","https://www.nadlan.gov.il/?view=settlement&id=1323&page=deals"
"1319","בת חפר","BAT HEFER","עמק חפר","https://www.nadlan.gov.il/?view=settlement&id=1319&page=deals"
"1361","בת חן","BAT HEN","עמק חפר","https://www.nadlan.gov.il/?view=settlement&id=1361&page=deals"
"33","בת שלמה","BAT SHELOMO","חוף הכרמל","https://www.nadlan.gov.il/?view=settlement&id=33&page=deals"
"6200","בת ים","BAT YAM","ללא מועצה אזורית","https://www.nadlan.gov.il/?view=settlement&id=6200&page=deals"
"389","בצרה","BAZRA","חוף השרון","https://www.nadlan.gov.il/?view=settlement&id=389&page=deals"
"1278","באר מילכה","BE'ER MILKA","רמת נגב","https://www.nadlan.gov.il/?view=settlement&id=1278&page=deals"
"21","באר אורה","BE'ER ORA","חבל אילות","https://www.nadlan.gov.il/?view=settlement&id=21&page=deals"
"9000","באר שבע","BE'ER SHEVA","ללא מועצה אזורית","https://www.nadlan.gov.il/?view=settlement&id=9000&page=deals"
"155","באר טוביה","BE'ER TUVEYA","באר טוביה","https://www.nadlan.gov.il/?view=settlement&id=155&page=deals"
"2530","באר יעקב","BE'ER YA'AQOV","ללא מועצה אזורית","https://www.nadlan.gov.il/?view=settlement&id=2530&page=deals"
"399","בארי","BE'ERI","אשכול","https://www.nadlan.gov.il/?view=settlement&id=399&page=deals"
"450","בארות יצחק","BE'EROT YIZHAQ","חבל מודיעין","https://www.nadlan.gov.il/?view=settlement&id=450&page=deals"
"697","בארותיים","BE'EROTAYIM","עמק חפר","https://www.nadlan.gov.il/?view=settlement&id=697&page=deals"
"1376","באר גנים","BEER GANNIM","חוף אשקלון","https://www.nadlan.gov.il/?view=settlement&id=1376&page=deals"
"480","בית ג'ן","BEIT JANN","ללא מועצה אזורית","https://www.nadlan.gov.il/?view=settlement&id=480&page=deals"
"712","בן עמי","BEN AMMI","מטה אשר","https://www.nadlan.gov.il/?view=settlement&id=712&page=deals"
"2013","בן שמן (מושב)","BEN SHEMEN (MOSHAV)","חבל מודיעין","https://www.nadlan.gov.il/?view=settlement&id=2013&page=deals"
"1084","בן שמן (כפר נוער)","BEN SHEMEN(K.NO'AR)","חבל מודיעין","https://www.nadlan.gov.il/?view=settlement&id=1084&page=deals"
"760","בן זכאי","BEN ZAKKAY","חבל יבנה","https://www.nadlan.gov.il/?view=settlement&id=760&page=deals"
"685","בניה","BENAYA","ברנר","https://www.nadlan.gov.il/?view=settlement&id=685&page=deals"
"448","בני עטרות","BENE ATAROT","חבל מודיעין","https://www.nadlan.gov.il/?view=settlement&id=448&page=deals"
"1066","בני עיש","BENE AYISH","ללא מועצה אזורית","https://www.nadlan.gov.il/?view=settlement&id=1066&page=deals"
"6100","בני ברק","BENE BERAQ","ללא מועצה אזורית","https://www.nadlan.gov.il/?view=settlement&id=6100&page=deals"
"592","בני דרום","BENE DAROM","חבל יבנה","https://www.nadlan.gov.il/?view=settlement&id=592&page=deals"
"386","בני דרור","BENE DEROR","לב השרון","https://www.nadlan.gov.il/?view=settlement&id=386&page=deals"
"1363","בני נצרים","BENE NEZARIM","אשכול","https://www.nadlan.gov.il/?view=settlement&id=1363&page=deals"
"588","בני ראם","BENE RE'EM","נחל שורק","https://www.nadlan.gov.il/?view=settlement&id=588&page=deals"
"4015","בני יהודה","BENE YEHUDA","גולן","https://www.nadlan.gov.il/?view=settlement&id=4015&page=deals"
"418","בני ציון","BENE ZIYYON","חוף השרון","https://www.nadlan.gov.il/?view=settlement&id=418&page=deals"
"3612","בקעות","BEQA'OT","ערבות הירדן","https://www.nadlan.gov.il/?view=settlement&id=3612&page=deals"
"864","בקוע","BEQOA","מטה יהודה","https://www.nadlan.gov.il/?view=settlement&id=864&page=deals"
"3710","ברכה","BERAKHA","שומרון","https://www.nadlan.gov.il/?view=settlement&id=3710&page=deals"
"746","ברכיה","BEREKHYA","חוף אשקלון","https://www.nadlan.gov.il/?view=settlement&id=746&page=deals"
"428","ברור חיל","BEROR HAYIL","שער הנגב","https://www.nadlan.gov.il/?view=settlement&id=428&page=deals"
"2060","ברוש","BEROSH","בני שמעון","https://www.nadlan.gov.il/?view=settlement&id=2060&page=deals"
"95","בית אלפא","BET ALFA","הגלבוע","https://www.nadlan.gov.il/?view=settlement&id=95&page=deals"
"604","בית עריף","BET ARIF","חבל מודיעין","https://www.nadlan.gov.il/?view=settlement&id=604&page=deals"
"3652","בית אריה","BET ARYE","ללא מועצה אזורית","https://www.nadlan.gov.il/?view=settlement&id=3652&page=deals"
"1076","בית ברל","BET BERL","דרום השרון","https://www.nadlan.gov.il/?view=settlement&id=1076&page=deals"
"466","בית דגן","BET DAGAN","ללא מועצה אזורית","https://www.nadlan.gov.il/?view=settlement&id=466&page=deals"
"3574","בית אל","BET EL","ללא מועצה אזורית","https://www.nadlan.gov.il/?view=settlement&id=3574&page=deals"
"562","בית אלעזרי","BET EL'AZARI","ברנר","https://www.nadlan.gov.il/?view=settlement&id=562&page=deals"
"756","בית עזרא","BET EZRA","באר טוביה","https://www.nadlan.gov.il/?view=settlement&id=756&page=deals"
"571","בית גמליאל","BET GAMLI'EL","חבל יבנה","https://www.nadlan.gov.il/?view=settlement&id=571&page=deals"
"619","בית גוברין","BET GUVRIN","יואב","https://www.nadlan.gov.il/?view=settlement&id=619&page=deals"
"3645","בית הערבה","BET HAARAVA","מגילות ים המלח","https://www.nadlan.gov.il/?view=settlement&id=3645&page=deals"
"572","בית העמק","BET HAEMEQ","מטה אשר","https://www.nadlan.gov.il/?view=settlement&id=572&page=deals"
"723","בית הגדי","BET HAGADDI","שדות נגב","https://www.nadlan.gov.il/?view=settlement&id=723&page=deals"
"373","בית הלוי","BET HALEVI","עמק חפר","https://www.nadlan.gov.il/?view=settlement&id=373&page=deals"
"159","בית חנן","BET HANAN","גן רווה","https://www.nadlan.gov.il/?view=settlement&id=159&page=deals"
"800","בית חנניה","BET HANANYA","חוף הכרמל","https://www.nadlan.gov.il/?view=settlement&id=800&page=deals"
"242","בית השיטה","BET HASHITTA","הגלבוע","https://www.nadlan.gov.il/?view=settlement&id=242&page=deals"
"1050","בית חשמונאי","BET HASHMONAY","גזר","https://www.nadlan.gov.il/?view=settlement&id=1050&page=deals"
"877","בית חירות","BET HERUT","עמק חפר","https://www.nadlan.gov.il/?view=settlement&id=877&page=deals"
"322","בית הלל","BET HILLEL","מבואות החרמון","https://www.nadlan.gov.il/?view=settlement&id=322&page=deals"
"2033","בית חלקיה","BET HILQIYYA","נחל שורק","https://www.nadlan.gov.il/?view=settlement&id=2033&page=deals"
"3864","בית חגלה","BET HOGLA","מגילות ים המלח","https://www.nadlan.gov.il/?view=settlement&id=3864&page=deals"
"3575","בית חורון","BET HORON","מטה בנימין","https://www.nadlan.gov.il/?view=settlement&id=3575&page=deals"
"430","בית לחם הגלילית","BET LEHEM HAGELILIT","עמק יזרעאל","https://www.nadlan.gov.il/?view=settlement&id=430&page=deals"
"751","בית מאיר","BET ME'IR","מטה יהודה","https://www.nadlan.gov.il/?view=settlement&id=751&page=deals"
"784","בית נחמיה","BET NEHEMYA","חבל מודיעין","https://www.nadlan.gov.il/?view=settlement&id=784&page=deals"
"672","בית נקופה","BET NEQOFA","מטה יהודה","https://www.nadlan.gov.il/?view=settlement&id=672&page=deals"
"16","בית ניר","BET NIR","יואב","https://www.nadlan.gov.il/?view=settlement&id=16&page=deals"
"317","בית אורן","BET OREN","חוף הכרמל","https://www.nadlan.gov.il/?view=settlement&id=317&page=deals"
"202","בית עובד","BET OVED","גן רווה","https://www.nadlan.gov.il/?view=settlement&id=202&page=deals"
"598","בית קמה","BET QAMA","בני שמעון","https://www.nadlan.gov.il/?view=settlement&id=598&page=deals"
"365","בית קשת","BET QESHET","הגליל התחתון","https://www.nadlan.gov.il/?view=settlement&id=365&page=deals"
"848","בית רבן","BET RABBAN","חבל יבנה","https://www.nadlan.gov.il/?view=settlement&id=848&page=deals"
"1162","בית רימון","BET RIMMON","הגליל התחתון","https://www.nadlan.gov.il/?view=settlement&id=1162&page=deals"
"9200","בית שאן","BET SHE'AN","ללא מועצה אזורית","https://www.nadlan.gov.il/?view=settlement&id=9200&page=deals"
"248","בית שערים","BET SHE'ARIM","עמק יזרעאל","https://www.nadlan.gov.il/?view=settlement&id=248&page=deals"
"2610","בית שמש","BET SHEMESH","ללא מועצה אזורית","https://www.nadlan.gov.il/?view=settlement&id=2610&page=deals"
"747","בית שקמה","BET SHIQMA","חוף אשקלון","https://www.nadlan.gov.il/?view=settlement&id=747&page=deals"
"301","בית עוזיאל","BET UZZI'EL","גזר","https://www.nadlan.gov.il/?view=settlement&id=301&page=deals"
"200","בית ינאי","BET YANNAY","עמק חפר","https://www.nadlan.gov.il/?view=settlement&id=200&page=deals"
"288","בית יהושע","BET YEHOSHUA","חוף השרון","https://www.nadlan.gov.il/?view=settlement&id=288&page=deals"
"326","בית יצחק-שער חפר","BET YIZHAQ-SH. HEFER","עמק חפר","https://www.nadlan.gov.il/?view=settlement&id=326&page=deals"
"265","בית יוסף","BET YOSEF","עמק המעיינות","https://www.nadlan.gov.il/?view=settlement&id=265&page=deals"
"710","בית זית","BET ZAYIT","מטה יהודה","https://www.nadlan.gov.il/?view=settlement&id=710&page=deals"
"353","בית זיד","BET ZEID","עמק יזרעאל","https://www.nadlan.gov.il/?view=settlement&id=353&page=deals"
"143","בית זרע","BET ZERA","עמק הירדן","https://www.nadlan.gov.il/?view=settlement&id=143&page=deals"
"212","בית צבי","BET ZEVI","חוף הכרמל","https://www.nadlan.gov.il/?view=settlement&id=212&page=deals"
"3780","ביתר עילית","BETAR ILLIT","ללא מועצה אזורית","https://www.nadlan.gov.il/?view=settlement&id=3780&page=deals"
"589","בצת","BEZET","מטה אשר","https://www.nadlan.gov.il/?view=settlement&id=589&page=deals"
"483","בענה","BI NE","ללא מועצה אזורית","https://www.nadlan.gov.il/?view=settlement&id=483&page=deals"
"9800","בנימינה-גבעת עדה","BINYAMINA","ללא מועצה אזורית","https://www.nadlan.gov.il/?view=settlement&id=9800&page=deals"
"998","ביר אל-מכסור","BIR EL-MAKSUR","ללא מועצה אזורית","https://www.nadlan.gov.il/?view=settlement&id=998&page=deals"
"1348","ביר הדאג'","BIR HADAGE","נווה מדבר","https://www.nadlan.gov.il/?view=settlement&id=1348&page=deals"
"368","ביריה","BIRIYYA","מרום הגליל","https://www.nadlan.gov.il/?view=settlement&id=368&page=deals"
"252","ביתן אהרן","BITAN AHARON","עמק חפר","https://www.nadlan.gov.il/?view=settlement&id=252&page=deals"
"762","בטחה","BITHA","מרחבים","https://www.nadlan.gov.il/?view=settlement&id=762&page=deals"
"234","ביצרון","BIZZARON","באר טוביה","https://www.nadlan.gov.il/?view=settlement&id=234&page=deals"
"1368","בני דקלים","BNE DKALIM","לכיש","https://www.nadlan.gov.il/?view=settlement&id=1368&page=deals"
"3744","ברוכין","BRUKHIN","שומרון","https://www.nadlan.gov.il/?view=settlement&id=3744&page=deals"
"482","בועיינה-נוג'ידאת","BU'EINE-NUJEIDAT","ללא מועצה אזורית","https://www.nadlan.gov.il/?view=settlement&id=482&page=deals"
"4001","בוקעאתא","BUQ'ATA","ללא מועצה אזורית","https://www.nadlan.gov.il/?view=settlement&id=4001&page=deals"
"698","בורגתה","BURGETA","עמק חפר","https://www.nadlan.gov.il/?view=settlement&id=698&page=deals"
"559","בוסתן הגליל","BUSTAN HAGALIL","מטה אשר","https://www.nadlan.gov.il/?view=settlement&id=559&page=deals"
"489","דבוריה","DABBURYE","ללא מועצה אזורית","https://www.nadlan.gov.il/?view=settlement&id=489&page=deals"
"302","דפנה","DAFNA","הגליל העליון","https://www.nadlan.gov.il/?view=settlement&id=302&page=deals"
"475","דחי","DAHI","בוסתאן אל-מרג'","https://www.nadlan.gov.il/?view=settlement&id=475&page=deals"
"494","דאלית אל-כרמל","DALIYAT AL-KARMEL","ללא מועצה אזורית","https://www.nadlan.gov.il/?view=settlement&id=494&page=deals"
"300","דליה","DALIYYA","מגידו","https://www.nadlan.gov.il/?view=settlement&id=300&page=deals"
"431","דלתון","DALTON","מרום הגליל","https://www.nadlan.gov.il/?view=settlement&id=431&page=deals"
"303","דן","DAN","הגליל העליון","https://www.nadlan.gov.il/?view=settlement&id=303&page=deals"
"407","דברת","DAVERAT","עמק יזרעאל","https://www.nadlan.gov.il/?view=settlement&id=407&page=deals"
"62","דגניה א'","DEGANYA ALEF","עמק הירדן","https://www.nadlan.gov.il/?view=settlement&id=62&page=deals"
"79","דגניה ב'","DEGANYA BET","עמק הירדן","https://www.nadlan.gov.il/?view=settlement&id=79&page=deals"
"490","דייר אל-אסד","DEIR AL-ASAD","ללא מועצה אזורית","https://www.nadlan.gov.il/?view=settlement&id=490&page=deals"
"492","דייר חנא","DEIR HANNA","ללא מועצה אזורית","https://www.nadlan.gov.il/?view=settlement&id=492&page=deals"
"493","דייר ראפאת","DEIR RAFAT","מטה יהודה","https://www.nadlan.gov.il/?view=settlement&id=493&page=deals"
"1317","דמיידה","DEMEIDE","משגב","https://www.nadlan.gov.il/?view=settlement&id=1317&page=deals"
"1241","דקל","DEQEL","אשכול","https://www.nadlan.gov.il/?view=settlement&id=1241&page=deals"
"1349","דריג'את","DERIG'AT","אל קסום","https://www.nadlan.gov.il/?view=settlement&id=1349&page=deals"
"146","דבורה","DEVORA","הגלבוע","https://www.nadlan.gov.il/?view=settlement&id=146&page=deals"
"2200","דימונה","DIMONA","ללא מועצה אזורית","https://www.nadlan.gov.il/?view=settlement&id=2200&page=deals"
"2063","דישון","DISHON","מבואות החרמון","https://www.nadlan.gov.il/?view=settlement&id=2063&page=deals"
"3747","דולב","DOLEV","מטה בנימין","https://www.nadlan.gov.il/?view=settlement&id=3747&page=deals"
"738","דור","DOR","חוף הכרמל","https://www.nadlan.gov.il/?view=settlement&id=738&page=deals"
"336","דורות","DOROT","שער הנגב","https://www.nadlan.gov.il/?view=settlement&id=336&page=deals"
"1067","דובב","DOVEV","מרום הגליל","https://www.nadlan.gov.il/?view=settlement&id=1067&page=deals"
"849","דביר","DVIR","בני שמעון","https://www.nadlan.gov.il/?view=settlement&id=849&page=deals"
"3650","אפרת","EFRAT","ללא מועצה אזורית","https://www.nadlan.gov.il/?view=settlement&id=3650&page=deals"
"530","עיילבון","EILABUN","ללא מועצה אזורית","https://www.nadlan.gov.il/?view=settlement&id=530&page=deals"
"546","עין אל-אסד","EIN AL-ASAD","מרום הגליל","https://www.nadlan.gov.il/?view=settlement&id=546&page=deals"
"1320","עין חוד","EIN HOD","חוף הכרמל","https://www.nadlan.gov.il/?view=settlement&id=1320&page=deals"
"532","עין מאהל","EIN MAHEL","ללא מועצה אזורית","https://www.nadlan.gov.il/?view=settlement&id=532&page=deals"
"521","עין נקובא","EIN NAQQUBA","מטה יהודה","https://www.nadlan.gov.il/?view=settlement&id=521&page=deals"
"4502","עין קנייא","EIN QINIYYE","ללא מועצה אזורית","https://www.nadlan.gov.il/?view=settlement&id=4502&page=deals"
"514","עין ראפה","EIN RAFA","מטה יהודה","https://www.nadlan.gov.il/?view=settlement&id=514&page=deals"
"1309","אלעד","EL'AD","ללא מועצה אזורית","https://www.nadlan.gov.il/?view=settlement&id=1309&page=deals"
"3618","אלעזר","EL'AZAR","גוש עציון","https://www.nadlan.gov.il/?view=settlement&id=3618&page=deals"
"4003","אל-רום","EL-ROM","גולן","https://www.nadlan.gov.il/?view=settlement&id=4003&page=deals"
"2600","אילת","ELAT","ללא מועצה אזורית","https://www.nadlan.gov.il/?view=settlement&id=2600&page=deals"
"3765","עלי","ELI","מטה בנימין","https://www.nadlan.gov.il/?view=settlement&id=3765&page=deals"
"4002","אלי-עד","ELI-AD","גולן","https://www.nadlan.gov.il/?view=settlement&id=4002&page=deals"
"1365","אליאב","ELIAV","לכיש","https://www.nadlan.gov.il/?view=settlement&id=1365&page=deals"
"1248","אליפז","ELIFAZ","חבל אילות","https://www.nadlan.gov.il/?view=settlement&id=1248&page=deals"
"730","אליפלט","ELIFELET","מבואות החרמון","https://www.nadlan.gov.il/?view=settlement&id=730&page=deals"
"841","אלישמע","ELISHAMA","דרום השרון","https://www.nadlan.gov.il/?view=settlement&id=841&page=deals"
"294","אילון","ELON","מטה אשר","https://www.nadlan.gov.il/?view=settlement&id=294&page=deals"
"3579","אלון מורה","ELON MORE","שומרון","https://www.nadlan.gov.il/?view=settlement&id=3579&page=deals"
"1126","אילות","ELOT","חבל אילות","https://www.nadlan.gov.il/?view=settlement&id=1126&page=deals"
"3560","אלקנה","ELQANA","ללא מועצה אזורית","https://www.nadlan.gov.il/?view=settlement&id=3560&page=deals"
"603","אלקוש","ELQOSH","מעלה יוסף","https://www.nadlan.gov.il/?view=settlement&id=603&page=deals"
"41","אליכין","ELYAKHIN","ללא מועצה אזורית","https://www.nadlan.gov.il/?view=settlement&id=41&page=deals"
"682","אליקים","ELYAQIM","מגידו","https://www.nadlan.gov.il/?view=settlement&id=682&page=deals"
"204","אלישיב","ELYASHIV","עמק חפר","https://www.nadlan.gov.il/?view=settlement&id=204&page=deals"
"772","אמונים","EMUNIM","באר טוביה","https://www.nadlan.gov.il/?view=settlement&id=772&page=deals"
"687","עין איילה","EN AYYALA","חוף הכרמל","https://www.nadlan.gov.il/?view=settlement&id=687&page=deals"
"436","עין דור","EN DOR","עמק יזרעאל","https://www.nadlan.gov.il/?view=settlement&id=436&page=deals"
"2042","עין גדי","EN GEDI","תמר","https://www.nadlan.gov.il/?view=settlement&id=2042&page=deals"
"273","עין גב","EN GEV","עמק הירדן","https://www.nadlan.gov.il/?view=settlement&id=273&page=deals"
"1240","עין הבשור","EN HABESOR","אשכול","https://www.nadlan.gov.il/?view=settlement&id=1240&page=deals"
"367","עין העמק","EN HAEMEQ","מגידו","https://www.nadlan.gov.il/?view=settlement&id=367&page=deals"
"167","עין החורש","EN HAHORESH","עמק חפר","https://www.nadlan.gov.il/?view=settlement&id=167&page=deals"
"289","עין המפרץ","EN HAMIFRAZ","מטה אשר","https://www.nadlan.gov.il/?view=settlement&id=289&page=deals"
"383","עין הנציב","EN HANAZIV","עמק המעיינות","https://www.nadlan.gov.il/?view=settlement&id=383&page=deals"
"89","עין חרוד (איחוד)","EN HAROD (IHUD)","הגלבוע","https://www.nadlan.gov.il/?view=settlement&id=89&page=deals"
"82","עין חרוד (מאוחד)","EN HAROD(ME'UHAD)","הגלבוע","https://www.nadlan.gov.il/?view=settlement&id=82&page=deals"
"676","עין השלושה","EN HASHELOSHA","אשכול","https://www.nadlan.gov.il/?view=settlement&id=676&page=deals"
"270","עין השופט","EN HASHOFET","מגידו","https://www.nadlan.gov.il/?view=settlement&id=270&page=deals"
"1053","עין חצבה","EN HAZEVA","תמר","https://www.nadlan.gov.il/?view=settlement&id=1053&page=deals"
"74","עין הוד","EN HOD","חוף הכרמל","https://www.nadlan.gov.il/?view=settlement&id=74&page=deals"
"223","עין עירון","EN IRON","מנשה","https://www.nadlan.gov.il/?view=settlement&id=223&page=deals"
"1056","עין כרם-ביס חקלאי","EN KAREM-B.S.HAQLA'I","מטה יהודה","https://www.nadlan.gov.il/?view=settlement&id=1056&page=deals"
"426","עין כרמל","EN KARMEL","חוף הכרמל","https://www.nadlan.gov.il/?view=settlement&id=426&page=deals"
"880","עין שריד","EN SARID","לב השרון","https://www.nadlan.gov.il/?view=settlement&id=880&page=deals"
"139","עין שמר","EN SHEMER","מנשה","https://www.nadlan.gov.il/?view=settlement&id=139&page=deals"
"1251","עין תמר","EN TAMAR","תמר","https://www.nadlan.gov.il/?view=settlement&id=1251&page=deals"
"157","עין ורד","EN WERED","לב השרון","https://www.nadlan.gov.il/?view=settlement&id=157&page=deals"
"813","עין יעקב","EN YA'AQOV","מעלה יוסף","https://www.nadlan.gov.il/?view=settlement&id=813&page=deals"
"806","עין יהב","EN YAHAV","הערבה התיכונה","https://www.nadlan.gov.il/?view=settlement&id=806&page=deals"
"4503","עין זיוון","EN ZIWAN","גולן","https://www.nadlan.gov.il/?view=settlement&id=4503&page=deals"
"622","עין צורים","EN ZURIM","שפיר","https://www.nadlan.gov.il/?view=settlement&id=622&page=deals"
"871","עינת","ENAT","דרום השרון","https://www.nadlan.gov.il/?view=settlement&id=871&page=deals"
"3712","ענב","ENAV","שומרון","https://www.nadlan.gov.il/?view=settlement&id=3712&page=deals"
"714","ארז","EREZ","שער הנגב","https://www.nadlan.gov.il/?view=settlement&id=714&page=deals"
"71","אשבול","ESHBOL","מרחבים","https://www.nadlan.gov.il/?view=settlement&id=71&page=deals"
"2021","אשל הנשיא","ESHEL HANASI","מרחבים","https://www.nadlan.gov.il/?view=settlement&id=2021&page=deals"
"1188","אשחר","ESHHAR","משגב","https://www.nadlan.gov.il/?view=settlement&id=1188&page=deals"
"3722","אשכולות","ESHKOLOT","הר חברון","https://www.nadlan.gov.il/?view=settlement&id=3722&page=deals"
"740","אשתאול","ESHTA'OL","מטה יהודה","https://www.nadlan.gov.il/?view=settlement&id=740&page=deals"
"37","איתן","ETAN","שפיר","https://www.nadlan.gov.il/?view=settlement&id=37&page=deals"
"886","איתנים","ETANIM","מטה יהודה","https://www.nadlan.gov.il/?view=settlement&id=886&page=deals"
"1298","אתגר","ETGAR","משגב","https://www.nadlan.gov.il/?view=settlement&id=1298&page=deals"
"1081","אבן מנחם","EVEN MENAHEM","מעלה יוסף","https://www.nadlan.gov.il/?view=settlement&id=1081&page=deals"
"783","אבן ספיר","EVEN SAPPIR","מטה יהודה","https://www.nadlan.gov.il/?view=settlement&id=783&page=deals"
"400","אבן שמואל","EVEN SHEMU'EL","שפיר","https://www.nadlan.gov.il/?view=settlement&id=400&page=deals"
"182","אבן יהודה","EVEN YEHUDA","ללא מועצה אזורית","https://www.nadlan.gov.il/?view=settlement&id=182&page=deals"
"369","גלעד (אבן יצחק)","EVEN YIZHAQ(GAL'ED)","מגידו","https://www.nadlan.gov.il/?view=settlement&id=369&page=deals"
"376","עברון","EVRON","מטה אשר","https://www.nadlan.gov.il/?view=settlement&id=376&page=deals"
"716","אייל","EYAL","דרום השרון","https://www.nadlan.gov.il/?view=settlement&id=716&page=deals"
"1149","עזר","EZER","באר טוביה","https://www.nadlan.gov.il/?view=settlement&id=1149&page=deals"
"328","עזוז","EZUZ","רמת נגב","https://www.nadlan.gov.il/?view=settlement&id=328&page=deals"
"535","פסוטה","FASSUTA","ללא מועצה אזורית","https://www.nadlan.gov.il/?view=settlement&id=535&page=deals"
"537","פוריידיס","FUREIDIS","ללא מועצה אזורית","https://www.nadlan.gov.il/?view=settlement&id=537&page=deals"
"842","געש","GA'ASH","חוף השרון","https://www.nadlan.gov.il/?view=settlement&id=842&page=deals"
"463","געתון","GA'TON","מטה אשר","https://www.nadlan.gov.il/?view=settlement&id=463&page=deals"
"145","גדיש","GADISH","הגלבוע","https://www.nadlan.gov.il/?view=settlement&id=145&page=deals"
"35","גדות","GADOT","הגליל העליון","https://www.nadlan.gov.il/?view=settlement&id=35&page=deals"
"393","גלאון","GAL'ON","יואב","https://www.nadlan.gov.il/?view=settlement&id=393&page=deals"
"1072","גן הדרום","GAN HADAROM","גדרות","https://www.nadlan.gov.il/?view=settlement&id=1072&page=deals"
"225","גן השומרון","GAN HASHOMERON","מנשה","https://www.nadlan.gov.il/?view=settlement&id=225&page=deals"
"239","גן חיים","GAN HAYYIM","דרום השרון","https://www.nadlan.gov.il/?view=settlement&id=239&page=deals"
"1274","גן נר","GAN NER","הגלבוע","https://www.nadlan.gov.il/?view=settlement&id=1274&page=deals"
"144","גן שלמה","GAN SHELOMO","ברנר","https://www.nadlan.gov.il/?view=settlement&id=144&page=deals"
"72","גן שמואל","GAN SHEMU'EL","מנשה","https://www.nadlan.gov.il/?view=settlement&id=72&page=deals"
"311","גן שורק","GAN SOREQ","גן רווה","https://www.nadlan.gov.il/?view=settlement&id=311&page=deals"
"166","גן יבנה","GAN YAVNE","ללא מועצה אזורית","https://www.nadlan.gov.il/?view=settlement&id=166&page=deals"
"734","גן יאשיה","GAN YOSHIYYA","עמק חפר","https://www.nadlan.gov.il/?view=settlement&id=734&page=deals"
"218","גני עם","GANNE AM","דרום השרון","https://www.nadlan.gov.il/?view=settlement&id=218&page=deals"
"1103","גני הדר","GANNE HADAR","גזר","https://www.nadlan.gov.il/?view=settlement&id=1103&page=deals"
"3823","גני מודיעין","GANNE MODIIN","מטה בנימין","https://www.nadlan.gov.il/?view=settlement&id=3823&page=deals"
"1371","גני טל","GANNE TAL","נחל שורק","https://www.nadlan.gov.il/?view=settlement&id=1371&page=deals"
"229","גני תקווה","GANNE TIQWA","ללא מועצה אזורית","https://www.nadlan.gov.il/?view=settlement&id=229&page=deals"
"862","גני יוחנן","GANNE YOHANAN","גזר","https://www.nadlan.gov.il/?view=settlement&id=862&page=deals"
"836","גנות","GANNOT","שדות דן","https://www.nadlan.gov.il/?view=settlement&id=836&page=deals"
"549","גנות הדר","GANNOT HADAR","לב השרון","https://www.nadlan.gov.il/?view=settlement&id=549&page=deals"
"128","גת רימון","GAT RIMMON","דרום השרון","https://www.nadlan.gov.il/?view=settlement&id=128&page=deals"
"340","גת (קיבוץ)","GAT(QIBBUZ)","יואב","https://www.nadlan.gov.il/?view=settlement&id=340&page=deals"
"457","גזית","GAZIT","עמק יזרעאל","https://www.nadlan.gov.il/?view=settlement&id=457&page=deals"
"706","גיאה","GE'A","חוף אשקלון","https://www.nadlan.gov.il/?view=settlement&id=706&page=deals"
"853","גאליה","GE'ALYA","גן רווה","https://www.nadlan.gov.il/?view=settlement&id=853&page=deals"
"872","גאולי תימן","GE'ULE TEMAN","עמק חפר","https://www.nadlan.gov.il/?view=settlement&id=872&page=deals"
"379","גאולים","GE'ULIM","לב השרון","https://www.nadlan.gov.il/?view=settlement&id=379&page=deals"
"2550","גדרה","GEDERA","ללא מועצה אזורית","https://www.nadlan.gov.il/?view=settlement&id=2550&page=deals"
"39","גפן","GEFEN","מטה יהודה","https://www.nadlan.gov.il/?view=settlement&id=39&page=deals"
"346","גליל ים","GELIL YAM","חוף השרון","https://www.nadlan.gov.il/?view=settlement&id=346&page=deals"
"1129","גרופית","GEROFIT","חבל אילות","https://www.nadlan.gov.il/?view=settlement&id=1129&page=deals"
"305","גשר","GESHER","עמק המעיינות","https://www.nadlan.gov.il/?view=settlement&id=305&page=deals"
"574","גשר הזיו","GESHER HAZIW","מטה אשר","https://www.nadlan.gov.il/?view=settlement&id=574&page=deals"
"4022","גשור","GESHUR","גולן","https://www.nadlan.gov.il/?view=settlement&id=4022&page=deals"
"86","גבע","GEVA","הגלבוע","https://www.nadlan.gov.il/?view=settlement&id=86&page=deals"
"683","גבע כרמל","GEVA KARMEL","חוף הכרמל","https://www.nadlan.gov.il/?view=settlement&id=683&page=deals"
"3763","גבע בנימין","GEVA BINYAMIN","מטה בנימין","https://www.nadlan.gov.il/?view=settlement&id=3763&page=deals"
"1344","גבעות בר","GEVA'OT BAR","בני שמעון","https://www.nadlan.gov.il/?view=settlement&id=1344&page=deals"
"342","גברעם","GEVAR'AM","חוף אשקלון","https://www.nadlan.gov.il/?view=settlement&id=342&page=deals"
"133","גבת","GEVAT","עמק יזרעאל","https://www.nadlan.gov.il/?view=settlement&id=133&page=deals"
"424","גבים","GEVIM","שער הנגב","https://www.nadlan.gov.il/?view=settlement&id=424&page=deals"
"352","גבולות","GEVULOT","אשכול","https://www.nadlan.gov.il/?view=settlement&id=352&page=deals"
"370","גזר","GEZER","גזר","https://www.nadlan.gov.il/?view=settlement&id=370&page=deals"
"4501","ע'ג'ר","GHAJAR","ללא מועצה אזורית","https://www.nadlan.gov.il/?view=settlement&id=4501&page=deals"
"196","גיבתון","GIBBETON","ברנר","https://www.nadlan.gov.il/?view=settlement&id=196&page=deals"
"442","גדעונה","GID'ONA","הגלבוע","https://www.nadlan.gov.il/?view=settlement&id=442&page=deals"
"736","גילת","GILAT","מרחבים","https://www.nadlan.gov.il/?view=settlement&id=736&page=deals"
"3606","גלגל","GILGAL","ערבות הירדן","https://www.nadlan.gov.il/?view=settlement&id=3606&page=deals"
"1204","גילון","GILON","משגב","https://www.nadlan.gov.il/?view=settlement&id=1204&page=deals"
"745","גמזו","GIMZO","חבל מודיעין","https://www.nadlan.gov.il/?view=settlement&id=745&page=deals"
"863","גינתון","GINNATON","חבל מודיעין","https://www.nadlan.gov.il/?view=settlement&id=863&page=deals"
"92","גיניגר","GINNEGAR","עמק יזרעאל","https://www.nadlan.gov.il/?view=settlement&id=92&page=deals"
"262","גינוסר","GINNOSAR","עמק הירדן","https://www.nadlan.gov.il/?view=settlement&id=262&page=deals"
"1206","גיתה","GITTA","מעלה יוסף","https://www.nadlan.gov.il/?view=settlement&id=1206&page=deals"
"3613","גיתית","GITTIT","ערבות הירדן","https://www.nadlan.gov.il/?view=settlement&id=3613&page=deals"
"1293","גבעת אבני","GIV'AT AVNI","הגליל התחתון","https://www.nadlan.gov.il/?view=settlement&id=1293&page=deals"
"147","גבעת ברנר","GIV'AT BRENNER","ברנר","https://www.nadlan.gov.il/?view=settlement&id=147&page=deals"
"1288","גבעת אלה","GIV'AT ELA","עמק יזרעאל","https://www.nadlan.gov.il/?view=settlement&id=1288&page=deals"
"870","גבעת השלושה","GIV'AT HASHELOSHA","דרום השרון","https://www.nadlan.gov.il/?view=settlement&id=870&page=deals"
"2018","גבעת חיים (איחוד)","GIV'AT HAYYIM (IHUD)","עמק חפר","https://www.nadlan.gov.il/?view=settlement&id=2018&page=deals"
"173","גבעת חיים (מאוחד)","GIV'AT HAYYIM(ME'UHA","עמק חפר","https://www.nadlan.gov.il/?view=settlement&id=173&page=deals"
"207","גבעת חן","GIV'AT HEN","דרום השרון","https://www.nadlan.gov.il/?view=settlement&id=207&page=deals"
"802","גבעת כח","GIV'AT KOAH","חבל מודיעין","https://www.nadlan.gov.il/?view=settlement&id=802&page=deals"
"360","גבעת נילי","GIV'AT NILI","אלונה","https://www.nadlan.gov.il/?view=settlement&id=360&page=deals"
"703","גבעת עוז","GIV'AT OZ","מגידו","https://www.nadlan.gov.il/?view=settlement&id=703&page=deals"
"1077","גבעת שפירא","GIV'AT SHAPPIRA","עמק חפר","https://www.nadlan.gov.il/?view=settlement&id=1077&page=deals"
"566","גבעת שמש","GIV'AT SHEMESH","מטה יהודה","https://www.nadlan.gov.il/?view=settlement&id=566&page=deals"
"681","גבעת שמואל","GIV'AT SHEMU'EL","ללא מועצה אזורית","https://www.nadlan.gov.il/?view=settlement&id=681&page=deals"
"787","גבעת יערים","GIV'AT YE'ARIM","מטה יהודה","https://www.nadlan.gov.il/?view=settlement&id=787&page=deals"
"919","גבעת ישעיהו","GIV'AT YESHA'YAHU","מטה יהודה","https://www.nadlan.gov.il/?view=settlement&id=919&page=deals"
"4021","גבעת יואב","GIV'AT YO'AV","גולן","https://www.nadlan.gov.il/?view=settlement&id=4021&page=deals"
"3730","גבעת זאב","GIV'AT ZE'EV","ללא מועצה אזורית","https://www.nadlan.gov.il/?view=settlement&id=3730&page=deals"
"6300","גבעתיים","GIV'ATAYIM","ללא מועצה אזורית","https://www.nadlan.gov.il/?view=settlement&id=6300&page=deals"
"793","גבעתי","GIV'ATI","באר טוביה","https://www.nadlan.gov.il/?view=settlement&id=793&page=deals"
"2014","גבעולים","GIV'OLIM","שדות נגב","https://www.nadlan.gov.il/?view=settlement&id=2014&page=deals"
"3644","גבעון החדשה","GIV'ON HAHADASHA","מטה בנימין","https://www.nadlan.gov.il/?view=settlement&id=3644&page=deals"
"1362","גבעות עדן","GIV'OT EDEN","מטה יהודה","https://www.nadlan.gov.il/?view=settlement&id=1362&page=deals"
"3862","גבעות הרואה","GIV'OT HARO'E","מטה בנימין","https://www.nadlan.gov.il/?view=settlement&id=3862&page=deals"
"1043","גיזו","GIZO","מטה יהודה","https://www.nadlan.gov.il/?view=settlement&id=1043&page=deals"
"852","גונן","GONEN","הגליל העליון","https://www.nadlan.gov.il/?view=settlement&id=852&page=deals"
"755","גורן","GOREN","מעלה יוסף","https://www.nadlan.gov.il/?view=settlement&id=755&page=deals"
"1219","גורנות הגליל","GORNOT HAGALIL","מעלה יוסף","https://www.nadlan.gov.il/?view=settlement&id=1219&page=deals"
"675","הבונים","HABONIM","חוף הכרמל","https://www.nadlan.gov.il/?view=settlement&id=675&page=deals"
"4026","חד-נס","HAD-NES","גולן","https://www.nadlan.gov.il/?view=settlement&id=4026&page=deals"
"191","הדר עם","HADAR AM","עמק חפר","https://www.nadlan.gov.il/?view=settlement&id=191&page=deals"
"6500","חדרה","HADERA","ללא מועצה אזורית","https://www.nadlan.gov.il/?view=settlement&id=6500&page=deals"
"618","חדיד","HADID","חבל מודיעין","https://www.nadlan.gov.il/?view=settlement&id=618&page=deals"
"363","חפץ חיים","HAFEZ HAYYIM","נחל שורק","https://www.nadlan.gov.il/?view=settlement&id=363&page=deals"
"3764","חגי","HAGGAI","הר חברון","https://www.nadlan.gov.il/?view=settlement&id=3764&page=deals"
"717","חגור","HAGOR","דרום השרון","https://www.nadlan.gov.il/?view=settlement&id=717&page=deals"
"356","הגושרים","HAGOSHERIM","הגליל העליון","https://www.nadlan.gov.il/?view=settlement&id=356&page=deals"
"434","החותרים","HAHOTERIM","חוף הכרמל","https://www.nadlan.gov.il/?view=settlement&id=434&page=deals"
"4000","חיפה","HAIFA","ללא מועצה אזורית","https://www.nadlan.gov.il/?view=settlement&id=4000&page=deals"
"1272","חלוץ","HALUZ","משגב","https://www.nadlan.gov.il/?view=settlement&id=1272&page=deals"
"377","המעפיל","HAMA'PIL","עמק חפר","https://www.nadlan.gov.il/?view=settlement&id=377&page=deals"
"343","חמדיה","HAMADYA","עמק המעיינות","https://www.nadlan.gov.il/?view=settlement&id=343&page=deals"
"993","חמאם","HAMAM","אל-בטוף","https://www.nadlan.gov.il/?view=settlement&id=993&page=deals"
"3609","חמרה","HAMRA","ערבות הירדן","https://www.nadlan.gov.il/?view=settlement&id=3609&page=deals"
"280","חניתה","HANITA","מטה אשר","https://www.nadlan.gov.il/?view=settlement&id=280&page=deals"
"1257","חנתון","HANNATON","עמק יזרעאל","https://www.nadlan.gov.il/?view=settlement&id=1257&page=deals"
"807","חניאל","HANNI'EL","עמק חפר","https://www.nadlan.gov.il/?view=settlement&id=807&page=deals"
"423","העוגן","HAOGEN","עמק חפר","https://www.nadlan.gov.il/?view=settlement&id=423&page=deals"
"702","האון","HAON","עמק הירדן","https://www.nadlan.gov.il/?view=settlement&id=702&page=deals"
"3769","הר אדר","HAR ADAR","ללא מועצה אזורית","https://www.nadlan.gov.il/?view=settlement&id=3769&page=deals"
"1261","הר עמשא","HAR AMASA","תמר","https://www.nadlan.gov.il/?view=settlement&id=1261&page=deals"
"3603","הר גילה","HAR GILLO","גוש עציון","https://www.nadlan.gov.il/?view=settlement&id=3603&page=deals"
"464","הראל","HAR'EL","מטה יהודה","https://www.nadlan.gov.il/?view=settlement&id=464&page=deals"
"1203","הררית","HARARIT","משגב","https://www.nadlan.gov.il/?view=settlement&id=1203&page=deals"
"1209","חרשים","HARASHIM","משגב","https://www.nadlan.gov.il/?view=settlement&id=1209&page=deals"
"1249","הרדוף","HARDUF","עמק יזרעאל","https://www.nadlan.gov.il/?view=settlement&id=1249&page=deals"
"1247","חריש","HARISH","ללא מועצה אזורית","https://www.nadlan.gov.il/?view=settlement&id=1247&page=deals"
"1024","חרוצים","HARUZIM","חוף השרון","https://www.nadlan.gov.il/?view=settlement&id=1024&page=deals"
"3770","חשמונאים","HASHMONA'IM","מטה בנימין","https://www.nadlan.gov.il/?view=settlement&id=3770&page=deals"
"677","הסוללים","HASOLELIM","עמק יזרעאל","https://www.nadlan.gov.il/?view=settlement&id=677&page=deals"
"4005","חספין","HASPIN","גולן","https://www.nadlan.gov.il/?view=settlement&id=4005&page=deals"
"235","חבצלת השרון","HAVAZZELET HASHARON","עמק חפר","https://www.nadlan.gov.il/?view=settlement&id=235&page=deals"
"1169","הוואשלה (שבט)","HAWASHLA","ללא מועצה אזורית","https://www.nadlan.gov.il/?view=settlement&id=1169&page=deals"
"684","היוגב","HAYOGEV","עמק יזרעאל","https://www.nadlan.gov.il/?view=settlement&id=684&page=deals"
"700","חצב","HAZAV","באר טוביה","https://www.nadlan.gov.il/?view=settlement&id=700&page=deals"
"397","חצרים","HAZERIM","בני שמעון","https://www.nadlan.gov.il/?view=settlement&id=397&page=deals"
"13","חצבה","HAZEVA","הערבה התיכונה","https://www.nadlan.gov.il/?view=settlement&id=13&page=deals"
"1047","חזון","HAZON","מרום הגליל","https://www.nadlan.gov.il/?view=settlement&id=1047&page=deals"
"2034","חצור הגלילית","HAZOR HAGELILIT","ללא מועצה אזורית","https://www.nadlan.gov.il/?view=settlement&id=2034&page=deals"
"406","חצור-אשדוד","HAZOR-ASHDOD","באר טוביה","https://www.nadlan.gov.il/?view=settlement&id=406&page=deals"
"307","הזורעים","HAZORE'IM","הגליל התחתון","https://www.nadlan.gov.il/?view=settlement&id=307&page=deals"
"250","הזורע","HAZOREA","מגידו","https://www.nadlan.gov.il/?view=settlement&id=250&page=deals"
"90","חפצי-בה","HEFZI-BAH","הגלבוע","https://www.nadlan.gov.il/?view=settlement&id=90&page=deals"
"820","חלץ","HELEZ","חוף אשקלון","https://www.nadlan.gov.il/?view=settlement&id=820&page=deals"
"801","חמד","HEMED","שדות דן","https://www.nadlan.gov.il/?view=settlement&id=801&page=deals"
"422","חרב לאת","HEREV LE'ET","עמק חפר","https://www.nadlan.gov.il/?view=settlement&id=422&page=deals"
"3717","חרמש","HERMESH","שומרון","https://www.nadlan.gov.il/?view=settlement&id=3717&page=deals"
"162","חירות","HERUT","לב השרון","https://www.nadlan.gov.il/?view=settlement&id=162&page=deals"
"6400","הרצליה","HERZELIYYA","ללא מועצה אזורית","https://www.nadlan.gov.il/?view=settlement&id=6400&page=deals"
"1110","חבר","HEVER","הגלבוע","https://www.nadlan.gov.il/?view=settlement&id=1110&page=deals"
"219","חיבת ציון","HIBBAT ZIYYON","עמק חפר","https://www.nadlan.gov.il/?view=settlement&id=219&page=deals"
"1208","הילה","HILLA","מעלה יוסף","https://www.nadlan.gov.il/?view=settlement&id=1208&page=deals"
"3643","חיננית","HINNANIT","שומרון","https://www.nadlan.gov.il/?view=settlement&id=3643&page=deals"
"9700","הוד השרון","HOD HASHARON","ללא מועצה אזורית","https://www.nadlan.gov.il/?view=settlement&id=9700&page=deals"
"1322","הודיות","HODAYOT","הגליל התחתון","https://www.nadlan.gov.il/?view=settlement&id=1322&page=deals"
"726","הודיה","HODIYYA","חוף אשקלון","https://www.nadlan.gov.il/?view=settlement&id=726&page=deals"
"115","חופית","HOFIT","עמק חפר","https://www.nadlan.gov.il/?view=settlement&id=115&page=deals"
"205","חגלה","HOGLA","עמק חפר","https://www.nadlan.gov.il/?view=settlement&id=205&page=deals"
"1239","חולית","HOLIT","אשכול","https://www.nadlan.gov.il/?view=settlement&id=1239&page=deals"
"6600","חולון","HOLON","ללא מועצה אזורית","https://www.nadlan.gov.il/?view=settlement&id=6600&page=deals"
"355","חורשים","HORESHIM","דרום השרון","https://www.nadlan.gov.il/?view=settlement&id=355&page=deals"
"662","חוסן","HOSEN","מעלה יוסף","https://www.nadlan.gov.il/?view=settlement&id=662&page=deals"
"1186","הושעיה","HOSHA'AYA","עמק יזרעאל","https://www.nadlan.gov.il/?view=settlement&id=1186&page=deals"
"948","חוג'ייראת (ד'הרה)","HUJEIRAT (DAHRA)","משגב","https://www.nadlan.gov.il/?view=settlement&id=948&page=deals"
"253","חולתה","HULATA","הגליל העליון","https://www.nadlan.gov.il/?view=settlement&id=253&page=deals"
"160","חולדה","HULDA","גזר","https://www.nadlan.gov.il/?view=settlement&id=160&page=deals"
"374","חוקוק","HUQOQ","עמק הירדן","https://www.nadlan.gov.il/?view=settlement&id=374&page=deals"
"1303","חורה","HURA","ללא מועצה אזורית","https://www.nadlan.gov.il/?view=settlement&id=1303&page=deals"
"496","חורפיש","HURFEISH","ללא מועצה אזורית","https://www.nadlan.gov.il/?view=settlement&id=496&page=deals"
"1332","חוסנייה","HUSSNIYYA","משגב","https://www.nadlan.gov.il/?view=settlement&id=1332&page=deals"
"956","הוזייל (שבט)","HUZAYYEL","ללא מועצה אזורית","https://www.nadlan.gov.il/?view=settlement&id=956&page=deals"
"529","אעבלין","I'BILLIN","ללא מועצה אזורית","https://www.nadlan.gov.il/?view=settlement&id=529&page=deals"
"338","איבים","IBBIM","שער הנגב","https://www.nadlan.gov.il/?view=settlement&id=338&page=deals"
"652","אבטין","IBTIN","זבולון","https://www.nadlan.gov.il/?view=settlement&id=652&page=deals"
"1175","עידן","IDDAN","הערבה התיכונה","https://www.nadlan.gov.il/?view=settlement&id=1175&page=deals"
"478","אכסאל","IKSAL","ללא מועצה אזורית","https://www.nadlan.gov.il/?view=settlement&id=478&page=deals"
"49","אילניה","ILANIYYA","הגליל התחתון","https://www.nadlan.gov.il/?view=settlement&id=49&page=deals"
"511","עילוט","ILUT","ללא מועצה אזורית","https://www.nadlan.gov.il/?view=settlement&id=511&page=deals"
"3660","עמנואל","IMMANU'EL","ללא מועצה אזורית","https://www.nadlan.gov.il/?view=settlement&id=3660&page=deals"
"1187","עיר אובות","IR OVOT","הערבה התיכונה","https://www.nadlan.gov.il/?view=settlement&id=1187&page=deals"
"1336","אירוס","IRUS","גן רווה","https://www.nadlan.gov.il/?view=settlement&id=1336&page=deals"
"534","עספיא","ISIFYA","ללא מועצה אזורית","https://www.nadlan.gov.il/?view=settlement&id=534&page=deals"
"3762","איתמר","ITAMAR","שומרון","https://www.nadlan.gov.il/?view=settlement&id=3762&page=deals"
"628","ג'ת","JAAT","ללא מועצה אזורית","https://www.nadlan.gov.il/?view=settlement&id=628&page=deals"
"627","ג'לג'וליה","JALJULYE","ללא מועצה אזורית","https://www.nadlan.gov.il/?view=settlement&id=627&page=deals"
"3000","ירושלים","JERUSALEM","ללא מועצה אזורית","https://www.nadlan.gov.il/?view=settlement&id=3000&page=deals"
"487","ג'ש (גוש חלב)","JISH(GUSH HALAV)","ללא מועצה אזורית","https://www.nadlan.gov.il/?view=settlement&id=487&page=deals"
"541","ג'סר א-זרקא","JISR AZ-ZARQA","ללא מועצה אזורית","https://www.nadlan.gov.il/?view=settlement&id=541&page=deals"
"1292","ג'דיידה-מכר","JUDEIDE-MAKER","ללא מועצה אזורית","https://www.nadlan.gov.il/?view=settlement&id=1292&page=deals"
"485","ג'ולס","JULIS","ללא מועצה אזורית","https://www.nadlan.gov.il/?view=settlement&id=485&page=deals"
"976","ג'נאביב (שבט)","JUNNABIB","ללא מועצה אזורית","https://www.nadlan.gov.il/?view=settlement&id=976&page=deals"
"978","כעביה-טבאש-חג'אג'רה","KA'ABIYYE-TABBASH-HA","ללא מועצה אזורית","https://www.nadlan.gov.il/?view=settlement&id=978&page=deals"
"576","כברי","KABRI","מטה אשר","https://www.nadlan.gov.il/?view=settlement&id=576&page=deals"
"504","כאבול","KABUL","ללא מועצה אזורית","https://www.nadlan.gov.il/?view=settlement&id=504&page=deals"
"1338","כדיתה","KADDITA","מרום הגליל","https://www.nadlan.gov.il/?view=settlement&id=1338&page=deals"
"371","כדורי","KADOORIE","הגליל התחתון","https://www.nadlan.gov.il/?view=settlement&id=371&page=deals"
"633","כפר ברא","KAFAR BARA","ללא מועצה אזורית","https://www.nadlan.gov.il/?view=settlement&id=633&page=deals"
"508","כפר כמא","KAFAR KAMA","ללא מועצה אזורית","https://www.nadlan.gov.il/?view=settlement&id=508&page=deals"
"509","כפר כנא","KAFAR KANNA","ללא מועצה אזורית","https://www.nadlan.gov.il/?view=settlement&id=509&page=deals"
"510","כפר מנדא","KAFAR MANDA","ללא מועצה אזורית","https://www.nadlan.gov.il/?view=settlement&id=510&page=deals"
"512","כפר מצר","KAFAR MISR","בוסתאן אל-מרג'","https://www.nadlan.gov.il/?view=settlement&id=512&page=deals"
"654","כפר קרע","KAFAR QARA","ללא מועצה אזורית","https://www.nadlan.gov.il/?view=settlement&id=654&page=deals"
"634","כפר קאסם","KAFAR QASEM","ללא מועצה אזורית","https://www.nadlan.gov.il/?view=settlement&id=634&page=deals"
"507","כפר יאסיף","KAFAR YASIF","ללא מועצה אזורית","https://www.nadlan.gov.il/?view=settlement&id=507&page=deals"
"1210","כחל","KAHAL","מבואות החרמון","https://www.nadlan.gov.il/?view=settlement&id=1210&page=deals"
"1229","כלנית","KALLANIT","מרום הגליל","https://www.nadlan.gov.il/?view=settlement&id=1229&page=deals"
"1201","כמון","KAMMON","משגב","https://www.nadlan.gov.il/?view=settlement&id=1201&page=deals"
"4028","כנף","KANAF","גולן","https://www.nadlan.gov.il/?view=settlement&id=4028&page=deals"
"2006","כנות","KANNOT","באר טוביה","https://www.nadlan.gov.il/?view=settlement&id=2006&page=deals"
"505","כאוכב אבו אל-היג'א","KAOKAB ABU AL-HIJA","ללא מועצה אזורית","https://www.nadlan.gov.il/?view=settlement&id=505&page=deals"
"38","כרי דשא","KARE DESHE","עמק הירדן","https://www.nadlan.gov.il/?view=settlement&id=38&page=deals"
"1285","כרכום","KARKOM","מבואות החרמון","https://www.nadlan.gov.il/?view=settlement&id=1285&page=deals"
"1374","כרמי קטיף","KARME QATIF","לכיש","https://www.nadlan.gov.il/?view=settlement&id=1374&page=deals"
"1264","כרמי יוסף","KARME YOSEF","גזר","https://www.nadlan.gov.il/?view=settlement&id=1264&page=deals"
"3766","כרמי צור","KARME ZUR","גוש עציון","https://www.nadlan.gov.il/?view=settlement&id=3766&page=deals"
"3656","כרמל","KARMEL","הר חברון","https://www.nadlan.gov.il/?view=settlement&id=3656&page=deals"
"1139","כרמיאל","KARMI'EL","ללא מועצה אזורית","https://www.nadlan.gov.il/?view=settlement&id=1139&page=deals"
"768","כרמיה","KARMIYYA","חוף אשקלון","https://www.nadlan.gov.il/?view=settlement&id=768&page=deals"
"3638","כפר אדומים","KEFAR ADUMMIM","מטה בנימין","https://www.nadlan.gov.il/?view=settlement&id=3638&page=deals"
"690","כפר אחים","KEFAR AHIM","באר טוביה","https://www.nadlan.gov.il/?view=settlement&id=690&page=deals"
"857","כפר אביב","KEFAR AVIV","גדרות","https://www.nadlan.gov.il/?view=settlement&id=857&page=deals"
"875","כפר עבודה","KEFAR AVODA","לב השרון","https://www.nadlan.gov.il/?view=settlement&id=875&page=deals"
"845","כפר עזה","KEFAR AZZA","שער הנגב","https://www.nadlan.gov.il/?view=settlement&id=845&page=deals"
"132","כפר ברוך","KEFAR BARUKH","עמק יזרעאל","https://www.nadlan.gov.il/?view=settlement&id=132&page=deals"
"220","כפר ביאליק","KEFAR BIALIK","זבולון","https://www.nadlan.gov.il/?view=settlement&id=220&page=deals"
"177","כפר בילו","KEFAR BILU","גזר","https://www.nadlan.gov.il/?view=settlement&id=177&page=deals"
"2010","כפר בן נון","KEFAR BIN NUN","גזר","https://www.nadlan.gov.il/?view=settlement&id=2010&page=deals"
"357","כפר בלום","KEFAR BLUM","הגליל העליון","https://www.nadlan.gov.il/?view=settlement&id=357&page=deals"
"707","כפר דניאל","KEFAR DANIYYEL","חבל מודיעין","https://www.nadlan.gov.il/?view=settlement&id=707&page=deals"
"3488","כפר עציון","KEFAR EZYON","גוש עציון","https://www.nadlan.gov.il/?view=settlement&id=3488&page=deals"
"427","כפר גלים","KEFAR GALLIM","חוף הכרמל","https://www.nadlan.gov.il/?view=settlement&id=427&page=deals"
"106","כפר גדעון","KEFAR GID'ON","עמק יזרעאל","https://www.nadlan.gov.il/?view=settlement&id=106&page=deals"
"76","כפר גלעדי","KEFAR GIL'ADI","הגליל העליון","https://www.nadlan.gov.il/?view=settlement&id=76&page=deals"
"310","כפר גליקסון","KEFAR GLIKSON","מנשה","https://www.nadlan.gov.il/?view=settlement&id=310&page=deals"
"696","כפר חבד","KEFAR HABAD","שדות דן","https://www.nadlan.gov.il/?view=settlement&id=696&page=deals"
"192","כפר החורש","KEFAR HAHORESH","עמק יזרעאל","https://www.nadlan.gov.il/?view=settlement&id=192&page=deals"
"254","כפר המכבי","KEFAR HAMAKKABI","זבולון","https://www.nadlan.gov.il/?view=settlement&id=254&page=deals"
"582","כפר הנגיד","KEFAR HANAGID","גן רווה","https://www.nadlan.gov.il/?view=settlement&id=582&page=deals"
"1297","כפר חנניה","KEFAR HANANYA","מרום הגליל","https://www.nadlan.gov.il/?view=settlement&id=1297&page=deals"
"443","כפר הנשיא","KEFAR HANASI","הגליל העליון","https://www.nadlan.gov.il/?view=settlement&id=443&page=deals"
"890","כפר הנוער הדתי","KEFAR HANO'AR HADATI","זבולון","https://www.nadlan.gov.il/?view=settlement&id=890&page=deals"
"3796","כפר האורנים","KEFAR HAORANIM","מטה בנימין","https://www.nadlan.gov.il/?view=settlement&id=3796&page=deals"
"888","כפר הריף","KEFAR HARIF","יואב","https://www.nadlan.gov.il/?view=settlement&id=888&page=deals"
"217","כפר הראה","KEFAR HARO'E","עמק חפר","https://www.nadlan.gov.il/?view=settlement&id=217&page=deals"
"4004","כפר חרוב","KEFAR HARUV","גולן","https://www.nadlan.gov.il/?view=settlement&id=4004&page=deals"
"112","כפר חסידים א'","KEFAR HASIDIM ALEF","זבולון","https://www.nadlan.gov.il/?view=settlement&id=112&page=deals"
"889","כפר חסידים ב'","KEFAR HASIDIM BET","זבולון","https://www.nadlan.gov.il/?view=settlement&id=889&page=deals"
"193","כפר חיים","KEFAR HAYYIM","עמק חפר","https://www.nadlan.gov.il/?view=settlement&id=193&page=deals"
"187","כפר הס","KEFAR HESS","לב השרון","https://www.nadlan.gov.il/?view=settlement&id=187&page=deals"
"255","כפר חיטים","KEFAR HITTIM","הגליל התחתון","https://www.nadlan.gov.il/?view=settlement&id=255&page=deals"
"609","כפר חושן","KEFAR HOSHEN","מרום הגליל","https://www.nadlan.gov.il/?view=settlement&id=609&page=deals"
"388","כפר קיש","KEFAR KISH","הגליל התחתון","https://www.nadlan.gov.il/?view=settlement&id=388&page=deals"
"98","כפר מלל","KEFAR MALAL","דרום השרון","https://www.nadlan.gov.il/?view=settlement&id=98&page=deals"
"297","כפר מסריק","KEFAR MASARYK","מטה אשר","https://www.nadlan.gov.il/?view=settlement&id=297&page=deals"
"1095","כפר מימון","KEFAR MAYMON","שדות נגב","https://www.nadlan.gov.il/?view=settlement&id=1095&page=deals"
"274","כפר מנחם","KEFAR MENAHEM","יואב","https://www.nadlan.gov.il/?view=settlement&id=274&page=deals"
"387","כפר מונש","KEFAR MONASH","עמק חפר","https://www.nadlan.gov.il/?view=settlement&id=387&page=deals"
"764","כפר מרדכי","KEFAR MORDEKHAY","גדרות","https://www.nadlan.gov.il/?view=settlement&id=764&page=deals"
"316","כפר נטר","KEFAR NETTER","חוף השרון","https://www.nadlan.gov.il/?view=settlement&id=316&page=deals"
"189","כפר פינס","KEFAR PINES","מנשה","https://www.nadlan.gov.il/?view=settlement&id=189&page=deals"
"579","כפר ראש הנקרה","KEFAR ROSH HANIQRA","מטה אשר","https://www.nadlan.gov.il/?view=settlement&id=579&page=deals"
"1130","כפר רוזנואלד (זרעית)","KEFAR ROZENWALD(ZAR.","מעלה יוסף","https://www.nadlan.gov.il/?view=settlement&id=1130&page=deals"
"295","כפר רופין","KEFAR RUPPIN","עמק המעיינות","https://www.nadlan.gov.il/?view=settlement&id=295&page=deals"
"1166","כפר רות","KEFAR RUT","חבל מודיעין","https://www.nadlan.gov.il/?view=settlement&id=1166&page=deals"
"6900","כפר סבא","KEFAR SAVA","ללא מועצה אזורית","https://www.nadlan.gov.il/?view=settlement&id=6900&page=deals"
"605","כפר שמאי","KEFAR SHAMMAY","מרום הגליל","https://www.nadlan.gov.il/?view=settlement&id=605&page=deals"
"267","כפר שמריהו","KEFAR SHEMARYAHU","ללא מועצה אזורית","https://www.nadlan.gov.il/?view=settlement&id=267&page=deals"
"743","כפר שמואל","KEFAR SHEMU'EL","גזר","https://www.nadlan.gov.il/?view=settlement&id=743&page=deals"
"107","כפר סילבר","KEFAR SILVER","חוף אשקלון","https://www.nadlan.gov.il/?view=settlement&id=107&page=deals"
"249","כפר סירקין","KEFAR SIRKIN","דרום השרון","https://www.nadlan.gov.il/?view=settlement&id=249&page=deals"
"345","כפר סאלד","KEFAR SZOLD","הגליל העליון","https://www.nadlan.gov.il/?view=settlement&id=345&page=deals"
"3572","כפר תפוח","KEFAR TAPPUAH","שומרון","https://www.nadlan.gov.il/?view=settlement&id=3572&page=deals"
"47","כפר תבור","KEFAR TAVOR","ללא מועצה אזורית","https://www.nadlan.gov.il/?view=settlement&id=47&page=deals"
"673","כפר טרומן","KEFAR TRUMAN","חבל מודיעין","https://www.nadlan.gov.il/?view=settlement&id=673&page=deals"
"364","כפר אוריה","KEFAR URIYYA","מטה יהודה","https://www.nadlan.gov.il/?view=settlement&id=364&page=deals"
"190","כפר ויתקין","KEFAR VITKIN","עמק חפר","https://www.nadlan.gov.il/?view=settlement&id=190&page=deals"
"320","כפר ורבורג","KEFAR WARBURG","באר טוביה","https://www.nadlan.gov.il/?view=settlement&id=320&page=deals"
"1263","כפר ורדים","KEFAR WERADIM","ללא מועצה אזורית","https://www.nadlan.gov.il/?view=settlement&id=1263&page=deals"
"170","כפר יעבץ","KEFAR YA'BEZ","לב השרון","https://www.nadlan.gov.il/?view=settlement&id=170&page=deals"
"85","כפר יחזקאל","KEFAR YEHEZQEL","הגלבוע","https://www.nadlan.gov.il/?view=settlement&id=85&page=deals"
"140","כפר יהושע","KEFAR YEHOSHUA","עמק יזרעאל","https://www.nadlan.gov.il/?view=settlement&id=140&page=deals"
"168","כפר יונה","KEFAR YONA","ללא מועצה אזורית","https://www.nadlan.gov.il/?view=settlement&id=168&page=deals"
"786","כפר זיתים","KEFAR ZETIM","הגליל התחתון","https://www.nadlan.gov.il/?view=settlement&id=786&page=deals"
"1325","כפר זוהרים","KEFAR ZOHARIM","מטה יהודה","https://www.nadlan.gov.il/?view=settlement&id=1325&page=deals"
"1183","כליל","KELIL","מטה אשר","https://www.nadlan.gov.il/?view=settlement&id=1183&page=deals"
"1291","כמהין","KEMEHIN","רמת נגב","https://www.nadlan.gov.il/?view=settlement&id=1291&page=deals"
"1198","כרמים","KERAMIM","בני שמעון","https://www.nadlan.gov.il/?view=settlement&id=1198&page=deals"
"88","כרם בן שמן","KEREM BEN SHEMEN","חבל מודיעין","https://www.nadlan.gov.il/?view=settlement&id=88&page=deals"
"664","כרם בן זמרה","KEREM BEN ZIMRA","מרום הגליל","https://www.nadlan.gov.il/?view=settlement&id=664&page=deals"
"1094","כרם ביבנה (ישיבה)","KEREM BEYAVNE","חבל יבנה","https://www.nadlan.gov.il/?view=settlement&id=1094&page=deals"
"580","כרם מהרל","KEREM MAHARAL","חוף הכרמל","https://www.nadlan.gov.il/?view=settlement&id=580&page=deals"
"1085","כרם שלום","KEREM SHALOM","אשכול","https://www.nadlan.gov.il/?view=settlement&id=1085&page=deals"
"859","כסלון","KESALON","מטה יהודה","https://www.nadlan.gov.il/?view=settlement&id=859&page=deals"
"986","ח'ואלד (שבט)","KHAWALED","זבולון","https://www.nadlan.gov.il/?view=settlement&id=986&page=deals"
"1321","ח'ואלד","KHAWALED","זבולון","https://www.nadlan.gov.il/?view=settlement&id=1321&page=deals"
"63","כנרת (מושבה)","KINNERET(MOSHAVA)","עמק הירדן","https://www.nadlan.gov.il/?view=settlement&id=63&page=deals"
"57","כנרת (קבוצה)","KINNERET(QEVUZA)","עמק הירדן","https://www.nadlan.gov.il/?view=settlement&id=57&page=deals"
"1153","כישור","KISHOR","משגב","https://www.nadlan.gov.il/?view=settlement&id=1153&page=deals"
"1296","כסרא-סמיע","KISRA-SUMEI","ללא מועצה אזורית","https://www.nadlan.gov.il/?view=settlement&id=1296&page=deals"
"840","כיסופים","KISSUFIM","אשכול","https://www.nadlan.gov.il/?view=settlement&id=840&page=deals"
"1367","כחלה","KOCHLEA","אל קסום","https://www.nadlan.gov.il/?view=settlement&id=1367&page=deals"
"3564","כוכב השחר","KOKHAV HASHAHAR","מטה בנימין","https://www.nadlan.gov.il/?view=settlement&id=3564&page=deals"
"824","כוכב מיכאל","KOKHAV MIKHA'EL","חוף אשקלון","https://www.nadlan.gov.il/?view=settlement&id=824&page=deals"
"3779","כוכב יעקב","KOKHAV YA'AQOV","מטה בנימין","https://www.nadlan.gov.il/?view=settlement&id=3779&page=deals"
"1224","כוכב יאיר","KOKHAV YA'IR","ללא מועצה אזורית","https://www.nadlan.gov.il/?view=settlement&id=1224&page=deals"
"1252","כורזים","KORAZIM","מבואות החרמון","https://www.nadlan.gov.il/?view=settlement&id=1252&page=deals"
"1059","כסיפה","KUSEIFE","ללא מועצה אזורית","https://www.nadlan.gov.il/?view=settlement&id=1059&page=deals"
"2023","להב","LAHAV","בני שמעון","https://www.nadlan.gov.il/?view=settlement&id=2023&page=deals"
"380","להבות הבשן","LAHAVOT HABASHAN","הגליל העליון","https://www.nadlan.gov.il/?view=settlement&id=380&page=deals"
"715","להבות חביבה","LAHAVOT HAVIVA","מנשה","https://www.nadlan.gov.il/?view=settlement&id=715&page=deals"
"24","לכיש","LAKHISH","לכיש","https://www.nadlan.gov.il/?view=settlement&id=24&page=deals"
"1310","לפיד","LAPPID","חבל מודיעין","https://www.nadlan.gov.il/?view=settlement&id=1310&page=deals"
"1173","לפידות","LAPPIDOT","מעלה יוסף","https://www.nadlan.gov.il/?view=settlement&id=1173&page=deals"
"1060","לקיה","LAQYE","ללא מועצה אזורית","https://www.nadlan.gov.il/?view=settlement&id=1060&page=deals"
"585","לביא","LAVI","הגליל התחתון","https://www.nadlan.gov.il/?view=settlement&id=585&page=deals"
"1207","לבון","LAVON","משגב","https://www.nadlan.gov.il/?view=settlement&id=1207&page=deals"
"1271","להבים","LEHAVIM","ללא מועצה אזורית","https://www.nadlan.gov.il/?view=settlement&id=1271&page=deals"
"1114","שריגים (לי-און)","LI-ON","מטה יהודה","https://www.nadlan.gov.il/?view=settlement&id=1114&page=deals"
"674","לימן","LIMAN","מטה אשר","https://www.nadlan.gov.il/?view=settlement&id=674&page=deals"
"1230","לבנים","LIVNIM","מרום הגליל","https://www.nadlan.gov.il/?view=settlement&id=1230&page=deals"
"7000","לוד","LOD","ללא מועצה אזורית","https://www.nadlan.gov.il/?view=settlement&id=7000&page=deals"
"595","לוחמי הגיטאות","LOHAME HAGETA'OT","מטה אשר","https://www.nadlan.gov.il/?view=settlement&id=595&page=deals"
"1255","לוטן","LOTAN","חבל אילות","https://www.nadlan.gov.il/?view=settlement&id=1255&page=deals"
"1171","לוטם","LOTEM","משגב","https://www.nadlan.gov.il/?view=settlement&id=1171&page=deals"
"52","לוזית","LUZIT","מטה יהודה","https://www.nadlan.gov.il/?view=settlement&id=52&page=deals"
"678","מעגן","MA'AGAN","עמק הירדן","https://www.nadlan.gov.il/?view=settlement&id=678&page=deals"
"694","מעגן מיכאל","MA'AGAN MIKHA'EL","חוף הכרמל","https://www.nadlan.gov.il/?view=settlement&id=694&page=deals"
"3616","מעלה אדומים","MA'ALE ADUMMIM","ללא מועצה אזורית","https://www.nadlan.gov.il/?view=settlement&id=3616&page=deals"
"3653","מעלה עמוס","MA'ALE AMOS","גוש עציון","https://www.nadlan.gov.il/?view=settlement&id=3653&page=deals"
"3608","מעלה אפרים","MA'ALE EFRAYIM","ללא מועצה אזורית","https://www.nadlan.gov.il/?view=settlement&id=3608&page=deals"
"4008","מעלה גמלא","MA'ALE GAMLA","גולן","https://www.nadlan.gov.il/?view=settlement&id=4008&page=deals"
"1127","מעלה גלבוע","MA'ALE GILBOA","עמק המעיינות","https://www.nadlan.gov.il/?view=settlement&id=1127&page=deals"
"286","מעלה החמישה","MA'ALE HAHAMISHA","מטה יהודה","https://www.nadlan.gov.il/?view=settlement&id=286&page=deals"
"1327","מעלה עירון","MA'ALE IRON","ללא מועצה אזורית","https://www.nadlan.gov.il/?view=settlement&id=1327&page=deals"
"3752","מעלה לבונה","MA'ALE LEVONA","מטה בנימין","https://www.nadlan.gov.il/?view=settlement&id=3752&page=deals"
"3651","מעלה מכמש","MA'ALE MIKHMAS","מטה בנימין","https://www.nadlan.gov.il/?view=settlement&id=3651&page=deals"
"1063","מעלות-תרשיחא","MA'ALOT-TARSHIHA","ללא מועצה אזורית","https://www.nadlan.gov.il/?view=settlement&id=1063&page=deals"
"344","מענית","MA'ANIT","מנשה","https://www.nadlan.gov.il/?view=settlement&id=344&page=deals"
"230","מעש","MA'AS","דרום השרון","https://www.nadlan.gov.il/?view=settlement&id=230&page=deals"
"197","מעברות","MA'BAROT","עמק חפר","https://www.nadlan.gov.il/?view=settlement&id=197&page=deals"
"1082","מעגלים","MA'GALIM","שדות נגב","https://www.nadlan.gov.il/?view=settlement&id=1082&page=deals"
"3657","מעון","MA'ON","הר חברון","https://www.nadlan.gov.il/?view=settlement&id=3657&page=deals"
"2055","מאור","MA'OR","מנשה","https://www.nadlan.gov.il/?view=settlement&id=2055&page=deals"
"272","מעוז חיים","MA'OZ HAYYIM","עמק המעיינות","https://www.nadlan.gov.il/?view=settlement&id=272&page=deals"
"416","מעין ברוך","MA'YAN BARUKH","הגליל העליון","https://www.nadlan.gov.il/?view=settlement&id=416&page=deals"
"290","מעין צבי","MA'YAN ZEVI","חוף הכרמל","https://www.nadlan.gov.il/?view=settlement&id=290&page=deals"
"1080","מבועים","MABBU'IM","מרחבים","https://www.nadlan.gov.il/?view=settlement&id=1080&page=deals"
"695","מגן","MAGEN","אשכול","https://www.nadlan.gov.il/?view=settlement&id=695&page=deals"
"1155","מגן שאול","MAGEN SHA'UL","הגלבוע","https://www.nadlan.gov.il/?view=settlement&id=1155&page=deals"
"375","מגל","MAGGAL","מנשה","https://www.nadlan.gov.il/?view=settlement&id=375&page=deals"
"722","מגשימים","MAGSHIMIM","דרום השרון","https://www.nadlan.gov.il/?view=settlement&id=722&page=deals"
"308","מחניים","MAHANAYIM","הגליל העליון","https://www.nadlan.gov.il/?view=settlement&id=308&page=deals"
"1262","צוקים","MAHANE BILDAD","הערבה התיכונה","https://www.nadlan.gov.il/?view=settlement&id=1262&page=deals"
"1411","מחנה הילה","MAHANE HILLA","גן רווה","https://www.nadlan.gov.il/?view=settlement&id=1411&page=deals"
"1414","מחנה מרים","MAHANE MIRYAM","באר טוביה","https://www.nadlan.gov.il/?view=settlement&id=1414&page=deals"
"1418","מחנה טלי","MAHANE TALI","רמת נגב","https://www.nadlan.gov.il/?view=settlement&id=1418&page=deals"
"1412","מחנה תל נוף","MAHANE TEL NOF","ברנר","https://www.nadlan.gov.il/?view=settlement&id=1412&page=deals"
"1415","מחנה יפה","MAHANE YAFA","מרחבים","https://www.nadlan.gov.il/?view=settlement&id=1415&page=deals"
"1196","מחנה יתיר","MAHANE YATTIR","ללא מועצה אזורית","https://www.nadlan.gov.il/?view=settlement&id=1196&page=deals"
"1413","מחנה יהודית","MAHANE YEHUDIT","עמק יזרעאל","https://www.nadlan.gov.il/?view=settlement&id=1413&page=deals"
"1416","מחנה יוכבד","MAHANE YOKHVED","חבל אילות","https://www.nadlan.gov.il/?view=settlement&id=1416&page=deals"
"776","מחסיה","MAHSEYA","מטה יהודה","https://www.nadlan.gov.il/?view=settlement&id=776&page=deals"
"516","מג'ד אל-כרום","MAJD AL-KURUM","ללא מועצה אזורית","https://www.nadlan.gov.il/?view=settlement&id=516&page=deals"
"4201","מג'דל שמס","MAJDAL SHAMS","ללא מועצה אזורית","https://www.nadlan.gov.il/?view=settlement&id=4201&page=deals"
"1343","מכחול","MAKCHUL","אל קסום","https://www.nadlan.gov.il/?view=settlement&id=1343&page=deals"
"596","מלכיה","MALKIYYA","הגליל העליון","https://www.nadlan.gov.il/?view=settlement&id=596&page=deals"
"1174","מנוף","MANOF","משגב","https://www.nadlan.gov.il/?view=settlement&id=1174&page=deals"
"1205","מנות","MANOT","מעלה יוסף","https://www.nadlan.gov.il/?view=settlement&id=1205&page=deals"
"994","מנשית זבדה","MANSHIYYET ZABDA","עמק יזרעאל","https://www.nadlan.gov.il/?view=settlement&id=994&page=deals"
"843","מרגליות","MARGALIYYOT","מבואות החרמון","https://www.nadlan.gov.il/?view=settlement&id=843&page=deals"
"4203","מסעדה","MAS'ADE","ללא מועצה אזורית","https://www.nadlan.gov.il/?view=settlement&id=4203&page=deals"
"939","מסעודין אל-עזאזמה","MAS'UDIN AL-'AZAZME","ללא מועצה אזורית","https://www.nadlan.gov.il/?view=settlement&id=939&page=deals"
"421","משאבי שדה","MASH'ABBE SADE","רמת נגב","https://www.nadlan.gov.il/?view=settlement&id=421&page=deals"
"791","משען","MASH'EN","חוף אשקלון","https://www.nadlan.gov.il/?view=settlement&id=791&page=deals"
"3785","משכיות","MASKIYYOT","ערבות הירדן","https://www.nadlan.gov.il/?view=settlement&id=3785&page=deals"
"748","מסלול","MASLUL","מרחבים","https://www.nadlan.gov.il/?view=settlement&id=748&page=deals"
"1258","מסד","MASSAD","הגליל התחתון","https://www.nadlan.gov.il/?view=settlement&id=1258&page=deals"
"263","מסדה","MASSADA","עמק הירדן","https://www.nadlan.gov.il/?view=settlement&id=263&page=deals"
"3605","משואה","MASSU'A","ערבות הירדן","https://www.nadlan.gov.il/?view=settlement&id=3605&page=deals"
"620","משואות יצחק","MASSUOT YIZHAQ","שפיר","https://www.nadlan.gov.il/?view=settlement&id=620&page=deals"
"822","מטע","MATTA","מטה יהודה","https://www.nadlan.gov.il/?view=settlement&id=822&page=deals"
"1315","מתן","MATTAN","דרום השרון","https://www.nadlan.gov.il/?view=settlement&id=1315&page=deals"
"1184","מתת","MATTAT","מעלה יוסף","https://www.nadlan.gov.il/?view=settlement&id=1184&page=deals"
"3648","מתתיהו","MATTITYAHU","מטה בנימין","https://www.nadlan.gov.il/?view=settlement&id=3648&page=deals"
"573","מבקיעים","MAVQI'IM","חוף אשקלון","https://www.nadlan.gov.il/?view=settlement&id=573&page=deals"
"28","מזכרת בתיה","MAZKERET BATYA","ללא מועצה אזורית","https://www.nadlan.gov.il/?view=settlement&id=28&page=deals"
"757","מצליח","MAZLIAH","גזר","https://www.nadlan.gov.il/?view=settlement&id=757&page=deals"
"606","מזור","MAZOR","חבל מודיעין","https://www.nadlan.gov.il/?view=settlement&id=606&page=deals"
"517","מזרעה","MAZRA'A","ללא מועצה אזורית","https://www.nadlan.gov.il/?view=settlement&id=517&page=deals"
"325","מצובה","MAZZUVA","מטה אשר","https://www.nadlan.gov.il/?view=settlement&id=325&page=deals"
"1128","מי עמי","ME AMMI","מנשה","https://www.nadlan.gov.il/?view=settlement&id=1128&page=deals"
"102","מאיר שפיה","ME'IR SHEFEYA","חוף הכרמל","https://www.nadlan.gov.il/?view=settlement&id=102&page=deals"
"570","מעונה","ME'ONA","מעלה יוסף","https://www.nadlan.gov.il/?view=settlement&id=570&page=deals"
"668","מפלסים","MEFALLESIM","שער הנגב","https://www.nadlan.gov.il/?view=settlement&id=668&page=deals"
"689","מגדים","MEGADIM","חוף הכרמל","https://www.nadlan.gov.il/?view=settlement&id=689&page=deals"
"586","מגידו","MEGIDDO","מגידו","https://www.nadlan.gov.il/?view=settlement&id=586&page=deals"
"3599","מחולה","MEHOLA","ערבות הירדן","https://www.nadlan.gov.il/?view=settlement&id=3599&page=deals"
"649","מייסר","MEISER","מנשה","https://www.nadlan.gov.il/?view=settlement&id=649&page=deals"
"3614","מכורה","MEKHORA","ערבות הירדן","https://www.nadlan.gov.il/?view=settlement&id=3614&page=deals"
"164","מלאה","MELE'A","הגלבוע","https://www.nadlan.gov.il/?view=settlement&id=164&page=deals"
"2044","מלילות","MELILOT","שדות נגב","https://www.nadlan.gov.il/?view=settlement&id=2044&page=deals"
"48","מנחמיה","MENAHEMYA","עמק המעיינות","https://www.nadlan.gov.il/?view=settlement&id=48&page=deals"
"347","מנרה","MENNARA","הגליל העליון","https://www.nadlan.gov.il/?view=settlement&id=347&page=deals"
"2030","מנוחה","MENUHA","לכיש","https://www.nadlan.gov.il/?view=settlement&id=2030&page=deals"
"1282","מירב","MERAV","עמק המעיינות","https://www.nadlan.gov.il/?view=settlement&id=1282&page=deals"
"1340","מרחב עם","MERHAV AM","רמת נגב","https://www.nadlan.gov.il/?view=settlement&id=1340&page=deals"
"97","מרחביה (מושב)","MERHAVYA(MOSHAV)","עמק יזרעאל","https://www.nadlan.gov.il/?view=settlement&id=97&page=deals"
"66","מרחביה (קיבוץ)","MERHAVYA(QIBBUZ)","עמק יזרעאל","https://www.nadlan.gov.il/?view=settlement&id=66&page=deals"
"1098","מרכז שפירא","MERKAZ SHAPPIRA","שפיר","https://www.nadlan.gov.il/?view=settlement&id=1098&page=deals"
"4101","מרום גולן","MEROM GOLAN","גולן","https://www.nadlan.gov.il/?view=settlement&id=4101&page=deals"
"607","מירון","MERON","מרום הגליל","https://www.nadlan.gov.il/?view=settlement&id=607&page=deals"
"731","מישר","MESHAR","גדרות","https://www.nadlan.gov.il/?view=settlement&id=731&page=deals"
"520","משהד","MESHHED","ללא מועצה אזורית","https://www.nadlan.gov.il/?view=settlement&id=520&page=deals"
"742","מסילת ציון","MESILLAT ZIYYON","מטה יהודה","https://www.nadlan.gov.il/?view=settlement&id=742&page=deals"
"298","מסילות","MESILLOT","עמק המעיינות","https://www.nadlan.gov.il/?view=settlement&id=298&page=deals"
"1154","מיטל","METAL","עמק המעיינות","https://www.nadlan.gov.il/?view=settlement&id=1154&page=deals"
"1268","מיתר","METAR","ללא מועצה אזורית","https://www.nadlan.gov.il/?view=settlement&id=1268&page=deals"
"2054","מיטב","METAV","הגלבוע","https://www.nadlan.gov.il/?view=settlement&id=2054&page=deals"
"43","מטולה","METULA","ללא מועצה אזורית","https://www.nadlan.gov.il/?view=settlement&id=43&page=deals"
"1015","מבשרת ציון","MEVASSERET ZIYYON","ללא מועצה אזורית","https://www.nadlan.gov.il/?view=settlement&id=1015&page=deals"
"771","מבוא ביתר","MEVO BETAR","מטה יהודה","https://www.nadlan.gov.il/?view=settlement&id=771&page=deals"
"3569","מבוא דותן","MEVO DOTAN","שומרון","https://www.nadlan.gov.il/?view=settlement&id=3569&page=deals"
"4204","מבוא חמה","MEVO HAMMA","גולן","https://www.nadlan.gov.il/?view=settlement&id=4204&page=deals"
"3709","מבוא חורון","MEVO HORON","מטה בנימין","https://www.nadlan.gov.il/?view=settlement&id=3709&page=deals"
"1141","מבוא מודיעים","MEVO MODI'IM","חבל מודיעין","https://www.nadlan.gov.il/?view=settlement&id=1141&page=deals"
"1318","מבואות ים","MEVO'OT YAM","עמק חפר","https://www.nadlan.gov.il/?view=settlement&id=1318&page=deals"
"3825","מבואות יריחו","MEVO'OT YERIHO","ערבות הירדן","https://www.nadlan.gov.il/?view=settlement&id=3825&page=deals"
"3745","מצדות יהודה","MEZADOT YEHUDA","הר חברון","https://www.nadlan.gov.il/?view=settlement&id=3745&page=deals"
"4019","מיצר","MEZAR","גולן","https://www.nadlan.gov.il/?view=settlement&id=4019&page=deals"
"648","מצר","MEZER","מנשה","https://www.nadlan.gov.il/?view=settlement&id=648&page=deals"
"518","מעיליא","MI'ELYA","ללא מועצה אזורית","https://www.nadlan.gov.il/?view=settlement&id=518&page=deals"
"2029","מדרך עוז","MIDRAKH OZ","מגידו","https://www.nadlan.gov.il/?view=settlement&id=2029&page=deals"
"1140","מדרשת בן גוריון","MIDRESHET BEN GURION","רמת נגב","https://www.nadlan.gov.il/?view=settlement&id=1140&page=deals"
"897","מדרשת רופין","MIDRESHET RUPPIN","עמק חפר","https://www.nadlan.gov.il/?view=settlement&id=897&page=deals"
"65","מגדל","MIGDAL","ללא מועצה אזורית","https://www.nadlan.gov.il/?view=settlement&id=65&page=deals"
"874","מגדל העמק","MIGDAL HAEMEQ","ללא מועצה אזורית","https://www.nadlan.gov.il/?view=settlement&id=874&page=deals"
"3561","מגדל עוז","MIGDAL OZ","גוש עציון","https://www.nadlan.gov.il/?view=settlement&id=3561&page=deals"
"3751","מגדלים","MIGDALIM","שומרון","https://www.nadlan.gov.il/?view=settlement&id=3751&page=deals"
"1202","מכמנים","MIKHMANNIM","משגב","https://www.nadlan.gov.il/?view=settlement&id=1202&page=deals"
"382","מכמורת","MIKHMORET","עמק חפר","https://www.nadlan.gov.il/?view=settlement&id=382&page=deals"
"22","מקווה ישראל","MIQWE YISRA'EL","ללא מועצה אזורית","https://www.nadlan.gov.il/?view=settlement&id=22&page=deals"
"378","משגב עם","MISGAV AM","הגליל העליון","https://www.nadlan.gov.il/?view=settlement&id=378&page=deals"
"765","משגב דב","MISGAV DOV","גדרות","https://www.nadlan.gov.il/?view=settlement&id=765&page=deals"
"670","משמר איילון","MISHMAR AYYALON","גזר","https://www.nadlan.gov.il/?view=settlement&id=670&page=deals"
"563","משמר דוד","MISHMAR DAWID","גזר","https://www.nadlan.gov.il/?view=settlement&id=563&page=deals"
"130","משמר העמק","MISHMAR HAEMEQ","מגידו","https://www.nadlan.gov.il/?view=settlement&id=130&page=deals"
"395","משמר הנגב","MISHMAR HANEGEV","בני שמעון","https://www.nadlan.gov.il/?view=settlement&id=395&page=deals"
"194","משמר השרון","MISHMAR HASHARON","עמק חפר","https://www.nadlan.gov.il/?view=settlement&id=194&page=deals"
"729","משמר השבעה","MISHMAR HASHIV'A","שדות דן","https://www.nadlan.gov.il/?view=settlement&id=729&page=deals"
"732","משמר הירדן","MISHMAR HAYARDEN","מבואות החרמון","https://www.nadlan.gov.il/?view=settlement&id=732&page=deals"
"3865","משמר יהודה","MISHMAR YEHUDA","גוש עציון","https://www.nadlan.gov.il/?view=settlement&id=3865&page=deals"
"213","משמרות","MISHMAROT","מנשה","https://www.nadlan.gov.il/?view=settlement&id=213&page=deals"
"425","משמרת","MISHMERET","לב השרון","https://www.nadlan.gov.il/?view=settlement&id=425&page=deals"
"1370","מצפה אילן","MITSPE ILAN","מנשה","https://www.nadlan.gov.il/?view=settlement&id=1370&page=deals"
"829","מבטחים","MIVTAHIM","אשכול","https://www.nadlan.gov.il/?view=settlement&id=829&page=deals"
"58","מצפה","MIZPA","הגליל התחתון","https://www.nadlan.gov.il/?view=settlement&id=58&page=deals"
"1222","מצפה אביב","MIZPE AVIV","משגב","https://www.nadlan.gov.il/?view=settlement&id=1222&page=deals"
"1190","מצפה נטופה","MIZPE NETOFA","הגליל התחתון","https://www.nadlan.gov.il/?view=settlement&id=1190&page=deals"
"99","מצפה רמון","MIZPE RAMON","ללא מועצה אזורית","https://www.nadlan.gov.il/?view=settlement&id=99&page=deals"
"3610","מצפה שלם","MIZPE SHALEM","מגילות ים המלח","https://www.nadlan.gov.il/?view=settlement&id=3610&page=deals"
"3576","מצפה יריחו","MIZPE YERIHO","מטה בנימין","https://www.nadlan.gov.il/?view=settlement&id=3576&page=deals"
"104","מזרע","MIZRA","עמק יזרעאל","https://www.nadlan.gov.il/?view=settlement&id=104&page=deals"
"3797","מודיעין עילית","MODI'IN ILLIT","ללא מועצה אזורית","https://www.nadlan.gov.il/?view=settlement&id=3797&page=deals"
"1200","מודיעין-מכבים-רעות","MODI'IN-MAKKABBIM-RE","ללא מועצה אזורית","https://www.nadlan.gov.il/?view=settlement&id=1200&page=deals"
"269","מולדת","MOLEDET","הגלבוע","https://www.nadlan.gov.il/?view=settlement&id=269&page=deals"
"1163","מורן","MORAN","משגב","https://www.nadlan.gov.il/?view=settlement&id=1163&page=deals"
"1178","מורשת","MORESHET","משגב","https://www.nadlan.gov.il/?view=settlement&id=1178&page=deals"
"208","מוצא עילית","MOZA ILLIT","מטה יהודה","https://www.nadlan.gov.il/?view=settlement&id=208&page=deals"
"481","מגאר","MUGHAR","ללא מועצה אזורית","https://www.nadlan.gov.il/?view=settlement&id=481&page=deals"
"635","מוקייבלה","MUQEIBLE","הגלבוע","https://www.nadlan.gov.il/?view=settlement&id=635&page=deals"
"3787","נעלה","NA'ALE","מטה בנימין","https://www.nadlan.gov.il/?view=settlement&id=3787&page=deals"
"158","נען","NA'AN","גזר","https://www.nadlan.gov.il/?view=settlement&id=158&page=deals"
"3620","נערן","NA'ARAN","ערבות הירדן","https://www.nadlan.gov.il/?view=settlement&id=3620&page=deals"
"524","נאעורה","NA'URA","הגלבוע","https://www.nadlan.gov.il/?view=settlement&id=524&page=deals"
"3713","נעמה","NAAMA","ערבות הירדן","https://www.nadlan.gov.il/?view=settlement&id=3713&page=deals"
"1276","אשבל","NAHAL ESHBAL","משגב","https://www.nadlan.gov.il/?view=settlement&id=1276&page=deals"
"3646","חמדת","NAHAL HEMDAT","ערבות הירדן","https://www.nadlan.gov.il/?view=settlement&id=3646&page=deals"
"844","נחל עוז","NAHAL OZ","שער הנגב","https://www.nadlan.gov.il/?view=settlement&id=844&page=deals"
"1267","שיטים","NAHAL SHITTIM","חבל אילות","https://www.nadlan.gov.il/?view=settlement&id=1267&page=deals"
"2045","נחלה","NAHALA","יואב","https://www.nadlan.gov.il/?view=settlement&id=2045&page=deals"
"80","נהלל","NAHALAL","עמק יזרעאל","https://www.nadlan.gov.il/?view=settlement&id=80&page=deals"
"3767","נחליאל","NAHALI'EL","מטה בנימין","https://www.nadlan.gov.il/?view=settlement&id=3767&page=deals"
"809","נחם","NAHAM","מטה יהודה","https://www.nadlan.gov.il/?view=settlement&id=809&page=deals"
"9100","נהריה","NAHARIYYA","ללא מועצה אזורית","https://www.nadlan.gov.il/?view=settlement&id=9100&page=deals"
"522","נחף","NAHEF","ללא מועצה אזורית","https://www.nadlan.gov.il/?view=settlement&id=522&page=deals"
"433","נחשולים","NAHSHOLIM","חוף הכרמל","https://www.nadlan.gov.il/?view=settlement&id=433&page=deals"
"777","נחשון","NAHSHON","מטה יהודה","https://www.nadlan.gov.il/?view=settlement&id=777&page=deals"
"705","נחשונים","NAHSHONIM","דרום השרון","https://www.nadlan.gov.il/?view=settlement&id=705&page=deals"
"1041","נצאצרה (שבט)","NASASRA","ללא מועצה אזורית","https://www.nadlan.gov.il/?view=settlement&id=1041&page=deals"
"1254","נטף","NATAF","מטה יהודה","https://www.nadlan.gov.il/?view=settlement&id=1254&page=deals"
"4014","נטור","NATUR","גולן","https://www.nadlan.gov.il/?view=settlement&id=4014&page=deals"
"1366","נווה","NAVE","אשכול","https://www.nadlan.gov.il/?view=settlement&id=1366&page=deals"
"7300","נצרת","NAZARETH","ללא מועצה אזורית","https://www.nadlan.gov.il/?view=settlement&id=7300&page=deals"
"4551","נאות גולן","NE'OT GOLAN","גולן","https://www.nadlan.gov.il/?view=settlement&id=4551&page=deals"
"1124","נאות הכיכר","NE'OT HAKIKKAR","תמר","https://www.nadlan.gov.il/?view=settlement&id=1124&page=deals"
"408","נאות מרדכי","NE'OT MORDEKHAY","הגליל העליון","https://www.nadlan.gov.il/?view=settlement&id=408&page=deals"
"186","נעורים","NE'URIM","עמק חפר","https://www.nadlan.gov.il/?view=settlement&id=186&page=deals"
"315","נגבה","NEGBA","יואב","https://www.nadlan.gov.il/?view=settlement&id=315&page=deals"
"3724","נגוהות","NEGOHOT","הר חברון","https://www.nadlan.gov.il/?view=settlement&id=3724&page=deals"
"449","נחלים","NEHALIM","חבל מודיעין","https://www.nadlan.gov.il/?view=settlement&id=449&page=deals"
"309","נהורה","NEHORA","לכיש","https://www.nadlan.gov.il/?view=settlement&id=309&page=deals"
"59","נחושה","NEHUSHA","מטה יהודה","https://www.nadlan.gov.il/?view=settlement&id=59&page=deals"
"523","ניין","NEIN","בוסתאן אל-מרג'","https://www.nadlan.gov.il/?view=settlement&id=523&page=deals"
"1143","נס עמים","NES AMMIM","מטה אשר","https://www.nadlan.gov.il/?view=settlement&id=1143&page=deals"
"825","נס הרים","NES HARIM","מטה יהודה","https://www.nadlan.gov.il/?view=settlement&id=825&page=deals"
"7200","נס ציונה","NES ZIYYONA","ללא מועצה אזורית","https://www.nadlan.gov.il/?view=settlement&id=7200&page=deals"
"2500","נשר","NESHER","ללא מועצה אזורית","https://www.nadlan.gov.il/?view=settlement&id=2500&page=deals"
"1369","נטע","NETA","לכיש","https://www.nadlan.gov.il/?view=settlement&id=1369&page=deals"
"174","נטעים","NETA'IM","גן רווה","https://www.nadlan.gov.il/?view=settlement&id=174&page=deals"
"7400","נתניה","NETANYA","ללא מועצה אזורית","https://www.nadlan.gov.il/?view=settlement&id=7400&page=deals"
"1242","נתיב העשרה","NETIV HAASARA","חוף אשקלון","https://www.nadlan.gov.il/?view=settlement&id=1242&page=deals"
"3555","נתיב הגדוד","NETIV HAGEDUD","ערבות הירדן","https://www.nadlan.gov.il/?view=settlement&id=3555&page=deals"
"693","נתיב הלה","NETIV HALAMED-HE","מטה יהודה","https://www.nadlan.gov.il/?view=settlement&id=693&page=deals"
"792","נתיב השיירה","NETIV HASHAYYARA","מטה אשר","https://www.nadlan.gov.il/?view=settlement&id=792&page=deals"
"246","נתיבות","NETIVOT","ללא מועצה אזורית","https://www.nadlan.gov.il/?view=settlement&id=246&page=deals"
"1147","נטועה","NETU'A","מעלה יוסף","https://www.nadlan.gov.il/?view=settlement&id=1147&page=deals"
"396","נבטים","NEVATIM","בני שמעון","https://www.nadlan.gov.il/?view=settlement&id=396&page=deals"
"3573","נוה צוף","NEVE TSUF","מטה בנימין","https://www.nadlan.gov.il/?view=settlement&id=3573&page=deals"
"4303","נווה אטיב","NEWE ATIV","גולן","https://www.nadlan.gov.il/?view=settlement&id=4303&page=deals"
"926","נווה אבות","NEWE AVOT","ללא מועצה אזורית","https://www.nadlan.gov.il/?view=settlement&id=926&page=deals"
"3725","נווה דניאל","NEWE DANIYYEL","גוש עציון","https://www.nadlan.gov.il/?view=settlement&id=3725&page=deals"
"296","נווה איתן","NEWE ETAN","עמק המעיינות","https://www.nadlan.gov.il/?view=settlement&id=296&page=deals"
"1279","נווה חריף","NEWE HARIF","חבל אילות","https://www.nadlan.gov.il/?view=settlement&id=1279&page=deals"
"405","נווה אילן","NEWE ILAN","מטה יהודה","https://www.nadlan.gov.il/?view=settlement&id=405&page=deals"
"1071","נווה מיכאל","NEWE MIKHA'EL","מטה יהודה","https://www.nadlan.gov.il/?view=settlement&id=1071&page=deals"
"827","נווה מבטח","NEWE MIVTAH","באר טוביה","https://www.nadlan.gov.il/?view=settlement&id=827&page=deals"
"1259","נווה שלום","NEWE SHALOM","מטה יהודה","https://www.nadlan.gov.il/?view=settlement&id=1259&page=deals"
"590","נווה אור","NEWE UR","עמק המעיינות","https://www.nadlan.gov.il/?view=settlement&id=590&page=deals"
"312","נווה ים","NEWE YAM","חוף הכרמל","https://www.nadlan.gov.il/?view=settlement&id=312&page=deals"
"686","נווה ימין","NEWE YAMIN","דרום השרון","https://www.nadlan.gov.il/?view=settlement&id=686&page=deals"
"858","נווה ירק","NEWE YARAQ","דרום השרון","https://www.nadlan.gov.il/?view=settlement&id=858&page=deals"
"1314","נווה זיו","NEWE ZIV","מעלה יוסף","https://www.nadlan.gov.il/?view=settlement&id=1314&page=deals"
"1057","נווה זוהר","NEWE ZOHAR","תמר","https://www.nadlan.gov.il/?view=settlement&id=1057&page=deals"
"1372","נצר חזני","NEZER HAZZANI","נחל שורק","https://www.nadlan.gov.il/?view=settlement&id=1372&page=deals"
"435","נצר סרני","NEZER SERENI","גזר","https://www.nadlan.gov.il/?view=settlement&id=435&page=deals"
"3655","נילי","NILI","מטה בנימין","https://www.nadlan.gov.il/?view=settlement&id=3655&page=deals"
"4035","נמרוד","NIMROD","גולן","https://www.nadlan.gov.il/?view=settlement&id=4035&page=deals"
"348","ניר עם","NIR AM","שער הנגב","https://www.nadlan.gov.il/?view=settlement&id=348&page=deals"
"2048","ניר עקיבא","NIR AQIVA","מרחבים","https://www.nadlan.gov.il/?view=settlement&id=2048&page=deals"
"553","ניר בנים","NIR BANIM","באר טוביה","https://www.nadlan.gov.il/?view=settlement&id=553&page=deals"
"256","ניר דוד (תל עמל)","NIR DAWID (TEL AMAL)","עמק המעיינות","https://www.nadlan.gov.il/?view=settlement&id=256&page=deals"
"808","ניר אליהו","NIR ELIYYAHU","דרום השרון","https://www.nadlan.gov.il/?view=settlement&id=808&page=deals"
"769","ניר עציון","NIR EZYON","חוף הכרמל","https://www.nadlan.gov.il/?view=settlement&id=769&page=deals"
"720","ניר גלים","NIR GALLIM","חבל יבנה","https://www.nadlan.gov.il/?view=settlement&id=720&page=deals"
"11","ניר חן","NIR HEN","לכיש","https://www.nadlan.gov.il/?view=settlement&id=11&page=deals"
"2047","ניר משה","NIR MOSHE","מרחבים","https://www.nadlan.gov.il/?view=settlement&id=2047&page=deals"
"69","ניר עוז","NIR OZ","אשכול","https://www.nadlan.gov.il/?view=settlement&id=69&page=deals"
"165","ניר יפה","NIR YAFE","הגלבוע","https://www.nadlan.gov.il/?view=settlement&id=165&page=deals"
"699","ניר ישראל","NIR YISRA'EL","חוף אשקלון","https://www.nadlan.gov.il/?view=settlement&id=699&page=deals"
"402","ניר יצחק","NIR YIZHAQ","אשכול","https://www.nadlan.gov.il/?view=settlement&id=402&page=deals"
"331","ניר צבי","NIR ZEVI","שדות דן","https://www.nadlan.gov.il/?view=settlement&id=331&page=deals"
"602","נירים","NIRIM","אשכול","https://www.nadlan.gov.il/?view=settlement&id=602&page=deals"
"1236","נירית","NIRIT","דרום השרון","https://www.nadlan.gov.il/?view=settlement&id=1236&page=deals"
"351","ניצן","NIZZAN","חוף אשקלון","https://www.nadlan.gov.il/?view=settlement&id=351&page=deals"
"1419","ניצן ב'","NIZZAN B","חוף אשקלון","https://www.nadlan.gov.il/?view=settlement&id=1419&page=deals"
"1195","ניצנה (קהילת חינוך)","NIZZANA (QEHILAT HIN","רמת נגב","https://www.nadlan.gov.il/?view=settlement&id=1195&page=deals"
"851","ניצני עוז","NIZZANE OZ","לב השרון","https://www.nadlan.gov.il/?view=settlement&id=851&page=deals"
"1280","ניצני סיני","NIZZANE SINAY","רמת נגב","https://www.nadlan.gov.il/?view=settlement&id=1280&page=deals"
"359","ניצנים","NIZZANIM","חוף אשקלון","https://www.nadlan.gov.il/?view=settlement&id=359&page=deals"
"15","נועם","NO'AM","שפיר","https://www.nadlan.gov.il/?view=settlement&id=15&page=deals"
"1333","נוף איילון","NOF AYYALON","גזר","https://www.nadlan.gov.il/?view=settlement&id=1333&page=deals"
"1061","נוף הגליל","NOF HAGALIL","ללא מועצה אזורית","https://www.nadlan.gov.il/?view=settlement&id=1061&page=deals"
"257","נופך","NOFEKH","חבל מודיעין","https://www.nadlan.gov.il/?view=settlement&id=257&page=deals"
"3790","נופים","NOFIM","שומרון","https://www.nadlan.gov.il/?view=settlement&id=3790&page=deals"
"1284","נופית","NOFIT","זבולון","https://www.nadlan.gov.il/?view=settlement&id=1284&page=deals"
"55","נוגה","NOGAH","לכיש","https://www.nadlan.gov.il/?view=settlement&id=55&page=deals"
"3726","נוקדים","NOQEDIM","גוש עציון","https://www.nadlan.gov.il/?view=settlement&id=3726&page=deals"
"447","נורדיה","NORDIYYA","לב השרון","https://www.nadlan.gov.il/?view=settlement&id=447&page=deals"
"4304","נוב","NOV","גולן","https://www.nadlan.gov.il/?view=settlement&id=4304&page=deals"
"833","נורית","NURIT","הגלבוע","https://www.nadlan.gov.il/?view=settlement&id=833&page=deals"
"4010","אודם","ODEM","גולן","https://www.nadlan.gov.il/?view=settlement&id=4010&page=deals"
"31","אופקים","OFAQIM","ללא מועצה אזורית","https://www.nadlan.gov.il/?view=settlement&id=31&page=deals"
"810","עופר","OFER","חוף הכרמל","https://www.nadlan.gov.il/?view=settlement&id=810&page=deals"
"3617","עופרה","OFRA","מטה בנימין","https://www.nadlan.gov.il/?view=settlement&id=3617&page=deals"
"1046","אוהד","OHAD","אשכול","https://www.nadlan.gov.il/?view=settlement&id=1046&page=deals"
"737","עולש","OLESH","עמק חפר","https://www.nadlan.gov.il/?view=settlement&id=737&page=deals"
"1108","אומן","OMEN","הגלבוע","https://www.nadlan.gov.il/?view=settlement&id=1108&page=deals"
"666","עומר","OMER","ללא מועצה אזורית","https://www.nadlan.gov.il/?view=settlement&id=666&page=deals"
"680","אומץ","OMEZ","עמק חפר","https://www.nadlan.gov.il/?view=settlement&id=680&page=deals"
"1020","אור עקיבא","OR AQIVA","ללא מועצה אזורית","https://www.nadlan.gov.il/?view=settlement&id=1020&page=deals"
"1294","אור הגנוז","OR HAGANUZ","מרום הגליל","https://www.nadlan.gov.il/?view=settlement&id=1294&page=deals"
"67","אור הנר","OR HANER","שער הנגב","https://www.nadlan.gov.il/?view=settlement&id=67&page=deals"
"2400","אור יהודה","OR YEHUDA","ללא מועצה אזורית","https://www.nadlan.gov.il/?view=settlement&id=2400&page=deals"
"780","אורה","ORA","מטה יהודה","https://www.nadlan.gov.il/?view=settlement&id=780&page=deals"
"882","אורנים","ORANIM","זבולון","https://www.nadlan.gov.il/?view=settlement&id=882&page=deals"
"3760","אורנית","ORANIT","ללא מועצה אזורית","https://www.nadlan.gov.il/?view=settlement&id=3760&page=deals"
"2012","אורות","OROT","באר טוביה","https://www.nadlan.gov.il/?view=settlement&id=2012&page=deals"
"4013","אורטל","ORTAL","גולן","https://www.nadlan.gov.il/?view=settlement&id=4013&page=deals"
"3748","עתניאל","OTNI'EL","הר חברון","https://www.nadlan.gov.il/?view=settlement&id=3748&page=deals"
"32","עוצם","OZEM","לכיש","https://www.nadlan.gov.il/?view=settlement&id=32&page=deals"
"2059","פעמי תשז","PA'AME TASHAZ","מרחבים","https://www.nadlan.gov.il/?view=settlement&id=2059&page=deals"
"597","פלמחים","PALMAHIM","גן רווה","https://www.nadlan.gov.il/?view=settlement&id=597&page=deals"
"1151","פארן","PARAN","הערבה התיכונה","https://www.nadlan.gov.il/?view=settlement&id=1151&page=deals"
"7800","פרדס חנה-כרכור","PARDES HANNA-KARKUR","ללא מועצה אזורית","https://www.nadlan.gov.il/?view=settlement&id=7800&page=deals"
"171","פרדסיה","PARDESIYYA","ללא מועצה אזורית","https://www.nadlan.gov.il/?view=settlement&id=171&page=deals"
"599","פרוד","PAROD","מרום הגליל","https://www.nadlan.gov.il/?view=settlement&id=599&page=deals"
"749","פטיש","PATTISH","מרחבים","https://www.nadlan.gov.il/?view=settlement&id=749&page=deals"
"838","פדיה","PEDAYA","גזר","https://www.nadlan.gov.il/?view=settlement&id=838&page=deals"
"3768","פדואל","PEDU'EL","שומרון","https://www.nadlan.gov.il/?view=settlement&id=3768&page=deals"
"750","פדויים","PEDUYIM","מרחבים","https://www.nadlan.gov.il/?view=settlement&id=750&page=deals"
"1185","פלך","PELEKH","משגב","https://www.nadlan.gov.il/?view=settlement&id=1185&page=deals"
"3723","פני חבר","PENE HEVER","הר חברון","https://www.nadlan.gov.il/?view=settlement&id=3723&page=deals"
"536","פקיעין (בוקייעה)","PEQI'IN (BUQEI'A)","ללא מועצה אזורית","https://www.nadlan.gov.il/?view=settlement&id=536&page=deals"
"281","פקיעין חדשה","PEQI'IN HADASHA","מעלה יוסף","https://www.nadlan.gov.il/?view=settlement&id=281&page=deals"
"2053","פרזון","PERAZON","הגלבוע","https://www.nadlan.gov.il/?view=settlement&id=2053&page=deals"
"1231","פרי גן","PERI GAN","אשכול","https://www.nadlan.gov.il/?view=settlement&id=1231&page=deals"
"3659","פסגות","PESAGOT","מטה בנימין","https://www.nadlan.gov.il/?view=settlement&id=3659&page=deals"
"7900","פתח תקווה","PETAH TIQWA","ללא מועצה אזורית","https://www.nadlan.gov.il/?view=settlement&id=7900&page=deals"
"839","פתחיה","PETAHYA","גזר","https://www.nadlan.gov.il/?view=settlement&id=839&page=deals"
"3615","פצאל","PEZA'EL","ערבות הירדן","https://www.nadlan.gov.il/?view=settlement&id=3615&page=deals"
"767","פורת","PORAT","לב השרון","https://www.nadlan.gov.il/?view=settlement&id=767&page=deals"
"1313","פוריה עילית","PORIYYA ILLIT","עמק הירדן","https://www.nadlan.gov.il/?view=settlement&id=1313&page=deals"
"1104","פוריה - כפר עבודה","PORIYYA-KEFAR AVODA","עמק הירדן","https://www.nadlan.gov.il/?view=settlement&id=1104&page=deals"
"1105","פוריה - נווה עובד","PORIYYA-NEWE OVED","עמק הירדן","https://www.nadlan.gov.il/?view=settlement&id=1105&page=deals"
"1234","קבועה (שבט)","QABBO'A","ללא מועצה אזורית","https://www.nadlan.gov.il/?view=settlement&id=1234&page=deals"
"1211","קדרים","QADDARIM","הגליל העליון","https://www.nadlan.gov.il/?view=settlement&id=1211&page=deals"
"195","קדימה-צורן","QADIMA-ZORAN","ללא מועצה אזורית","https://www.nadlan.gov.il/?view=settlement&id=195&page=deals"
"638","קלנסווה","QALANSAWE","ללא מועצה אזורית","https://www.nadlan.gov.il/?view=settlement&id=638&page=deals"
"3601","קליה","QALYA","מגילות ים המלח","https://www.nadlan.gov.il/?view=settlement&id=3601&page=deals"
"3640","קרני שומרון","QARNE SHOMERON","ללא מועצה אזורית","https://www.nadlan.gov.il/?view=settlement&id=3640&page=deals"
"972","קוואעין (שבט)","QAWA'IN","ללא מועצה אזורית","https://www.nadlan.gov.il/?view=settlement&id=972&page=deals"
"1243","קציר","QAZIR","מנשה","https://www.nadlan.gov.il/?view=settlement&id=1243&page=deals"
"4100","קצרין","QAZRIN","ללא מועצה אזורית","https://www.nadlan.gov.il/?view=settlement&id=4100&page=deals"
"3781","קדר","QEDAR","גוש עציון","https://www.nadlan.gov.il/?view=settlement&id=3781&page=deals"
"392","קדמה","QEDMA","יואב","https://www.nadlan.gov.il/?view=settlement&id=392&page=deals"
"3557","קדומים","QEDUMIM","ללא מועצה אזורית","https://www.nadlan.gov.il/?view=settlement&id=3557&page=deals"
"4024","קלע","QELA","גולן","https://www.nadlan.gov.il/?view=settlement&id=4024&page=deals"
"414","קלחים","QELAHIM","מרחבים","https://www.nadlan.gov.il/?view=settlement&id=414&page=deals"
"1167","קיסריה","QESARIYYA","חוף הכרמל","https://www.nadlan.gov.il/?view=settlement&id=1167&page=deals"
"4006","קשת","QESHET","גולן","https://www.nadlan.gov.il/?view=settlement&id=4006&page=deals"
"1052","קטורה","QETURA","חבל אילות","https://www.nadlan.gov.il/?view=settlement&id=1052&page=deals"
"334","קבוצת יבנה","QEVUZAT YAVNE","חבל יבנה","https://www.nadlan.gov.il/?view=settlement&id=334&page=deals"
"4025","קדמת צבי","QIDMAT ZEVI","גולן","https://www.nadlan.gov.il/?view=settlement&id=4025&page=deals"
"615","קדרון","QIDRON","ברנר","https://www.nadlan.gov.il/?view=settlement&id=615&page=deals"
"78","קרית ענבים","QIRYAT ANAVIM","מטה יהודה","https://www.nadlan.gov.il/?view=settlement&id=78&page=deals"
"3611","קרית ארבע","QIRYAT ARBA","ללא מועצה אזורית","https://www.nadlan.gov.il/?view=settlement&id=3611&page=deals"
"6800","קרית אתא","QIRYAT ATTA","ללא מועצה אזורית","https://www.nadlan.gov.il/?view=settlement&id=6800&page=deals"
"9500","קרית ביאליק","QIRYAT BIALIK","ללא מועצה אזורית","https://www.nadlan.gov.il/?view=settlement&id=9500&page=deals"
"469","קרית עקרון","QIRYAT EQRON","ללא מועצה אזורית","https://www.nadlan.gov.il/?view=settlement&id=469&page=deals"
"2630","קרית גת","QIRYAT GAT","ללא מועצה אזורית","https://www.nadlan.gov.il/?view=settlement&id=2630&page=deals"
"1034","קרית מלאכי","QIRYAT MAL'AKHI","ללא מועצה אזורית","https://www.nadlan.gov.il/?view=settlement&id=1034&page=deals"
"8200","קרית מוצקין","QIRYAT MOTZKIN","ללא מועצה אזורית","https://www.nadlan.gov.il/?view=settlement&id=8200&page=deals"
"3746","קרית נטפים","QIRYAT NETAFIM","שומרון","https://www.nadlan.gov.il/?view=settlement&id=3746&page=deals"
"2620","קרית אונו","QIRYAT ONO","ללא מועצה אזורית","https://www.nadlan.gov.il/?view=settlement&id=2620&page=deals"
"412","קרית שלמה","QIRYAT SHELOMO","חוף השרון","https://www.nadlan.gov.il/?view=settlement&id=412&page=deals"
"2800","קרית שמונה","QIRYAT SHEMONA","ללא מועצה אזורית","https://www.nadlan.gov.il/?view=settlement&id=2800&page=deals"
"2300","קרית טבעון","QIRYAT TIV'ON","ללא מועצה אזורית","https://www.nadlan.gov.il/?view=settlement&id=2300&page=deals"
"9600","קרית ים","QIRYAT YAM","ללא מועצה אזורית","https://www.nadlan.gov.il/?view=settlement&id=9600&page=deals"
"1137","קרית יערים","QIRYAT YE'ARIM","ללא מועצה אזורית","https://www.nadlan.gov.il/?view=settlement&id=1137&page=deals"
"2039","קרית יערים(מוסד)","QIRYAT YE'ARIM(INSTI","מטה יהודה","https://www.nadlan.gov.il/?view=settlement&id=2039&page=deals"
"766","קוממיות","QOMEMIYYUT","שפיר","https://www.nadlan.gov.il/?view=settlement&id=766&page=deals"
"1179","קורנית","QORANIT","משגב","https://www.nadlan.gov.il/?view=settlement&id=1179&page=deals"
"964","קודייראת א-צאנע(שבט)","QUDEIRAT AS-SANI","ללא מועצה אזורית","https://www.nadlan.gov.il/?view=settlement&id=964&page=deals"
"8700","רעננה","RA'ANANA","ללא מועצה אזורית","https://www.nadlan.gov.il/?view=settlement&id=8700&page=deals"
"1161","רהט","RAHAT","ללא מועצה אזורית","https://www.nadlan.gov.il/?view=settlement&id=1161&page=deals"
"1069","רם-און","RAM-ON","הגלבוע","https://www.nadlan.gov.il/?view=settlement&id=1069&page=deals"
"135","רמת דוד","RAMAT DAWID","עמק יזרעאל","https://www.nadlan.gov.il/?view=settlement&id=135&page=deals"
"8600","רמת גן","RAMAT GAN","ללא מועצה אזורית","https://www.nadlan.gov.il/?view=settlement&id=8600&page=deals"
"184","רמת הכובש","RAMAT HAKOVESH","דרום השרון","https://www.nadlan.gov.il/?view=settlement&id=184&page=deals"
"2650","רמת השרון","RAMAT HASHARON","ללא מועצה אזורית","https://www.nadlan.gov.il/?view=settlement&id=2650&page=deals"
"335","רמת השופט","RAMAT HASHOFET","מגידו","https://www.nadlan.gov.il/?view=settlement&id=335&page=deals"
"4701","רמת מגשימים","RAMAT MAGSHIMIM","גולן","https://www.nadlan.gov.il/?view=settlement&id=4701&page=deals"
"127","רמת רחל","RAMAT RAHEL","מטה יהודה","https://www.nadlan.gov.il/?view=settlement&id=127&page=deals"
"460","רמת רזיאל","RAMAT RAZI'EL","מטה יהודה","https://www.nadlan.gov.il/?view=settlement&id=460&page=deals"
"122","רמת ישי","RAMAT YISHAY","ללא מועצה אזורית","https://www.nadlan.gov.il/?view=settlement&id=122&page=deals"
"178","רמת יוחנן","RAMAT YOHANAN","זבולון","https://www.nadlan.gov.il/?view=settlement&id=178&page=deals"
"339","רמת צבי","RAMAT ZEVI","הגלבוע","https://www.nadlan.gov.il/?view=settlement&id=339&page=deals"
"543","ראמה","RAME","ללא מועצה אזורית","https://www.nadlan.gov.il/?view=settlement&id=543&page=deals"
"8500","רמלה","RAMLA","ללא מועצה אזורית","https://www.nadlan.gov.il/?view=settlement&id=8500&page=deals"
"4702","רמות","RAMOT","גולן","https://www.nadlan.gov.il/?view=settlement&id=4702&page=deals"
"206","רמות השבים","RAMOT HASHAVIM","דרום השרון","https://www.nadlan.gov.il/?view=settlement&id=206&page=deals"
"735","רמות מאיר","RAMOT ME'IR","גזר","https://www.nadlan.gov.il/?view=settlement&id=735&page=deals"
"445","רמות מנשה","RAMOT MENASHE","מגידו","https://www.nadlan.gov.il/?view=settlement&id=445&page=deals"
"372","רמות נפתלי","RAMOT NAFTALI","מבואות החרמון","https://www.nadlan.gov.il/?view=settlement&id=372&page=deals"
"789","רנן","RANNEN","מרחבים","https://www.nadlan.gov.il/?view=settlement&id=789&page=deals"
"1228","רקפת","RAQEFET","משגב","https://www.nadlan.gov.il/?view=settlement&id=1228&page=deals"
"1334","ראס אל-עין","RAS AL-EIN","משגב","https://www.nadlan.gov.il/?view=settlement&id=1334&page=deals"
"990","ראס עלי","RAS ALI","זבולון","https://www.nadlan.gov.il/?view=settlement&id=990&page=deals"
"1225","רביד","RAVID","עמק הירדן","https://www.nadlan.gov.il/?view=settlement&id=1225&page=deals"
"713","רעים","RE'IM","אשכול","https://www.nadlan.gov.il/?view=settlement&id=713&page=deals"
"444","רגבים","REGAVIM","מנשה","https://www.nadlan.gov.il/?view=settlement&id=444&page=deals"
"390","רגבה","REGBA","מטה אשר","https://www.nadlan.gov.il/?view=settlement&id=390&page=deals"
"3568","ריחן","REHAN","שומרון","https://www.nadlan.gov.il/?view=settlement&id=3568&page=deals"
"3822","רחלים","REHELIM","שומרון","https://www.nadlan.gov.il/?view=settlement&id=3822&page=deals"
"854","רחוב","REHOV","עמק המעיינות","https://www.nadlan.gov.il/?view=settlement&id=854&page=deals"
"8400","רחובות","REHOVOT","ללא מועצה אזורית","https://www.nadlan.gov.il/?view=settlement&id=8400&page=deals"
"540","ריחאניה","REIHANIYYE","מרום הגליל","https://www.nadlan.gov.il/?view=settlement&id=540&page=deals"
"542","ריינה","REINE","ללא מועצה אזורית","https://www.nadlan.gov.il/?view=settlement&id=542&page=deals"
"922","רכסים","REKHASIM","ללא מועצה אזורית","https://www.nadlan.gov.il/?view=settlement&id=922&page=deals"
"437","רשפים","RESHAFIM","עמק המעיינות","https://www.nadlan.gov.il/?view=settlement&id=437&page=deals"
"1260","רתמים","RETAMIM","רמת נגב","https://www.nadlan.gov.il/?view=settlement&id=1260&page=deals"
"564","רבדים","REVADIM","יואב","https://www.nadlan.gov.il/?view=settlement&id=564&page=deals"
"3795","רבבה","REVAVA","שומרון","https://www.nadlan.gov.il/?view=settlement&id=3795&page=deals"
"354","רביבים","REVIVIM","רמת נגב","https://www.nadlan.gov.il/?view=settlement&id=354&page=deals"
"2051","רווחה","REWAHA","שפיר","https://www.nadlan.gov.il/?view=settlement&id=2051&page=deals"
"2016","רוויה","REWAYA","עמק המעיינות","https://www.nadlan.gov.il/?view=settlement&id=2016&page=deals"
"3565","רימונים","RIMMONIM","מטה בנימין","https://www.nadlan.gov.il/?view=settlement&id=3565&page=deals"
"616","רינתיה","RINNATYA","חבל מודיעין","https://www.nadlan.gov.il/?view=settlement&id=616&page=deals"
"8300","ראשון לציון","RISHON LEZIYYON","ללא מועצה אזורית","https://www.nadlan.gov.il/?view=settlement&id=8300&page=deals"
"247","רשפון","RISHPON","חוף השרון","https://www.nadlan.gov.il/?view=settlement&id=247&page=deals"
"3619","רועי","RO'I","ערבות הירדן","https://www.nadlan.gov.il/?view=settlement&id=3619&page=deals"
"2640","ראש העין","ROSH HAAYIN","ללא מועצה אזורית","https://www.nadlan.gov.il/?view=settlement&id=2640&page=deals"
"26","ראש פינה","ROSH PINNA","ללא מועצה אזורית","https://www.nadlan.gov.il/?view=settlement&id=26&page=deals"
"3602","ראש צורים","ROSH ZURIM","גוש עציון","https://www.nadlan.gov.il/?view=settlement&id=3602&page=deals"
"3782","רותם","ROTEM","ערבות הירדן","https://www.nadlan.gov.il/?view=settlement&id=3782&page=deals"
"1341","רוח מדבר","RUAH MIDBAR","רמת נגב","https://www.nadlan.gov.il/?view=settlement&id=1341&page=deals"
"362","רוחמה","RUHAMA","שער הנגב","https://www.nadlan.gov.il/?view=settlement&id=362&page=deals"
"997","רומת הייב","RUMAT HEIB","אל-בטוף","https://www.nadlan.gov.il/?view=settlement&id=997&page=deals"
"539","רומאנה","RUMMANE","אל-בטוף","https://www.nadlan.gov.il/?view=settlement&id=539&page=deals"
"419","סעד","SA'AD","שדות נגב","https://www.nadlan.gov.il/?view=settlement&id=419&page=deals"
"454","סער","SA'AR","מטה אשר","https://www.nadlan.gov.il/?view=settlement&id=454&page=deals"
"1360","סעוה","SA'WA","אל קסום","https://www.nadlan.gov.il/?view=settlement&id=1360&page=deals"
"525","סאג'ור","SAJUR","ללא מועצה אזורית","https://www.nadlan.gov.il/?view=settlement&id=525&page=deals"
"7500","סח'נין","SAKHNIN","ללא מועצה אזורית","https://www.nadlan.gov.il/?view=settlement&id=7500&page=deals"
"3567","סלעית","SAL'IT","שומרון","https://www.nadlan.gov.il/?view=settlement&id=3567&page=deals"
"1245","סלמה","SALLAMA","משגב","https://www.nadlan.gov.il/?view=settlement&id=1245&page=deals"
"1156","סמר","SAMAR","חבל אילות","https://www.nadlan.gov.il/?view=settlement&id=1156&page=deals"
"636","צנדלה","SANDALA","הגלבוע","https://www.nadlan.gov.il/?view=settlement&id=636&page=deals"
"1176","ספיר","SAPPIR","הערבה התיכונה","https://www.nadlan.gov.il/?view=settlement&id=1176&page=deals"
"126","שריד","SARID","עמק יזרעאל","https://www.nadlan.gov.il/?view=settlement&id=126&page=deals"
"578","סאסא","SASA","הגליל העליון","https://www.nadlan.gov.il/?view=settlement&id=578&page=deals"
"587","סביון","SAVYON","ללא מועצה אזורית","https://www.nadlan.gov.il/?view=settlement&id=587&page=deals"
"989","סואעד (כמאנה) (שבט)","SAWA'ID (KAMANE)","ללא מועצה אזורית","https://www.nadlan.gov.il/?view=settlement&id=989&page=deals"
"942","סואעד (חמרייה)","SAWA'ID(HAMRIYYE)","עמק יזרעאל","https://www.nadlan.gov.il/?view=settlement&id=942&page=deals"
"1170","סייד (שבט)","SAYYID","ללא מועצה אזורית","https://www.nadlan.gov.il/?view=settlement&id=1170&page=deals"
"1223","שדי אברהם","SEDE AVRAHAM","אשכול","https://www.nadlan.gov.il/?view=settlement&id=1223&page=deals"
"885","שדה בוקר","SEDE BOQER","רמת נגב","https://www.nadlan.gov.il/?view=settlement&id=885&page=deals"
"36","שדה דוד","SEDE DAWID","לכיש","https://www.nadlan.gov.il/?view=settlement&id=36&page=deals"
"861","שדה אליעזר","SEDE ELI'EZER","מבואות החרמון","https://www.nadlan.gov.il/?view=settlement&id=861&page=deals"
"304","שדה אליהו","SEDE ELIYYAHU","עמק המעיינות","https://www.nadlan.gov.il/?view=settlement&id=304&page=deals"
"2015","שדי חמד","SEDE HEMED","דרום השרון","https://www.nadlan.gov.il/?view=settlement&id=2015&page=deals"
"721","שדה אילן","SEDE ILAN","הגליל התחתון","https://www.nadlan.gov.il/?view=settlement&id=721&page=deals"
"18","שדה משה","SEDE MOSHE","לכיש","https://www.nadlan.gov.il/?view=settlement&id=18&page=deals"
"259","שדה נחום","SEDE NAHUM","עמק המעיינות","https://www.nadlan.gov.il/?view=settlement&id=259&page=deals"
"329","שדה נחמיה","SEDE NEHEMYA","הגליל העליון","https://www.nadlan.gov.il/?view=settlement&id=329&page=deals"
"1058","שדה ניצן","SEDE NIZZAN","אשכול","https://www.nadlan.gov.il/?view=settlement&id=1058&page=deals"
"2057","שדי תרומות","SEDE TERUMOT","עמק המעיינות","https://www.nadlan.gov.il/?view=settlement&id=2057&page=deals"
"739","שדה עוזיהו","SEDE UZZIYYAHU","באר טוביה","https://www.nadlan.gov.il/?view=settlement&id=739&page=deals"
"284","שדה ורבורג","SEDE WARBURG","דרום השרון","https://www.nadlan.gov.il/?view=settlement&id=284&page=deals"
"142","שדה יעקב","SEDE YA'AQOV","עמק יזרעאל","https://www.nadlan.gov.il/?view=settlement&id=142&page=deals"
"2008","שדה יצחק","SEDE YIZHAQ","מנשה","https://www.nadlan.gov.il/?view=settlement&id=2008&page=deals"
"293","שדה יואב","SEDE YO'AV","יואב","https://www.nadlan.gov.il/?view=settlement&id=293&page=deals"
"2049","שדה צבי","SEDE ZEVI","מרחבים","https://www.nadlan.gov.il/?view=settlement&id=2049&page=deals"
"1031","שדרות","SEDEROT","ללא מועצה אזורית","https://www.nadlan.gov.il/?view=settlement&id=1031&page=deals"
"27","שדות מיכה","SEDOT MIKHA","מטה יהודה","https://www.nadlan.gov.il/?view=settlement&id=27&page=deals"
"327","שדות ים","SEDOT YAM","חוף הכרמל","https://www.nadlan.gov.il/?view=settlement&id=327&page=deals"
"1286","שגב-שלום","SEGEV-SHALOM","ללא מועצה אזורית","https://www.nadlan.gov.il/?view=settlement&id=1286&page=deals"
"2046","סגולה","SEGULA","יואב","https://www.nadlan.gov.il/?view=settlement&id=2046&page=deals"
"1132","שניר","SENIR","הגליל העליון","https://www.nadlan.gov.il/?view=settlement&id=1132&page=deals"
"538","שעב","SHA'AB","ללא מועצה אזורית","https://www.nadlan.gov.il/?view=settlement&id=538&page=deals"
"4009","שעל","SHA'AL","גולן","https://www.nadlan.gov.il/?view=settlement&id=4009&page=deals"
"856","שעלבים","SHA'ALVIM","גזר","https://www.nadlan.gov.il/?view=settlement&id=856&page=deals"
"661","שער אפרים","SHA'AR EFRAYIM","לב השרון","https://www.nadlan.gov.il/?view=settlement&id=661&page=deals"
"237","שער העמקים","SHA'AR HAAMAQIM","זבולון","https://www.nadlan.gov.il/?view=settlement&id=237&page=deals"
"264","שער הגולן","SHA'AR HAGOLAN","עמק הירדן","https://www.nadlan.gov.il/?view=settlement&id=264&page=deals"
"921","שער מנשה","SHA'AR MENASHE","מנשה","https://www.nadlan.gov.il/?view=settlement&id=921&page=deals"
"3826","שער שומרון","SHA'AR SHOMRON","ללא מועצה אזורית","https://www.nadlan.gov.il/?view=settlement&id=3826&page=deals"
"306","שדמות דבורה","SHADMOT DEVORA","הגליל התחתון","https://www.nadlan.gov.il/?view=settlement&id=306&page=deals"
"3578","שדמות מחולה","SHADMOT MEHOLA","ערבות הירדן","https://www.nadlan.gov.il/?view=settlement&id=3578&page=deals"
"692","שפיר","SHAFIR","שפיר","https://www.nadlan.gov.il/?view=settlement&id=692&page=deals"
"7","שחר","SHAHAR","לכיש","https://www.nadlan.gov.il/?view=settlement&id=7&page=deals"
"3868","שחרית","SHAHARIT","שומרון","https://www.nadlan.gov.il/?view=settlement&id=3868&page=deals"
"1266","שחרות","SHAHARUT","חבל אילות","https://www.nadlan.gov.il/?view=settlement&id=1266&page=deals"
"1373","שלווה במדבר","SHALVA BAMIDBAR","רמת נגב","https://www.nadlan.gov.il/?view=settlement&id=1373&page=deals"
"873","שלווה","SHALWA","שפיר","https://www.nadlan.gov.il/?view=settlement&id=873&page=deals"
"432","שמרת","SHAMERAT","מטה אשר","https://www.nadlan.gov.il/?view=settlement&id=432&page=deals"
"366","שמיר","SHAMIR","הגליל העליון","https://www.nadlan.gov.il/?view=settlement&id=366&page=deals"
"1287","שני","SHANI","הר חברון","https://www.nadlan.gov.il/?view=settlement&id=1287&page=deals"
"3649","שקד","SHAQED","שומרון","https://www.nadlan.gov.il/?view=settlement&id=3649&page=deals"
"292","שרונה","SHARONA","הגליל התחתון","https://www.nadlan.gov.il/?view=settlement&id=292&page=deals"
"398","שרשרת","SHARSHERET","שדות נגב","https://www.nadlan.gov.il/?view=settlement&id=398&page=deals"
"1377","שבי דרום","SHAVE DAROM","מרחבים","https://www.nadlan.gov.il/?view=settlement&id=1377&page=deals"
"3571","שבי שומרון","SHAVE SHOMERON","שומרון","https://www.nadlan.gov.il/?view=settlement&id=3571&page=deals"
"282","שבי ציון","SHAVE ZIYYON","מטה אשר","https://www.nadlan.gov.il/?view=settlement&id=282&page=deals"
"324","שאר ישוב","SHE'AR YASHUV","מבואות החרמון","https://www.nadlan.gov.il/?view=settlement&id=324&page=deals"
"555","שדמה","SHEDEMA","גדרות","https://www.nadlan.gov.il/?view=settlement&id=555&page=deals"
"8800","שפרעם","SHEFAR'AM","ללא מועצה אזורית","https://www.nadlan.gov.il/?view=settlement&id=8800&page=deals"
"232","שפיים","SHEFAYIM","חוף השרון","https://www.nadlan.gov.il/?view=settlement&id=232&page=deals"
"846","שפר","SHEFER","מרום הגליל","https://www.nadlan.gov.il/?view=settlement&id=846&page=deals"
"658","שייח' דנון","SHEIKH DANNUN","מטה אשר","https://www.nadlan.gov.il/?view=settlement&id=658&page=deals"
"1160","שכניה","SHEKHANYA","משגב","https://www.nadlan.gov.il/?view=settlement&id=1160&page=deals"
"812","שלומי","SHELOMI","ללא מועצה אזורית","https://www.nadlan.gov.il/?view=settlement&id=812&page=deals"
"439","שלוחות","SHELUHOT","עמק המעיינות","https://www.nadlan.gov.il/?view=settlement&id=439&page=deals"
"1233","שקף","SHEQEF","לכיש","https://www.nadlan.gov.il/?view=settlement&id=1233&page=deals"
"1045","שתולה","SHETULA","מעלה יוסף","https://www.nadlan.gov.il/?view=settlement&id=1045&page=deals"
"763","שתולים","SHETULIM","באר טוביה","https://www.nadlan.gov.il/?view=settlement&id=763&page=deals"
"1378","שיזף","SHEZAF","רמת נגב","https://www.nadlan.gov.il/?view=settlement&id=1378&page=deals"
"527","שזור","SHEZOR","מרום הגליל","https://www.nadlan.gov.il/?view=settlement&id=527&page=deals"
"865","שיבולים","SHIBBOLIM","שדות נגב","https://www.nadlan.gov.il/?view=settlement&id=865&page=deals"
"913","שבלי - אום אל-גנם","SHIBLI","ללא מועצה אזורית","https://www.nadlan.gov.il/?view=settlement&id=913&page=deals"
"1165","שילת","SHILAT","חבל מודיעין","https://www.nadlan.gov.il/?view=settlement&id=1165&page=deals"
"3641","שילה","SHILO","מטה בנימין","https://www.nadlan.gov.il/?view=settlement&id=3641&page=deals"
"3784","שמעה","SHIM'A","הר חברון","https://www.nadlan.gov.il/?view=settlement&id=3784&page=deals"
"1337","שמשית","SHIMSHIT","עמק יזרעאל","https://www.nadlan.gov.il/?view=settlement&id=1337&page=deals"
"1197","נאות סמדר","SHIZZAFON","חבל אילות","https://www.nadlan.gov.il/?view=settlement&id=1197&page=deals"
"1364","שלומית","SHLOMIT","אשכול","https://www.nadlan.gov.il/?view=settlement&id=1364&page=deals"
"741","שואבה","SHO'EVA","מטה יהודה","https://www.nadlan.gov.il/?view=settlement&id=741&page=deals"
"1304","שוהם","SHOHAM","ללא מועצה אזורית","https://www.nadlan.gov.il/?view=settlement&id=1304&page=deals"
"614","שומרה","SHOMERA","מעלה יוסף","https://www.nadlan.gov.il/?view=settlement&id=614&page=deals"
"1265","שומריה","SHOMERIYYA","בני שמעון","https://www.nadlan.gov.il/?view=settlement&id=1265&page=deals"
"415","שוקדה","SHOQEDA","שדות נגב","https://www.nadlan.gov.il/?view=settlement&id=415&page=deals"
"1235","שורשים","SHORASHIM","משגב","https://www.nadlan.gov.il/?view=settlement&id=1235&page=deals"
"456","שורש","SHORESH","מטה יהודה","https://www.nadlan.gov.il/?view=settlement&id=456&page=deals"
"224","שושנת העמקים","SHOSHANNAT HAAMAQIM","עמק חפר","https://www.nadlan.gov.il/?view=settlement&id=224&page=deals"
"1102","צוקי ים","SHOSHANNAT HAAMAQIM(","עמק חפר","https://www.nadlan.gov.il/?view=settlement&id=1102&page=deals"
"394","שובל","SHOVAL","בני שמעון","https://www.nadlan.gov.il/?view=settlement&id=394&page=deals"
"761","שובה","SHUVA","שדות נגב","https://www.nadlan.gov.il/?view=settlement&id=761&page=deals"
"610","סתריה","SITRIYYA","גזר","https://www.nadlan.gov.il/?view=settlement&id=610&page=deals"
"1238","סופה","SUFA","אשכול","https://www.nadlan.gov.il/?view=settlement&id=1238&page=deals"
"526","סולם","SULAM","בוסתאן אל-מרג'","https://www.nadlan.gov.il/?view=settlement&id=526&page=deals"
"3756","סוסיה","SUSEYA","הר חברון","https://www.nadlan.gov.il/?view=settlement&id=3756&page=deals"
"752","תעוז","TA'OZ","מטה יהודה","https://www.nadlan.gov.il/?view=settlement&id=752&page=deals"
"462","טל שחר","TAL SHAHAR","מטה יהודה","https://www.nadlan.gov.il/?view=settlement&id=462&page=deals"
"1181","טל-אל","TAL-EL","משגב","https://www.nadlan.gov.il/?view=settlement&id=1181&page=deals"
"2050","תלמי בילו","TALME BILU","מרחבים","https://www.nadlan.gov.il/?view=settlement&id=2050&page=deals"
"2003","תלמי אלעזר","TALME EL'AZAR","מנשה","https://www.nadlan.gov.il/?view=settlement&id=2003&page=deals"
"1051","תלמי אליהו","TALME ELIYYAHU","אשכול","https://www.nadlan.gov.il/?view=settlement&id=1051&page=deals"
"744","תלמי יפה","TALME YAFE","חוף אשקלון","https://www.nadlan.gov.il/?view=settlement&id=744&page=deals"
"727","תלמי יחיאל","TALME YEHI'EL","באר טוביה","https://www.nadlan.gov.il/?view=settlement&id=727&page=deals"
"1237","תלמי יוסף","TALME YOSEF","אשכול","https://www.nadlan.gov.il/?view=settlement&id=1237&page=deals"
"3788","טלמון","TALMON","מטה בנימין","https://www.nadlan.gov.il/?view=settlement&id=3788&page=deals"
"8900","טמרה","TAMRA","ללא מועצה אזורית","https://www.nadlan.gov.il/?view=settlement&id=8900&page=deals"
"547","טמרה (יזרעאל)","TAMRA (YIZRE'EL)","הגלבוע","https://www.nadlan.gov.il/?view=settlement&id=547&page=deals"
"1346","תראבין א-צאנע(ישוב)","TARABIN AS-SANI","אל קסום","https://www.nadlan.gov.il/?view=settlement&id=1346&page=deals"
"970","תראבין א-צאנע (שבט)","TARABIN AS-SANI","ללא מועצה אזורית","https://www.nadlan.gov.il/?view=settlement&id=970&page=deals"
"778","תרום","TARUM","מטה יהודה","https://www.nadlan.gov.il/?view=settlement&id=778&page=deals"
"2730","טייבה","TAYIBE","ללא מועצה אזורית","https://www.nadlan.gov.il/?view=settlement&id=2730&page=deals"
"497","טייבה (בעמק)","TAYIBE(BAEMEQ)","הגלבוע","https://www.nadlan.gov.il/?view=settlement&id=497&page=deals"
"2062","תאשור","TE'ASHUR","בני שמעון","https://www.nadlan.gov.il/?view=settlement&id=2062&page=deals"
"1214","טפחות","TEFAHOT","מרום הגליל","https://www.nadlan.gov.il/?view=settlement&id=1214&page=deals"
"103","תל עדשים","TEL ADASHIM","עמק יזרעאל","https://www.nadlan.gov.il/?view=settlement&id=103&page=deals"
"5000","תל אביב - יפו","TEL AVIV - YAFO","ללא מועצה אזורית","https://www.nadlan.gov.il/?view=settlement&id=5000&page=deals"
"154","תל מונד","TEL MOND","ללא מועצה אזורית","https://www.nadlan.gov.il/?view=settlement&id=154&page=deals"
"719","תל קציר","TEL QAZIR","עמק הירדן","https://www.nadlan.gov.il/?view=settlement&id=719&page=deals"
"1054","תל שבע","TEL SHEVA","ללא מועצה אזורית","https://www.nadlan.gov.il/?view=settlement&id=1054&page=deals"
"1283","תל תאומים","TEL TE'OMIM","עמק המעיינות","https://www.nadlan.gov.il/?view=settlement&id=1283&page=deals"
"3815","תל ציון","TEL TSIYON","מטה בנימין","https://www.nadlan.gov.il/?view=settlement&id=3815&page=deals"
"287","תל יצחק","TEL YIZHAQ","חוף השרון","https://www.nadlan.gov.il/?view=settlement&id=287&page=deals"
"84","תל יוסף","TEL YOSEF","הגלבוע","https://www.nadlan.gov.il/?view=settlement&id=84&page=deals"
"1177","טללים","TELALIM","רמת נגב","https://www.nadlan.gov.il/?view=settlement&id=1177&page=deals"
"814","תלמים","TELAMIM","לכיש","https://www.nadlan.gov.il/?view=settlement&id=814&page=deals"
"3719","תלם","TELEM","הר חברון","https://www.nadlan.gov.il/?view=settlement&id=3719&page=deals"
"3743","טנא","TENE","הר חברון","https://www.nadlan.gov.il/?view=settlement&id=3743&page=deals"
"2002","תנובות","TENUVOT","לב השרון","https://www.nadlan.gov.il/?view=settlement&id=2002&page=deals"
"3563","תקוע","TEQOA","גוש עציון","https://www.nadlan.gov.il/?view=settlement&id=3563&page=deals"
"665","תקומה","TEQUMA","שדות נגב","https://www.nadlan.gov.il/?view=settlement&id=665&page=deals"
"6700","טבריה","TIBERIAS","ללא מועצה אזורית","https://www.nadlan.gov.il/?view=settlement&id=6700&page=deals"
"2061","תדהר","TIDHAR","בני שמעון","https://www.nadlan.gov.il/?view=settlement&id=2061&page=deals"
"709","תפרח","TIFRAH","מרחבים","https://www.nadlan.gov.il/?view=settlement&id=709&page=deals"
"163","תימורים","TIMMORIM","באר טוביה","https://www.nadlan.gov.il/?view=settlement&id=163&page=deals"
"1244","תמרת","TIMRAT","עמק יזרעאל","https://www.nadlan.gov.il/?view=settlement&id=1244&page=deals"
"2100","טירת כרמל","TIRAT KARMEL","ללא מועצה אזורית","https://www.nadlan.gov.il/?view=settlement&id=2100&page=deals"
"663","טירת יהודה","TIRAT YEHUDA","חבל מודיעין","https://www.nadlan.gov.il/?view=settlement&id=663&page=deals"
"268","טירת צבי","TIRAT ZEVI","עמק המעיינות","https://www.nadlan.gov.il/?view=settlement&id=268&page=deals"
"2720","טירה","TIRE","ללא מועצה אזורית","https://www.nadlan.gov.il/?view=settlement&id=2720&page=deals"
"10","תירוש","TIROSH","מטה יהודה","https://www.nadlan.gov.il/?view=settlement&id=10&page=deals"
"3558","תומר","TOMER","ערבות הירדן","https://www.nadlan.gov.il/?view=settlement&id=3558&page=deals"
"4029","רמת טראמפ","TRUMP HEIGHTS","גולן","https://www.nadlan.gov.il/?view=settlement&id=4029&page=deals"
"962","טובא-זנגריה","TUBA-ZANGARIYYE","ללא מועצה אזורית","https://www.nadlan.gov.il/?view=settlement&id=962&page=deals"
"498","טורעאן","TUR'AN","ללא מועצה אזורית","https://www.nadlan.gov.il/?view=settlement&id=498&page=deals"
"1083","תושיה","TUSHIYYA","שדות נגב","https://www.nadlan.gov.il/?view=settlement&id=1083&page=deals"
"1172","תובל","TUVAL","משגב","https://www.nadlan.gov.il/?view=settlement&id=1172&page=deals"
"446","אודים","UDIM","חוף השרון","https://www.nadlan.gov.il/?view=settlement&id=446&page=deals"
"2710","אום אל-פחם","UMM AL-FAHM","ללא מועצה אזורית","https://www.nadlan.gov.il/?view=settlement&id=2710&page=deals"
"2024","אום אל-קוטוף","UMM AL-QUTUF","מנשה","https://www.nadlan.gov.il/?view=settlement&id=2024&page=deals"
"1358","אום בטין","UMM BATIN","אל קסום","https://www.nadlan.gov.il/?view=settlement&id=1358&page=deals"
"957","עוקבי (בנו עוקבה)","UQBI (BANU UQBA)","ללא מועצה אזורית","https://www.nadlan.gov.il/?view=settlement&id=957&page=deals"
"403","אורים","URIM","אשכול","https://www.nadlan.gov.il/?view=settlement&id=403&page=deals"
"278","אושה","USHA","זבולון","https://www.nadlan.gov.il/?view=settlement&id=278&page=deals"
"826","עוזה","UZA","שפיר","https://www.nadlan.gov.il/?view=settlement&id=826&page=deals"
"528","עוזייר","UZEIR","אל-בטוף","https://www.nadlan.gov.il/?view=settlement&id=528&page=deals"
"1133","ורדון","WARDON","יואב","https://www.nadlan.gov.il/?view=settlement&id=1133&page=deals"
"3639","ורד יריחו","WERED YERIHO","מגילות ים המלח","https://www.nadlan.gov.il/?view=settlement&id=3639&page=deals"
"1138","יעד","YA'AD","משגב","https://www.nadlan.gov.il/?view=settlement&id=1138&page=deals"
"795","יערה","YA'ARA","מעלה יוסף","https://www.nadlan.gov.il/?view=settlement&id=795&page=deals"
"1117","יעל","YA'EL","הגלבוע","https://www.nadlan.gov.il/?view=settlement&id=1117&page=deals"
"577","יד בנימין","YAD BINYAMIN","נחל שורק","https://www.nadlan.gov.il/?view=settlement&id=577&page=deals"
"758","יד חנה","YAD HANNA","עמק חפר","https://www.nadlan.gov.il/?view=settlement&id=758&page=deals"
"1134","יד השמונה","YAD HASHEMONA","מטה יהודה","https://www.nadlan.gov.il/?view=settlement&id=1134&page=deals"
"358","יד מרדכי","YAD MORDEKHAY","חוף אשקלון","https://www.nadlan.gov.il/?view=settlement&id=358&page=deals"
"775","יד נתן","YAD NATAN","לכיש","https://www.nadlan.gov.il/?view=settlement&id=775&page=deals"
"64","יד רמבם","YAD RAMBAM","גזר","https://www.nadlan.gov.il/?view=settlement&id=64&page=deals"
"499","יפיע","YAFI","ללא מועצה אזורית","https://www.nadlan.gov.il/?view=settlement&id=499&page=deals"
"3566","יפית","YAFIT","ערבות הירדן","https://www.nadlan.gov.il/?view=settlement&id=3566&page=deals"
"798","יגל","YAGEL","שדות דן","https://www.nadlan.gov.il/?view=settlement&id=798&page=deals"
"96","יגור","YAGUR","זבולון","https://www.nadlan.gov.il/?view=settlement&id=96&page=deals"
"1158","יהל","YAHEL","חבל אילות","https://www.nadlan.gov.il/?view=settlement&id=1158&page=deals"
"811","יכיני","YAKHINI","שער הנגב","https://www.nadlan.gov.il/?view=settlement&id=811&page=deals"
"1295","יאנוח-ג'ת","YANUH-JAT","ללא מועצה אזורית","https://www.nadlan.gov.il/?view=settlement&id=1295&page=deals"
"753","ינוב","YANUV","לב השרון","https://www.nadlan.gov.il/?view=settlement&id=753&page=deals"
"3647","יקיר","YAQIR","שומרון","https://www.nadlan.gov.il/?view=settlement&id=3647&page=deals"
"417","יקום","YAQUM","חוף השרון","https://www.nadlan.gov.il/?view=settlement&id=417&page=deals"
"2026","ירדנה","YARDENA","עמק המעיינות","https://www.nadlan.gov.il/?view=settlement&id=2026&page=deals"
"718","ירחיב","YARHIV","דרום השרון","https://www.nadlan.gov.il/?view=settlement&id=718&page=deals"
"183","ירקונה","YARQONA","דרום השרון","https://www.nadlan.gov.il/?view=settlement&id=183&page=deals"
"575","יסעור","YAS'UR","מטה אשר","https://www.nadlan.gov.il/?view=settlement&id=575&page=deals"
"828","ישרש","YASHRESH","גזר","https://www.nadlan.gov.il/?view=settlement&id=828&page=deals"
"1227","יתד","YATED","אשכול","https://www.nadlan.gov.il/?view=settlement&id=1227&page=deals"
"2660","יבנה","YAVNE","ללא מועצה אזורית","https://www.nadlan.gov.il/?view=settlement&id=2660&page=deals"
"46","יבנאל","YAVNE'EL","ללא מועצה אזורית","https://www.nadlan.gov.il/?view=settlement&id=46&page=deals"
"759","יציץ","YAZIZ","גזר","https://www.nadlan.gov.il/?view=settlement&id=759&page=deals"
"1044","יעף","YE'AF","לב השרון","https://www.nadlan.gov.il/?view=settlement&id=1044&page=deals"
"1144","ידידה","YEDIDA","מטה יהודה","https://www.nadlan.gov.il/?view=settlement&id=1144&page=deals"
"233","כפר ידידיה","YEDIDYA","עמק חפר","https://www.nadlan.gov.il/?view=settlement&id=233&page=deals"
"409","יחיעם","YEHI'AM","מטה אשר","https://www.nadlan.gov.il/?view=settlement&id=409&page=deals"
"9400","יהוד-מונוסון","YEHUD-MONOSON","ללא מועצה אזורית","https://www.nadlan.gov.il/?view=settlement&id=9400&page=deals"
"831","ירוחם","YEROHAM","ללא מועצה אזורית","https://www.nadlan.gov.il/?view=settlement&id=831&page=deals"
"916","ישע","YESHA","אשכול","https://www.nadlan.gov.il/?view=settlement&id=916&page=deals"
"440","יסודות","YESODOT","נחל שורק","https://www.nadlan.gov.il/?view=settlement&id=440&page=deals"
"29","יסוד המעלה","YESUD HAMA'ALA","ללא מועצה אזורית","https://www.nadlan.gov.il/?view=settlement&id=29&page=deals"
"1232","יבול","YEVUL","אשכול","https://www.nadlan.gov.il/?view=settlement&id=1232&page=deals"
"134","יפעת","YIF'AT","עמק יזרעאל","https://www.nadlan.gov.il/?view=settlement&id=134&page=deals"
"453","יפתח","YIFTAH","הגליל העליון","https://www.nadlan.gov.il/?view=settlement&id=453&page=deals"
"2011","ינון","YINNON","באר טוביה","https://www.nadlan.gov.il/?view=settlement&id=2011&page=deals"
"623","יראון","YIR'ON","הגליל העליון","https://www.nadlan.gov.il/?view=settlement&id=623&page=deals"
"502","ירכא","YIRKA","ללא מועצה אזורית","https://www.nadlan.gov.il/?view=settlement&id=502&page=deals"
"805","ישעי","YISH'I","מטה יהודה","https://www.nadlan.gov.il/?view=settlement&id=805&page=deals"
"3607","ייטב","YITAV","ערבות הירדן","https://www.nadlan.gov.il/?view=settlement&id=3607&page=deals"
"3749","יצהר","YIZHAR","שומרון","https://www.nadlan.gov.il/?view=settlement&id=3749&page=deals"
"452","יזרעאל","YIZRE'EL","הגלבוע","https://www.nadlan.gov.il/?view=settlement&id=452&page=deals"
"1112","יודפת","YODEFAT","משגב","https://www.nadlan.gov.il/?view=settlement&id=1112&page=deals"
"4007","יונתן","YONATAN","גולן","https://www.nadlan.gov.il/?view=settlement&id=4007&page=deals"
"240","יקנעם עילית","YOQNE'AM ILLIT","ללא מועצה אזורית","https://www.nadlan.gov.il/?view=settlement&id=240&page=deals"
"241","יקנעם (מושבה)","YOQNE'AM(MOSHAVA)","מגידו","https://www.nadlan.gov.il/?view=settlement&id=241&page=deals"
"803","יושיביה","YOSHIVYA","שדות נגב","https://www.nadlan.gov.il/?view=settlement&id=803&page=deals"
"866","יטבתה","YOTVATA","חבל אילות","https://www.nadlan.gov.il/?view=settlement&id=866&page=deals"
"2009","יובל","YUVAL","מבואות החרמון","https://www.nadlan.gov.il/?view=settlement&id=2009&page=deals"
"1226","יובלים","YUVALIM","משגב","https://www.nadlan.gov.il/?view=settlement&id=1226&page=deals"
"2742","זבארגה (שבט)","ZABARGA","ללא מועצה אזורית","https://www.nadlan.gov.il/?view=settlement&id=2742&page=deals"
"1079","צפרירים","ZAFRIRIM","מטה יהודה","https://www.nadlan.gov.il/?view=settlement&id=1079&page=deals"
"594","צפריה","ZAFRIYYA","שדות דן","https://www.nadlan.gov.il/?view=settlement&id=594&page=deals"
"816","זנוח","ZANOAH","מטה יהודה","https://www.nadlan.gov.il/?view=settlement&id=816&page=deals"
"975","זרזיר","ZARZIR","ללא מועצה אזורית","https://www.nadlan.gov.il/?view=settlement&id=975&page=deals"
"815","זבדיאל","ZAVDI'EL","שפיר","https://www.nadlan.gov.il/?view=settlement&id=815&page=deals"
"413","צאלים","ZE'ELIM","אשכול","https://www.nadlan.gov.il/?view=settlement&id=413&page=deals"
"8000","צפת","ZEFAT","ללא מועצה אזורית","https://www.nadlan.gov.il/?view=settlement&id=8000&page=deals"
"799","זכריה","ZEKHARYA","מטה יהודה","https://www.nadlan.gov.il/?view=settlement&id=799&page=deals"
"796","צלפון","ZELAFON","מטה יהודה","https://www.nadlan.gov.il/?view=settlement&id=796&page=deals"
"1290","זמר","ZEMER","ללא מועצה אזורית","https://www.nadlan.gov.il/?view=settlement&id=1290&page=deals"
"818","זרחיה","ZERAHYA","שפיר","https://www.nadlan.gov.il/?view=settlement&id=818&page=deals"
"2064","זרועה","ZERU'A","שדות נגב","https://www.nadlan.gov.il/?view=settlement&id=2064&page=deals"
"612","צרופה","ZERUFA","חוף הכרמל","https://www.nadlan.gov.il/?view=settlement&id=612&page=deals"
"788","זיתן","ZETAN","שדות דן","https://www.nadlan.gov.il/?view=settlement&id=788&page=deals"
"9300","זכרון יעקב","ZIKHRON YA'AQOV","ללא מועצה אזורית","https://www.nadlan.gov.il/?view=settlement&id=9300&page=deals"
"1065","זמרת","ZIMRAT","שדות נגב","https://www.nadlan.gov.il/?view=settlement&id=1065&page=deals"
"613","ציפורי","ZIPPORI","עמק יזרעאל","https://www.nadlan.gov.il/?view=settlement&id=613&page=deals"
"584","זיקים","ZIQIM","חוף אשקלון","https://www.nadlan.gov.il/?view=settlement&id=584&page=deals"
"1213","צבעון","ZIV'ON","הגליל העליון","https://www.nadlan.gov.il/?view=settlement&id=1213&page=deals"
"1150","צופר","ZOFAR","הערבה התיכונה","https://www.nadlan.gov.il/?view=settlement&id=1150&page=deals"
"198","צופית","ZOFIT","דרום השרון","https://www.nadlan.gov.il/?view=settlement&id=198&page=deals"
"1111","צופיה","ZOFIYYA","חבל יבנה","https://www.nadlan.gov.il/?view=settlement&id=1111&page=deals"
"44","זוהר","ZOHAR","לכיש","https://www.nadlan.gov.il/?view=settlement&id=44&page=deals"
"1136","צוחר","ZOHAR","אשכול","https://www.nadlan.gov.il/?view=settlement&id=1136&page=deals"
"567","צרעה","ZOR'A","מטה יהודה","https://www.nadlan.gov.il/?view=settlement&id=567&page=deals"
"465","צובה","ZOVA","מטה יהודה","https://www.nadlan.gov.il/?view=settlement&id=465&page=deals"
"3791","צופים","ZUFIN","שומרון","https://www.nadlan.gov.il/?view=settlement&id=3791&page=deals"
"1113","צור הדסה","ZUR HADASSA","ללא מועצה אזורית","https://www.nadlan.gov.il/?view=settlement&id=1113&page=deals"
"276","צור משה","ZUR MOSHE","לב השרון","https://www.nadlan.gov.il/?view=settlement&id=276&page=deals"
"1148","צור נתן","ZUR NATAN","דרום השרון","https://www.nadlan.gov.il/?view=settlement&id=1148&page=deals"
"1345","צור יצחק","ZUR YIZHAQ","דרום השרון","https://www.nadlan.gov.il/?view=settlement&id=1345&page=deals"
"774","צוריאל","ZURI'EL","מעלה יוסף","https://www.nadlan.gov.il/?view=settlement&id=774&page=deals"
"1221","צורית","ZURIT","משגב","https://www.nadlan.gov.il/?view=settlement&id=1221&page=deals"
"1180","צביה","ZVIYYA","משגב","https://www.nadlan.gov.il/?view=settlement&id=1180&page=deals"