city,neighborhood,transaction_id,שם העיר,שם השכונה,address,area_sqm,transaction_date,transaction_price,block,property_type,rooms,price_per_sqm
מודיעין עילית,קרית ספר,2,מודיעין עילית,קרית ספר,נתיבות המשפט 89,70,2025,1830000,63797-2834-1,דירה בבית,3,26143
מודיעין עילית,קרית ספר,3,מודיעין עילית,קרית ספר,שאגת אריה 11,182,2025,3750000,63797-1813-1,דירה בבית,6,20604
מודיעין עילית,קרית ספר,5,מודיעין עילית,קרית ספר,קצות החושן 5,106,2025,1975000,63797-1507-1,דירה בבית,4,18632
מודיעין עילית,קרית ספר,7,מודיעין עילית,קרית ספר,אבני נזר 10,95,2025,1890000,63797-427-1,דירה בבית,3,19895
מודיעין עילית,קרית ספר,8,מודיעין עילית,קרית ספר,שאגת אריה 13,180,2025,3300000,63797-1815-1,דירה בבית,5,18333
מודיעין עילית,קרית ספר,9,מודיעין עילית,קרית ספר,נתיבות המשפט 103,91,2025,2300000,63797-2844-1,דירה בבית,4,25275
מודיעין עילית,קרית ספר,12,מודיעין עילית,קרית ספר,נתיבות המשפט 71,50,2025,750000,63797-2820-1,דירה בבית,2,15000
מודיעין עילית,קרית ספר,15,מודיעין עילית,קרית ספר,קצות החושן 17,74,2025,1865000,63797-1517-1,דירה בבית,3,25203
מודיעין עילית,קרית ספר,16,מודיעין עילית,קרית ספר,נתיבות המשפט 57,80,2025,1980000,63797-2806-1,דירה בבית,3,24750
מודיעין עילית,קרית ספר,17,מודיעין עילית,קרית ספר,חזון דוד 25,73,2025,1950000,63797-3017-1,דירה בבית,3,26712
מודיעין עילית,קרית ספר,18,מודיעין עילית,קרית ספר,חפץ חיים 18,84,2025,2050000,63797-607-1,דירה בבית,3,24405
מודיעין עילית,קרית ספר,19,מודיעין עילית,קרית ספר,נתיבות המשפט 63,81,2025,1820000,63797-2812-1,דירה בבית,3,22469
מודיעין עילית,קרית ספר,21,מודיעין עילית,קרית ספר,מרומי שדה 15,90,2025,1925000,63797-1316-1,דירה בבית,3,21389
מודיעין עילית,קרית ספר,22,מודיעין עילית,קרית ספר,חזון דוד 13,100,2025,2400000,63797-3013-1,דירה בבית,4,24000
מודיעין עילית,קרית ספר,23,מודיעין עילית,קרית ספר,אור החיים 7,77,2025,1775000,63797-220-1,דירה בבית,3,23052
מודיעין עילית,קרית ספר,24,מודיעין עילית,קרית ספר,שדי חמד 14,77,2025,2000000,63797-327-1,דירה בבית,3,25974
מודיעין עילית,קרית ספר,25,מודיעין עילית,קרית ספר,נתיבות המשפט 59,81,2025,1750000,63797-2808-1,דירה בבית,3,21605
מודיעין עילית,קרית ספר,26,מודיעין עילית,קרית ספר,נתיבות המשפט 107,67,2025,1680000,63797-2848-1,דירה בבית,2,25075
מודיעין עילית,קרית ספר,27,מודיעין עילית,קרית ספר,אור החיים 11,82,2025,1735000,63797-216-1,דירה בבית,3,21159
מודיעין עילית,קרית ספר,28,מודיעין עילית,קרית ספר,מסילת יוסף 40,105,2025,2100000,63797-786-1,דירה בבית,4,20000
מודיעין עילית,קרית ספר,29,מודיעין עילית,קרית ספר,משך חכמה 2,79,2025,1570000,63648-2022-3,דירה בבית,3,19873
מודיעין עילית,קרית ספר,30,מודיעין עילית,קרית ספר,שאגת אריה 3,110,2025,2640000,63797-1805-1,דירה בבית,5,24000
מודיעין עילית,קרית ספר,31,מודיעין עילית,קרית ספר,שאגת אריה 13,89,2025,1900000,63797-1815-3,דירה בבית,3,21348
מודיעין עילית,קרית ספר,33,מודיעין עילית,קרית ספר,מרומי שדה 2,60,2025,700000,63797-1301-1,דירה בבית,2,11667
מודיעין עילית,קרית ספר,34,מודיעין עילית,קרית ספר,נתיבות המשפט 107,108,2025,2430000,63797-2848-3,דירה בבית,4,22500
מודיעין עילית,קרית ספר,35,מודיעין עילית,קרית ספר,משך חכמה 66,81,2025,1540000,63797-503-1,דירה בבית,3,19012
מודיעין עילית,קרית ספר,36,מודיעין עילית,קרית ספר,משך חכמה 32,178,2025,3300000,63797-509-1,דירה בבית,6,18539
מודיעין עילית,קרית ספר,37,מודיעין עילית,קרית ספר,משך חכמה 5,81,2025,1260000,63797-505-1,דירה בבית,6,15556
מודיעין עילית,קרית ספר,38,מודיעין עילית,קרית ספר,מרומי שדה 12,130,2025,2700000,63797-1305-1,דירה בבית,6,20769
מודיעין עילית,קרית ספר,39,מודיעין עילית,קרית ספר,נתיבות המשפט 3,103,2025,2100000,63648-2076-1,דירה בבית,3,20388
מודיעין עילית,קרית ספר,41,מודיעין עילית,קרית ספר,נתיבות המשפט 14,125,2025,2270000,63648-2087-1,דירה בבית,5,18160
מודיעין עילית,קרית ספר,42,מודיעין עילית,קרית ספר,מסילת יוסף 3,96,2025,2040000,63797-705-1,דירה בבית,4,21250
מודיעין עילית,קרית ספר,43,מודיעין עילית,קרית ספר,מרומי שדה 14,86,2025,2300000,63797-1307-1,דירה בבית,4,26744
מודיעין עילית,קרית ספר,44,מודיעין עילית,קרית ספר,חזון דוד 7,101,2025,2040000,63797-3010-1,דירה בבית,3,20198
מודיעין עילית,קרית ספר,45,מודיעין עילית,קרית ספר,חפץ חיים 17,96,2025,1980000,63797-604-1,דירה בבית,4,20625
מודיעין עילית,קרית ספר,46,מודיעין עילית,קרית ספר,מרומי שדה 21,80,2025,1900000,63648-222-1,דירה בבית,3,23750
מודיעין עילית,קרית ספר,47,מודיעין עילית,קרית ספר,נתיבות המשפט 18,87,2025,1800000,63648-2170-3,דירה בבית,3,20690
מודיעין עילית,קרית ספר,48,מודיעין עילית,קרית ספר,נתיבות המשפט 59,81,2025,1775000,63797-2808-3,דירה בבית,3,21914
מודיעין עילית,קרית ספר,49,מודיעין עילית,קרית ספר,מרומי שדה 34,101,2025,2170000,63797-1317-1,דירה בבית,4,21485
מודיעין עילית,קרית ספר,50,מודיעין עילית,קרית ספר,שדי חמד 25,87,2025,1920000,63797-2002-1,דירה בבית,3,22069
מודיעין עילית,קרית ספר,51,מודיעין עילית,קרית ספר,מרומי שדה 10,92,2025,2500000,63797-1305-3,דירה בבית,5,27174
מודיעין עילית,קרית ספר,52,מודיעין עילית,קרית ספר,חזון דוד 21,71,2024,1910000,63797-3015-1,דירה בבית,3,26901
מודיעין עילית,קרית ספר,53,מודיעין עילית,קרית ספר,נתיבות המשפט 61,81,2024,1640000,63797-2810-1,דירה בבית,3,20247
מודיעין עילית,קרית ספר,56,מודיעין עילית,קרית ספר,מסילת יוסף 11,95,2024,1620000,63797-783-1,דירה בבית,3,17053
מודיעין עילית,קרית ספר,58,מודיעין עילית,קרית ספר,נתיבות המשפט 3,160,2024,3600000,63797-816-1,דירה בבית,7,22500
מודיעין עילית,קרית ספר,59,מודיעין עילית,קרית ספר,מסילת יוסף 8,85,2024,550000,63797-706-1,דירה בבית,3,6471
מודיעין עילית,קרית ספר,60,מודיעין עילית,קרית ספר,קצות החושן 15,114,2024,2500000,63797-1515-3,דירה בבית,5,21930
מודיעין עילית,קרית ספר,61,מודיעין עילית,קרית ספר,קצות החושן 1,87,2024,1960000,63797-1503-1,דירה בבית,3.5,22529
מודיעין עילית,קרית ספר,62,מודיעין עילית,קרית ספר,מסילת יוסף 56,107,2024,2900000,63797-794-1,דירה בבית,3,27103
מודיעין עילית,קרית ספר,63,מודיעין עילית,קרית ספר,חזון דוד 9,78,2024,1938000,63797-3011-3,דירה בבית,3,24846
מודיעין עילית,קרית ספר,64,מודיעין עילית,קרית ספר,מסילת יוסף 11,91,2024,1870000,63797-783-3,דירה בבית,3,20549
מודיעין עילית,קרית ספר,65,מודיעין עילית,קרית ספר,משך חכמה 66,120,2024,1900000,63797-503-3,דירה בבית,5,15833
מודיעין עילית,קרית ספר,66,מודיעין עילית,קרית ספר,אור החיים 4,75,2024,1800000,63797-223-1,דירה בבית,3,24000
מודיעין עילית,קרית ספר,67,מודיעין עילית,קרית ספר,משך חכמה 64,140,2024,3150000,63797-505-3,דירה בבית,5,22500
מודיעין עילית,קרית ספר,69,מודיעין עילית,קרית ספר,קצות החושן 23,103,2024,2315000,63797-1523-3,דירה בבית,5,22476
מודיעין עילית,קרית ספר,70,מודיעין עילית,קרית ספר,חזון דוד 15,120,2024,2665000,63797-3014-1,דירה בבית,5,22208
מודיעין עילית,קרית ספר,72,מודיעין עילית,קרית ספר,מרומי שדה 25,78,2024,1700000,63797-1324-1,דירה בבית,3,21795
מודיעין עילית,קרית ספר,73,מודיעין עילית,קרית ספר,שדי חמד 16,72,2024,1835000,63797-325-1,דירה בבית,3,25486
מודיעין עילית,קרית ספר,74,מודיעין עילית,קרית ספר,קצות החושן 11,70,2024,666000,63797-1511-3,דירה בבית,3,9514
מודיעין עילית,קרית ספר,75,מודיעין עילית,קרית ספר,משך חכמה 78,70,2024,1700000,63797-503-5,דירה בבית,4,24286
מודיעין עילית,קרית ספר,76,מודיעין עילית,קרית ספר,נתיבות המשפט 17,87,2024,1800000,63797-810-1,דירה בבית,3,20690
מודיעין עילית,קרית ספר,77,מודיעין עילית,קרית ספר,קצות החושן 5,58,2024,900000,63797-1507-3,דירה בבית,3,15517
מודיעין עילית,קרית ספר,79,מודיעין עילית,קרית ספר,נתיבות המשפט 71,85,2024,1850000,63797-2820-3,דירה בבית,3,21765
מודיעין עילית,קרית ספר,80,מודיעין עילית,קרית ספר,אור החיים 21,86,2024,1900000,63797-206-1,דירה בבית,3,22093
מודיעין עילית,קרית ספר,81,מודיעין עילית,קרית ספר,אור החיים 5,63,2024,1625000,63797-211-1,דירה בבית,3,25794
מודיעין עילית,קרית ספר,82,מודיעין עילית,קרית ספר,שערי תשובה 14,134,2024,2480000,63797-3004-1,דירה בבית,5,18507
מודיעין עילית,קרית ספר,83,מודיעין עילית,קרית ספר,חזון דוד 15,72,2024,2000000,63797-3014-5,דירה בבית,4,27778
מודיעין עילית,קרית ספר,84,מודיעין עילית,קרית ספר,נתיבות המשפט 103,170,2024,3650000,63797-2844-3,דירה בבית,5,21471
מודיעין עילית,קרית ספר,85,מודיעין עילית,קרית ספר,נתיבות המשפט 55,81,2024,1770000,63797-2804-1,דירה בבית,3,21852
מודיעין עילית,קרית ספר,86,מודיעין עילית,קרית ספר,אור החיים 13,128,2024,2150000,63797-214-1,דירה בבית,4,16797
מודיעין עילית,קרית ספר,87,מודיעין עילית,קרית ספר,מרומי שדה 23,116,2024,2200000,63797-1322-1,דירה בבית,5,18966
מודיעין עילית,קרית ספר,88,מודיעין עילית,קרית ספר,מסילת יוסף 21,72,2024,1200000,63797-951-1,דירה בבית,3,16667
מודיעין עילית,קרית ספר,89,מודיעין עילית,קרית ספר,נתיבות המשפט 65,107,2024,2830000,63797-2814-1,דירה בבית,5,26449
מודיעין עילית,קרית ספר,90,מודיעין עילית,קרית ספר,אור החיים 4,95,2024,1950000,63797-223-3,דירה בבית,3,20526
מודיעין עילית,קרית ספר,92,מודיעין עילית,קרית ספר,מרומי שדה 34,125,2024,2560000,63797-1317-3,דירה בבית,5,20480
מודיעין עילית,קרית ספר,93,מודיעין עילית,קרית ספר,חזון דוד 15,107,2024,2550000,63797-3014-7,דירה בבית,5,23832
מודיעין עילית,קרית ספר,94,מודיעין עילית,קרית ספר,קצות החושן 10,107,2024,2700000,63797-1508-1,דירה בבית,4,25234
מודיעין עילית,קרית ספר,95,מודיעין עילית,קרית ספר,חזון דוד 27,71,2024,1930000,63797-3017-5,דירה בבית,3,27183
מודיעין עילית,קרית ספר,96,מודיעין עילית,קרית ספר,נתיבות המשפט 59,93,2024,910000,63797-2808-5,דירה בבית,3,9785
מודיעין עילית,קרית ספר,97,מודיעין עילית,קרית ספר,קצות החושן 13,87,2024,2300000,63797-1513-1,דירה בבית,5,26437
מודיעין עילית,קרית ספר,99,מודיעין עילית,קרית ספר,אבני נזר 30,87,2024,1300000,63797-407-1,דירה בבית,4,14943
מודיעין עילית,קרית ספר,100,מודיעין עילית,קרית ספר,חזון דוד 7,107,2024,2700000,63797-3010-3,דירה בבית,4,25234
מודיעין עילית,קרית ספר,101,מודיעין עילית,קרית ספר,נתיבות המשפט 58,139,2024,3800000,63797-2817-1,דירה בבית,6,27338
מודיעין עילית,קרית ספר,102,מודיעין עילית,קרית ספר,שאגת אריה 7,130,2024,2692000,63797-1809-1,דירה בבית,5,20708
מודיעין עילית,קרית ספר,103,מודיעין עילית,קרית ספר,אבני נזר 6,99,2024,2030000,63797-433-1,דירה בבית,3,20505
מודיעין עילית,קרית ספר,104,מודיעין עילית,קרית ספר,חזון דוד 23,120,2024,2690000,63797-3016-1,דירה בבית,5,22417
מודיעין עילית,קרית ספר,105,מודיעין עילית,קרית ספר,מרומי שדה 3,173,2024,2950000,63797-1306-3,דירה בבית,6,17052
מודיעין עילית,קרית ספר,106,מודיעין עילית,קרית ספר,נתיבות המשפט 27,85,2024,2335000,63797-806-1,דירה בבית,3,27471
מודיעין עילית,קרית ספר,107,מודיעין עילית,קרית ספר,נתיבות המשפט 91,123,2024,2291000,63797-2836-3,דירה בבית,6,18626
מודיעין עילית,קרית ספר,108,מודיעין עילית,קרית ספר,אור החיים 1,82,2024,2150000,63797-226-1,דירה בבית,4,26220
מודיעין עילית,קרית ספר,109,מודיעין עילית,קרית ספר,נתיבות המשפט 63,87,2024,1800000,63797-2812-3,דירה בבית,3,20690
מודיעין עילית,קרית ספר,110,מודיעין עילית,קרית ספר,מסילת יוסף 15,80,2024,1460000,63797-787-1,דירה בבית,3,18250
מודיעין עילית,קרית ספר,111,מודיעין עילית,קרית ספר,נתיבות המשפט 84,88,2024,2040000,63797-2835-1,דירה בבית,3,23182
מודיעין עילית,קרית ספר,112,מודיעין עילית,קרית ספר,קצות החושן 11,99,2024,1810000,63797-1511-5,דירה בבית,4,18283
מודיעין עילית,קרית ספר,114,מודיעין עילית,קרית ספר,קצות החושן 21,76,2024,1875000,63797-1521-1,דירה בבית,3,24671
מודיעין עילית,קרית ספר,115,מודיעין עילית,קרית ספר,חזון דוד 11,60,2024,1150000,63797-3012-1,דירה בבית,2,19167
מודיעין עילית,קרית ספר,116,מודיעין עילית,קרית ספר,שערי תשובה 14,96,2024,2450000,63797-3004-3,דירה בבית,4,25521
מודיעין עילית,קרית ספר,117,מודיעין עילית,קרית ספר,נתיבות המשפט 67,94,2024,1247000,63797-2816-1,דירה בבית,5,13266
מודיעין עילית,קרית ספר,118,מודיעין עילית,קרית ספר,שדי חמד 12,135,2024,2320000,63797-329-1,דירה בבית,5,17185
מודיעין עילית,קרית ספר,120,מודיעין עילית,קרית ספר,נתיבות המשפט 59,93,2024,2020000,63797-2808-7,דירה בבית,3,21720
מודיעין עילית,קרית ספר,121,מודיעין עילית,קרית ספר,אור החיים 1,70,2024,900000,63797-711-3,דירה בבית,3,12857
מודיעין עילית,קרית ספר,122,מודיעין עילית,קרית ספר,חזון דוד 11,121,2024,2610000,63797-3012-3,דירה בבית,5,21570
מודיעין עילית,קרית ספר,123,מודיעין עילית,קרית ספר,מסילת יוסף 7,77,2024,1750000,63797-701-1,דירה בבית,3,22727
מודיעין עילית,קרית ספר,124,מודיעין עילית,קרית ספר,נתיבות המשפט 3,79,2024,2000000,63797-816-3,דירה בבית,3,25316
מודיעין עילית,קרית ספר,125,מודיעין עילית,קרית ספר,נתיבות המשפט 87,75,2024,1180000,63797-2832-1,דירה בבית,3,15733
מודיעין עילית,קרית ספר,126,מודיעין עילית,קרית ספר,אבני נזר 12,73,2024,1200000,63797-425-1,דירה בבית,3,16438
מודיעין עילית,קרית ספר,127,מודיעין עילית,קרית ספר,אור החיים 25,107,2024,2260000,63797-206-3,דירה בבית,4,21121
מודיעין עילית,קרית ספר,128,מודיעין עילית,קרית ספר,חזון דוד 9,70,2024,1880000,63797-3011-5,דירה בבית,3,26857
מודיעין עילית,קרית ספר,129,מודיעין עילית,קרית ספר,קצות החושן 21,46,2024,900000,63797-1521-3,דירה בבית,2,19565
מודיעין עילית,קרית ספר,130,מודיעין עילית,קרית ספר,אור החיים 5,84,2024,2170000,63797-211-3,דירה בבית,4,25833
מודיעין עילית,קרית ספר,131,מודיעין עילית,קרית ספר,נתיבות המשפט 83,82,2024,1394000,63797-2828-1,דירה בבית,3,17000
מודיעין עילית,קרית ספר,132,מודיעין עילית,קרית ספר,מרומי שדה 9,75,2024,1750000,63797-1312-1,דירה בבית,3,23333
מודיעין עילית,קרית ספר,134,מודיעין עילית,קרית ספר,אור החיים 14,100,2024,1990000,63797-209-1,דירה בבית,4,19900
מודיעין עילית,קרית ספר,135,מודיעין עילית,קרית ספר,חפץ חיים 7,72,2024,613000,63797-614-1,דירה בבית,3,8514
מודיעין עילית,קרית ספר,136,מודיעין עילית,קרית ספר,נתיבות המשפט 42,105,2024,1800000,63797-2801-1,דירה בבית,4,17143
מודיעין עילית,קרית ספר,137,מודיעין עילית,קרית ספר,אור החיים 3,75,2024,1675000,63797-224-1,דירה בבית,3,22333
מודיעין עילית,קרית ספר,138,מודיעין עילית,קרית ספר,שאגת אריה 3,83,2024,1500000,63797-28-1,דירה בבית,3,18072
מודיעין עילית,קרית ספר,139,מודיעין עילית,קרית ספר,אבני נזר 32,77,2024,1870000,63797-403-3,דירה בבית,3,24286
מודיעין עילית,קרית ספר,140,מודיעין עילית,קרית ספר,חזון דוד 23,73,2024,1660000,63797-3016-3,דירה בבית,3,22740
מודיעין עילית,קרית ספר,141,מודיעין עילית,קרית ספר,שאגת אריה 7,88,2024,1158000,63797-1809-3,דירה בבית,3,13159
מודיעין עילית,קרית ספר,142,מודיעין עילית,קרית ספר,מסילת יוסף 15,95,2024,1830000,63797-787-3,דירה בבית,3,19263
מודיעין עילית,קרית ספר,143,מודיעין עילית,קרית ספר,אור החיים 7,75,2024,1800000,63797-220-3,דירה בבית,3,24000
מודיעין עילית,קרית ספר,144,מודיעין עילית,קרית ספר,נתיבות המשפט 67,117,2024,1900000,63797-2816-5,דירה בבית,4,16239
מודיעין עילית,קרית ספר,146,מודיעין עילית,קרית ספר,נתיבות המשפט 81,81,2024,1820000,63797-2826-1,דירה בבית,3,22469
מודיעין עילית,קרית ספר,147,מודיעין עילית,קרית ספר,שאגת אריה 7,70,2024,1800000,63797-1809-5,דירה בבית,2,25714
מודיעין עילית,קרית ספר,148,מודיעין עילית,קרית ספר,אור החיים 5,75,2024,1830000,63797-211-5,דירה בבית,3,24400
מודיעין עילית,קרית ספר,149,מודיעין עילית,קרית ספר,נתיבות המשפט 47,85,2024,1870000,63797-800-1,דירה בבית,4,22000
מודיעין עילית,קרית ספר,150,מודיעין עילית,קרית ספר,אור החיים 5,75,2024,1660000,63797-222-1,דירה בבית,3,22133
מודיעין עילית,קרית ספר,151,מודיעין עילית,קרית ספר,אור החיים 9,60,2024,1520000,63797-218-1,דירה בבית,2,25333
מודיעין עילית,קרית ספר,152,מודיעין עילית,קרית ספר,משך חכמה 42,50,2024,710000,63797-507-1,דירה בבית,2,14200
מודיעין עילית,קרית ספר,153,מודיעין עילית,קרית ספר,אבני נזר 20,76,2024,1845000,63797-421-1,דירה בבית,3,24276
מודיעין עילית,קרית ספר,154,מודיעין עילית,קרית ספר,אור החיים 1,76,2024,1740000,63797-226-3,דירה בבית,3,22895
מודיעין עילית,קרית ספר,155,מודיעין עילית,קרית ספר,נתיבות המשפט 79,45,2024,297000,63797-2824-1,דירה בבית,2,6600
מודיעין עילית,קרית ספר,156,מודיעין עילית,קרית ספר,אבני נזר 10,77,2023,850000,63797-427-3,דירה בבית,3,11039
מודיעין עילית,קרית ספר,157,מודיעין עילית,קרית ספר,נתיבות המשפט 53,81,2023,1795000,63797-2802-1,דירה בבית,3,22160
מודיעין עילית,קרית ספר,158,מודיעין עילית,קרית ספר,נתיבות המשפט 59,81,2023,1660000,63797-2808-9,דירה בבית,3,20494
מודיעין עילית,קרית ספר,159,מודיעין עילית,קרית ספר,משך חכמה 33,80,2023,1800000,63797-504-1,דירה בבית,3,22500
מודיעין עילית,קרית ספר,160,מודיעין עילית,קרית ספר,מסילת יוסף 14,84,2023,2070000,63797-704-1,דירה בבית,3,24643
מודיעין עילית,קרית ספר,161,מודיעין עילית,קרית ספר,אבני נזר 20,60,2023,800000,63797-421-3,דירה בבית,3,13333
מודיעין עילית,קרית ספר,162,מודיעין עילית,קרית ספר,מסילת יוסף 7,200,2023,2450000,63797-701-3,דירה בבית,5,12250
מודיעין עילית,קרית ספר,163,מודיעין עילית,קרית ספר,נתיבות המשפט 91,70,2023,800000,63797-2836-5,דירה בבית,3,11429
מודיעין עילית,קרית ספר,164,מודיעין עילית,קרית ספר,שדי חמד 34,91,2023,1735000,63797-305-1,דירה בבית,3,19066
מודיעין עילית,קרית ספר,165,מודיעין עילית,קרית ספר,מרומי שדה 34,125,2023,2400000,63797-1317-5,דירה בבית,5,19200
מודיעין עילית,קרית ספר,166,מודיעין עילית,קרית ספר,שאגת אריה 11,140,2023,1900000,63797-1813-3,דירה בבית,5,13571
מודיעין עילית,קרית ספר,167,מודיעין עילית,קרית ספר,חזון דוד 9,40,2023,600000,63797-3011-7,דירה בבית,2,15000
מודיעין עילית,קרית ספר,168,מודיעין עילית,קרית ספר,נתיבות המשפט 67,35,2023,500000,63797-2816-7,דירה בבית,2,14286
מודיעין עילית,קרית ספר,169,מודיעין עילית,קרית ספר,מסילת יוסף 3,77,2023,950000,63797-705-3,דירה בבית,3,12338
מודיעין עילית,קרית ספר,170,מודיעין עילית,קרית ספר,מרומי שדה 17,84,2023,1863000,63797-1318-1,דירה בבית,3,22179
מודיעין עילית,קרית ספר,171,מודיעין עילית,קרית ספר,חפץ חיים 18,63,2023,1500000,63797-607-3,דירה בבית,2,23810
מודיעין עילית,קרית ספר,172,מודיעין עילית,קרית ספר,שדי חמד 16,113,2023,2280000,63797-325-3,דירה בבית,4,20177
מודיעין עילית,קרית ספר,173,מודיעין עילית,קרית ספר,משך חכמה 48,40,2023,900000,63797-1-3,דירה בבית,1,22500
מודיעין עילית,קרית ספר,174,מודיעין עילית,קרית ספר,מרומי שדה 11,45,2023,800000,63797-1314-1,דירה בבית,2,17778
מודיעין עילית,קרית ספר,175,מודיעין עילית,קרית ספר,מרומי שדה 24,60,2023,830000,63797-1311-1,דירה בבית,2,13833
מודיעין עילית,קרית ספר,176,מודיעין עילית,קרית ספר,אור החיים 4,90,2023,716000,63797-223-5,דירה בבית,4,7956
מודיעין עילית,קרית ספר,177,מודיעין עילית,קרית ספר,חפץ חיים 9,95,2023,1275000,63797-612-1,דירה בבית,4,13421
מודיעין עילית,קרית ספר,178,מודיעין עילית,קרית ספר,נתיבות המשפט 61,81,2023,1900000,63797-2810-3,דירה בבית,3,23457
מודיעין עילית,קרית ספר,179,מודיעין עילית,קרית ספר,נתיבות המשפט 79,80,2023,1790000,63797-2824-3,דירה בבית,3,22375
מודיעין עילית,קרית ספר,180,מודיעין עילית,קרית ספר,חפץ חיים 22,50,2023,1110000,63797-603-1,דירה בבית,2,22200
מודיעין עילית,קרית ספר,181,מודיעין עילית,קרית ספר,נתיבות המשפט 79,31,2023,300000,63797-2824-5,דירה בבית,2,9677
מודיעין עילית,קרית ספר,182,מודיעין עילית,קרית ספר,אור החיים 7,85,2023,1810000,63797-212-1,דירה בבית,3,21294
מודיעין עילית,קרית ספר,184,מודיעין עילית,קרית ספר,מרומי שדה 19,93,2023,1800000,63797-1308-1,דירה בבית,3,19355
מודיעין עילית,קרית ספר,185,מודיעין עילית,קרית ספר,קצות החושן 10,115,2023,800000,63797-1508-3,דירת,5,6957
מודיעין עילית,קרית ספר,186,מודיעין עילית,קרית ספר,מסילת יוסף 56,107,2023,1475000,63797-794-3,דירה בבית,3,13785
מודיעין עילית,קרית ספר,188,מודיעין עילית,קרית ספר,חפץ חיים 18,120,2023,2600000,63797-607-7,דירה בבית,5,21667
מודיעין עילית,קרית ספר,189,מודיעין עילית,קרית ספר,נתיבות המשפט 87,35,2023,600000,63797-2832-3,דירה בבית,2,17143
מודיעין עילית,קרית ספר,190,מודיעין עילית,קרית ספר,שאגת אריה 19,136,2023,2647000,63797-1821-1,דירה בבית,5,19463
מודיעין עילית,קרית ספר,191,מודיעין עילית,קרית ספר,נתיבות המשפט 8,220,2023,2920000,63797-811-1,דירה בבית,8,13273
מודיעין עילית,קרית ספר,192,מודיעין עילית,קרית ספר,נתיבות המשפט 81,80,2023,2200000,63797-2826-3,דירה בבית,3,27500
מודיעין עילית,קרית ספר,193,מודיעין עילית,קרית ספר,נתיבות המשפט 101,120,2023,2150000,63797-2854-1,דירה בבית,5,17917
מודיעין עילית,קרית ספר,194,מודיעין עילית,קרית ספר,קצות החושן 9,100,2023,1600000,63613-1509-1,דירה בבית,3,16000
מודיעין עילית,קרית ספר,195,מודיעין עילית,קרית ספר,נתיבות המשפט 77,120,2023,2300000,63797-2822-3,דירה בבית,5,19167
מודיעין עילית,קרית ספר,196,מודיעין עילית,קרית ספר,משך חכמה 15,75,2023,1480000,63797-512-1,דירה בבית,3,19733
מודיעין עילית,קרית ספר,198,מודיעין עילית,קרית ספר,שאגת אריה 7,145,2023,3100000,63797-1809-7,דירה בבית,5,21379
מודיעין עילית,קרית ספר,199,מודיעין עילית,קרית ספר,קצות החושן 19,145,2023,1450000,63797-1519-1,דירה בבית,6,10000
מודיעין עילית,קרית ספר,200,מודיעין עילית,קרית ספר,אבני נזר 8,130,2023,1650000,63797-431-3,דירה בבית,6,12692
מודיעין עילית,קרית ספר,202,מודיעין עילית,קרית ספר,אור החיים 21,102,2023,2100000,63797-206-5,דירה בבית,4,20588
מודיעין עילית,קרית ספר,203,מודיעין עילית,קרית ספר,מסילת יוסף 3,77,2023,1905000,63797-705-5,דירה בבית,3,24740
מודיעין עילית,קרית ספר,204,מודיעין עילית,קרית ספר,נתיבות המשפט 30,97,2023,1700000,63797-803-1,דירה בבית,3,17526
מודיעין עילית,קרית ספר,205,מודיעין עילית,קרית ספר,חפץ חיים 19,95,2023,925000,63797-602-1,דירה בבית,3,9737
מודיעין עילית,קרית ספר,206,מודיעין עילית,קרית ספר,נתיבות המשפט 79,92,2023,1770000,63797-1-5,דירה בבית,3,19239
מודיעין עילית,קרית ספר,207,מודיעין עילית,קרית ספר,מסילת יוסף 52,89,2023,900000,63797-792-1,דירה בבית,3,10112
מודיעין עילית,קרית ספר,209,מודיעין עילית,קרית ספר,קצות החושן 6,95,2023,850000,63797-1506-1,דירה בבית,3,8947
מודיעין עילית,קרית ספר,210,מודיעין עילית,קרית ספר,חזון דוד 13,130,2023,3000000,63797-3013-3,דירה בבית,5,23077
מודיעין עילית,קרית ספר,211,מודיעין עילית,קרית ספר,נתיבות המשפט 4,78,2023,1870000,63797-2090-1,דירה בבית,3,23974
מודיעין עילית,קרית ספר,212,מודיעין עילית,קרית ספר,נתיבות המשפט 71,100,2023,1810000,63797-2820-5,דירה בבית,3,18100
מודיעין עילית,קרית ספר,213,מודיעין עילית,קרית ספר,שאגת אריה 9,145,2023,3050000,63797-1811-1,דירה בבית,6,21034
מודיעין עילית,קרית ספר,214,מודיעין עילית,קרית ספר,חזון דוד 27,125,2023,1900000,63797-3018-1,דירה בבית,4,15200
מודיעין עילית,קרית ספר,215,מודיעין עילית,קרית ספר,משך חכמה 92,101,2023,1100000,63797-501-1,דירה בבית,3,10891
מודיעין עילית,קרית ספר,216,מודיעין עילית,קרית ספר,שאגת אריה 7,87,2023,1930000,63797-1809-9,דירה בבית,3,22184
מודיעין עילית,קרית ספר,217,מודיעין עילית,קרית ספר,קצות החושן 21,75,2023,1750000,63797-1521-5,דירה בבית,3,23333
מודיעין עילית,קרית ספר,218,מודיעין עילית,קרית ספר,נתיבות המשפט 95,81,2023,2150000,63797-2840-1,דירה בבית,3,26543
מודיעין עילית,קרית ספר,219,מודיעין עילית,קרית ספר,נתיבות המשפט 71,93,2023,1860000,63797-2820-7,דירה בבית,3,20000
מודיעין עילית,קרית ספר,220,מודיעין עילית,קרית ספר,קצות החושן 21,78,2023,2000000,63797-1521-7,דירה בבית,4,25641
מודיעין עילית,קרית ספר,221,מודיעין עילית,קרית ספר,משך חכמה 24,91,2022,800000,63797-509-3,דירה בבית,3,8791
מודיעין עילית,קרית ספר,222,מודיעין עילית,קרית ספר,אור החיים 1,81,2022,1840000,63797-226-5,דירה בבית,3,22716
מודיעין עילית,קרית ספר,223,מודיעין עילית,קרית ספר,משך חכמה 80,58,2022,1462000,63797-503-9,דירה בבית,2,25207
מודיעין עילית,קרית ספר,224,מודיעין עילית,קרית ספר,מסילת יוסף 26,83,2022,1800000,63797-700-1,דירה בבית,3,21687
מודיעין עילית,קרית ספר,225,מודיעין עילית,קרית ספר,קצות החושן 19,50,2022,725000,63797-1519-3,דירה בבית,2,14500
מודיעין עילית,קרית ספר,226,מודיעין עילית,קרית ספר,אור החיים 17,100,2022,2100000,63797-210-7,דירה בבית,4,21000
מודיעין עילית,קרית ספר,227,מודיעין עילית,קרית ספר,קצות החושן 21,75,2022,1600000,63797-1521-9,דירה בבית,3,21333
מודיעין עילית,קרית ספר,228,מודיעין עילית,קרית ספר,קצות החושן 21,75,2022,1920000,63797-1521-11,דירה בבית,3,25600
מודיעין עילית,קרית ספר,230,מודיעין עילית,קרית ספר,מרומי שדה 7,98,2022,1780000,63797-1310-1,דירה בבית,3,18163
מודיעין עילית,קרית ספר,231,מודיעין עילית,קרית ספר,מסילת יוסף 17,87,2022,1735000,63797-789-1,דירה בבית,3,19943
מודיעין עילית,קרית ספר,232,מודיעין עילית,קרית ספר,מרומי שדה 17,89,2022,1470000,63797-1318-3,דירה בבית,3,16517
מודיעין עילית,קרית ספר,234,מודיעין עילית,קרית ספר,קצות החושן 19,145,2022,1420000,63797-1519-5,דירה בבית,6,9793
מודיעין עילית,קרית ספר,235,מודיעין עילית,קרית ספר,שדי חמד 38,77,2022,1730000,63797-301-1,דירה בבית,3,22468
מודיעין עילית,קרית ספר,236,מודיעין עילית,קרית ספר,אור החיים 16,142,2022,3000000,63797-207-1,דירה בבית,5,21127
מודיעין עילית,קרית ספר,237,מודיעין עילית,קרית ספר,נתיבות המשפט 52,130,2022,2600000,63797-2811-1,דירה בבית,5,20000
מודיעין עילית,קרית ספר,238,מודיעין עילית,קרית ספר,אבני נזר 18,121,2022,2925000,63797-2025-1,דירה בבית,5,24174
מודיעין עילית,קרית ספר,239,מודיעין עילית,קרית ספר,מסילת יוסף 3,77,2022,1710000,63797-705-7,דירה בבית,3,22208
מודיעין עילית,קרית ספר,240,מודיעין עילית,קרית ספר,שדי חמד 14,110,2022,2080000,63797-327-3,דירה בבית,4,18909
מודיעין עילית,קרית ספר,241,מודיעין עילית,קרית ספר,נתיבות המשפט 30,86,2022,2200000,63797-803-3,דירה בבית,4,25581
מודיעין עילית,קרית ספר,242,מודיעין עילית,קרית ספר,נתיבות המשפט 103,105,2022,2400000,63797-2844-5,דירה בבית,4,22857
מודיעין עילית,קרית ספר,243,מודיעין עילית,קרית ספר,חזון דוד 27,80,2022,1600000,63797-3018-3,דירה בבית,4,20000
מודיעין עילית,קרית ספר,244,מודיעין עילית,קרית ספר,שדי חמד 27,240,2022,3000000,63797-302-1,דירה בבית,8,12500
מודיעין עילית,קרית ספר,245,מודיעין עילית,קרית ספר,חזון דוד 13,94,2022,1087000,63797-3013-7,דירה בבית,4,11564
מודיעין עילית,קרית ספר,246,מודיעין עילית,קרית ספר,מרומי שדה 2,70,2022,850000,63797-1301-3,דירה בבית,3,12143
מודיעין עילית,קרית ספר,247,מודיעין עילית,קרית ספר,חפץ חיים 13,87,2022,850000,63797-608-1,דירה בבית,3,9770
מודיעין עילית,קרית ספר,248,מודיעין עילית,קרית ספר,מרומי שדה 11,95,2022,1800000,63797-1314-3,דירה בבית,3,18947
מודיעין עילית,קרית ספר,250,מודיעין עילית,קרית ספר,שאגת אריה 1,79,2022,1450000,63797-1803-1,דירה בבית,3,18354
מודיעין עילית,קרית ספר,251,מודיעין עילית,קרית ספר,אור החיים 18,80,2022,1780000,63797-205-1,דירה בבית,3,22250
מודיעין עילית,קרית ספר,252,מודיעין עילית,קרית ספר,חזון דוד 5,75,2022,1700000,63797-3009-1,דירה בבית,3,22667
מודיעין עילית,קרית ספר,253,מודיעין עילית,קרית ספר,אבני נזר 32,74,2022,1940000,63797-403-5,דירה בבית,3,26216
מודיעין עילית,קרית ספר,254,מודיעין עילית,קרית ספר,מרומי שדה 12,87,2022,2080000,63797-1305-5,דירה בבית,4,23908
מודיעין עילית,קרית ספר,255,מודיעין עילית,קרית ספר,אבני נזר 23,70,2022,800000,63797-420-1,דירה בבית,3,11429
מודיעין עילית,קרית ספר,257,מודיעין עילית,קרית ספר,שדי חמד 24,178,2022,3450000,63797-315-1,דירה בבית,5,19382
מודיעין עילית,קרית ספר,258,מודיעין עילית,קרית ספר,נתיבות המשפט 85,80,2022,750000,63797-2830-3,דירה בבית,3,9375
מודיעין עילית,קרית ספר,259,מודיעין עילית,קרית ספר,נתיבות המשפט 59,85,2022,1700000,63797-2808-11,דירה בבית,3,20000
מודיעין עילית,קרית ספר,260,מודיעין עילית,קרית ספר,אור החיים 5,80,2022,1450000,63797-211-7,דירה בבית,3,18125
מודיעין עילית,קרית ספר,261,מודיעין עילית,קרית ספר,נתיבות המשפט 87,80,2022,1950000,63797-2832-5,דירה בבית,3,24375
מודיעין עילית,קרית ספר,263,מודיעין עילית,קרית ספר,נתיבות המשפט 17,90,2022,2020000,63797-810-7,דירה בבית,3,22444
מודיעין עילית,קרית ספר,264,מודיעין עילית,קרית ספר,קצות החושן 22,108,2022,2230000,63797-1514-1,דירה בבית,5,20648
מודיעין עילית,קרית ספר,265,מודיעין עילית,קרית ספר,נתיבות המשפט 19,99,2022,1200000,63797-810-9,דירה בבית,3,12121
מודיעין עילית,קרית ספר,266,מודיעין עילית,קרית ספר,נתיבות המשפט 41,86,2022,1730000,63797-802-1,דירה בבית,4,20116
מודיעין עילית,קרית ספר,267,מודיעין עילית,קרית ספר,חפץ חיים 19,139,2022,2300000,63797-602-3,דירה בבית,5,16547
מודיעין עילית,קרית ספר,268,מודיעין עילית,קרית ספר,אבני נזר 51,101,2022,1100000,63797-406-1,דירה בבית,4,10891
מודיעין עילית,קרית ספר,269,מודיעין עילית,קרית ספר,קצות החושן 18,110,2022,1587000,63797-1512-1,דירה בבית,7,14427
מודיעין עילית,קרית ספר,271,מודיעין עילית,קרית ספר,נתיבות המשפט 93,84,2022,1850000,63797-2838-1,דירה בבית,3,22024
מודיעין עילית,קרית ספר,272,מודיעין עילית,קרית ספר,אבני נזר 2,90,2022,2050000,63797-439-1,דירה בבית,4,22778
מודיעין עילית,קרית ספר,273,מודיעין עילית,קרית ספר,קצות החושן 20,110,2022,2200000,63797-1512-3,דירה בבית,5,20000
מודיעין עילית,קרית ספר,274,מודיעין עילית,קרית ספר,נתיבות המשפט 43,100,2022,2320000,63797-802-3,דירה בבית,4,23200
מודיעין עילית,קרית ספר,275,מודיעין עילית,קרית ספר,חפץ חיים 17,104,2022,1800000,63797-604-3,דירה בבית,4,17308
מודיעין עילית,קרית ספר,276,מודיעין עילית,קרית ספר,שאגת אריה 21,89,2022,1400000,63797-1823-1,דירה בבית,3,15730
מודיעין עילית,קרית ספר,277,מודיעין עילית,קרית ספר,אבני נזר 10,77,2022,1650000,63797-427-5,דירה בבית,3,21429
מודיעין עילית,קרית ספר,278,מודיעין עילית,קרית ספר,נתיבות המשפט 6,84,2022,800000,63797-811-3,דירה בבית,3,9524
מודיעין עילית,קרית ספר,279,מודיעין עילית,קרית ספר,חפץ חיים 11,91,2022,1745000,63797-610-1,דירה בבית,3,19176
מודיעין עילית,קרית ספר,281,מודיעין עילית,קרית ספר,חזון דוד 27,98,2022,1599000,63797-3018-7,דירה בבית,4,16316
מודיעין עילית,קרית ספר,282,מודיעין עילית,קרית ספר,נתיבות המשפט 93,84,2022,1845000,63797-2838-3,דירה בבית,3,21964
מודיעין עילית,קרית ספר,283,מודיעין עילית,קרית ספר,נתיבות המשפט 95,88,2022,1710000,63797-2840-5,דירה בבית,4,19432
מודיעין עילית,קרית ספר,284,מודיעין עילית,קרית ספר,חפץ חיים 16,54,2022,1255000,63797-609-3,דירה בבית,3,23241
מודיעין עילית,קרית ספר,285,מודיעין עילית,קרית ספר,מסילת יוסף 24,98,2022,2080000,63797-702-1,דירה בבית,4,21224
מודיעין עילית,קרית ספר,286,מודיעין עילית,קרית ספר,שאגת אריה 13,139,2022,2300000,63797-1815-7,דירה בבית,5,16547
מודיעין עילית,קרית ספר,287,מודיעין עילית,קרית ספר,חזון דוד 11,155,2022,2500000,63797-3012-5,דירת גן,6,16129
מודיעין עילית,קרית ספר,288,מודיעין עילית,קרית ספר,מסילת יוסף 9,74,2022,590000,63797-781-1,דירה בבית,3,7973
מודיעין עילית,קרית ספר,289,מודיעין עילית,קרית ספר,מרומי שדה 15,89,2022,1299000,63797-1316-3,דירה בבית,3,14596
מודיעין עילית,קרית ספר,290,מודיעין עילית,קרית ספר,משך חכמה 21,200,2022,2300000,63797-510-1,דירה בבית,6,11500
מודיעין עילית,קרית ספר,291,מודיעין עילית,קרית ספר,נתיבות המשפט 59,107,2022,1170000,63797-2808-13,דירה בבית,3,10935
מודיעין עילית,קרית ספר,292,מודיעין עילית,קרית ספר,מרומי שדה 26,86,2022,650000,63797-1313-1,דירה בבית,3,7558
מודיעין עילית,קרית ספר,293,מודיעין עילית,קרית ספר,אור החיים 8,101,2022,2500000,63797-219-1,דירה בבית,4,24752
מודיעין עילית,קרית ספר,294,מודיעין עילית,קרית ספר,חפץ חיים 17,130,2022,2150000,63797-604-5,דירה בבית,5,16538
מודיעין עילית,קרית ספר,295,מודיעין עילית,קרית ספר,משך חכמה 60,53,2022,1220000,63797-505-7,דירה בבית,2,23019
מודיעין עילית,קרית ספר,296,מודיעין עילית,קרית ספר,חזון דוד 7,151,2022,2520000,63797-3010-5,דירה בבית,5,16689
מודיעין עילית,קרית ספר,297,מודיעין עילית,קרית ספר,נתיבות המשפט 44,200,2022,3025000,63797-2803-1,דירת גן,7,15125
מודיעין עילית,קרית ספר,298,מודיעין עילית,קרית ספר,נתיבות המשפט 81,140,2022,2150000,63797-2826-5,דירה בבית,5,15357
מודיעין עילית,קרית ספר,299,מודיעין עילית,קרית ספר,חזון דוד 27,96,2022,1800000,63797-3018-9,דירה בבית,4,18750
מודיעין עילית,קרית ספר,301,מודיעין עילית,קרית ספר,נתיבות המשפט 97,86,2022,1800000,63797-2842-3,דירה בבית,3,20930
מודיעין עילית,קרית ספר,302,מודיעין עילית,קרית ספר,אבני נזר 12,88,2022,1700000,63797-425-3,דירה בבית,3,19318
מודיעין עילית,קרית ספר,303,מודיעין עילית,קרית ספר,קצות החושן 9,102,2022,1800000,63797-1509-1,דירה בבית,5,17647
מודיעין עילית,קרית ספר,304,מודיעין עילית,קרית ספר,משך חכמה 96,58,2022,1200000,63797-501-3,דירה בבית,2,20690
מודיעין עילית,קרית ספר,305,מודיעין עילית,קרית ספר,מרומי שדה 15,79,2022,1635000,63797-1316-5,דירה בבית,3,20696
מודיעין עילית,קרית ספר,306,מודיעין עילית,קרית ספר,נתיבות המשפט 64,110,2022,1500000,63797-956-1,דירה בבית,5,13636
מודיעין עילית,קרית ספר,307,מודיעין עילית,קרית ספר,נתיבות המשפט 1,82,2022,1600000,63797-818-1,דירה בבית,3,19512
מודיעין עילית,קרית ספר,308,מודיעין עילית,קרית ספר,נתיבות המשפט 37,85,2022,1400000,63797-804-1,דירה בבית,3,16471
מודיעין עילית,קרית ספר,309,מודיעין עילית,קרית ספר,קצות החושן 22,110,2022,1790000,63797-1514-3,דירה בבית,4,16273
מודיעין עילית,קרית ספר,310,מודיעין עילית,קרית ספר,משך חכמה 21,104,2022,2080000,63797-510-3,דירה בבית,5,20000
מודיעין עילית,קרית ספר,311,מודיעין עילית,קרית ספר,חזון דוד 21,135,2022,2085000,63797-3015-3,דירה בבית,5,15444
מודיעין עילית,קרית ספר,312,מודיעין עילית,קרית ספר,מרומי שדה 28,60,2022,950000,63797-1313-3,דירה בבית,3,15833
מודיעין עילית,קרית ספר,313,מודיעין עילית,קרית ספר,אור החיים 4,110,2022,840000,63797-223-7,דירה בבית,4,7636
מודיעין עילית,קרית ספר,314,מודיעין עילית,קרית ספר,מרומי שדה 26,101,2022,740000,63797-1313-5,דירה בבית,4,7327
מודיעין עילית,קרית ספר,315,מודיעין עילית,קרית ספר,קצות החושן 23,116,2022,1700000,63797-1523-5,דירה בבית,4,14655
מודיעין עילית,קרית ספר,316,מודיעין עילית,קרית ספר,נתיבות המשפט 38,84,2021,1500000,63797-801-1,דירה בבית,3,17857
מודיעין עילית,קרית ספר,317,מודיעין עילית,קרית ספר,שאגת אריה 11,120,2021,2090000,63797-1813-5,דירה בבית,4,17417
מודיעין עילית,קרית ספר,318,מודיעין עילית,קרית ספר,חפץ חיים 17,77,2021,1450000,63797-604-7,דירה בבית,3,18831
מודיעין עילית,קרית ספר,319,מודיעין עילית,קרית ספר,מסילת יוסף 7,77,2021,1750000,63797-701-7,דירה בבית,4,22727
מודיעין עילית,קרית ספר,320,מודיעין עילית,קרית ספר,אור החיים 14,82,2021,1600000,63797-209-3,דירה בבית,3,19512
מודיעין עילית,קרית ספר,322,מודיעין עילית,קרית ספר,חפץ חיים 17,74,2021,1800000,63797-604-9,דירה בבית,3,24324
מודיעין עילית,קרית ספר,323,מודיעין עילית,קרית ספר,נתיבות המשפט 91,84,2021,1800000,63797-2836-7,דירה בבית,3,21429
מודיעין עילית,קרית ספר,324,מודיעין עילית,קרית ספר,מרומי שדה 17,86,2021,1790000,63797-1322-3,דירה בבית,3,20814
מודיעין עילית,קרית ספר,325,מודיעין עילית,קרית ספר,אבני נזר 28,77,2021,1450000,63797-409-3,דירה בבית,3,18831
מודיעין עילית,קרית ספר,326,מודיעין עילית,קרית ספר,אבני נזר 20,77,2021,1500000,63797-421-5,דירה בבית,3,19481
מודיעין עילית,קרית ספר,327,מודיעין עילית,קרית ספר,חזון דוד 21,130,2021,1750000,63797-3015-5,דירה בבית,5,13462
מודיעין עילית,קרית ספר,328,מודיעין עילית,קרית ספר,אור החיים 5,84,2021,1460000,63797-222-3,דירה בבית,3,17381
מודיעין עילית,קרית ספר,329,מודיעין עילית,קרית ספר,משך חכמה 4,72,2021,1150000,63797-511-5,דירה בבית,3,15972
מודיעין עילית,קרית ספר,330,מודיעין עילית,קרית ספר,נתיבות המשפט 28,83,2021,1440000,63797-803-5,דירה בבית,3,17349
מודיעין עילית,קרית ספר,332,מודיעין עילית,קרית ספר,נתיבות המשפט 59,72,2021,1320000,63797-2808-15,דירה בבית,3,18333
מודיעין עילית,קרית ספר,333,מודיעין עילית,קרית ספר,נתיבות המשפט 24,84,2021,1950000,63797-805-1,דירה בבית,5,23214
מודיעין עילית,קרית ספר,334,מודיעין עילית,קרית ספר,נתיבות המשפט 4,78,2021,1600000,63797-2090-3,דירה בבית,3,20513
מודיעין עילית,קרית ספר,335,מודיעין עילית,קרית ספר,קצות החושן 9,85,2021,1890000,63797-1509-3,דירה בבית,3,22235
מודיעין עילית,קרית ספר,337,מודיעין עילית,קרית ספר,נתיבות המשפט 68,105,2021,1900000,63797-2823-1,דירה בבית,4,18095
מודיעין עילית,קרית ספר,338,מודיעין עילית,קרית ספר,אבני נזר 26,77,2021,1102000,63797-413-3,דירה בבית,3,14312
מודיעין עילית,קרית ספר,339,מודיעין עילית,קרית ספר,חזון דוד 13,113,2021,1740000,63797-3013-9,דירה בבית,4,15398
מודיעין עילית,קרית ספר,340,מודיעין עילית,קרית ספר,שאגת אריה 17,90,2021,1450000,63797-1819-1,דירה בבית,3,16111
מודיעין עילית,קרית ספר,341,מודיעין עילית,קרית ספר,נתיבות המשפט 1,94,2021,1390000,63797-818-3,דירה בבית,3,14787
מודיעין עילית,קרית ספר,342,מודיעין עילית,קרית ספר,שערי תשובה 12,90,2021,1450000,63797-3003-3,דירה בבית,3,16111
מודיעין עילית,קרית ספר,344,מודיעין עילית,קרית ספר,אבני נזר 4,82,2021,1750000,63797-437-3,דירה בבית,3,21341
מודיעין עילית,קרית ספר,345,מודיעין עילית,קרית ספר,מסילת יוסף 21,94,2021,1155000,63797-951-3,דירה בבית,6,12287
מודיעין עילית,קרית ספר,346,מודיעין עילית,קרית ספר,נתיבות המשפט 81,81,2021,1426000,63797-2826-7,דירה בבית,3,17605
מודיעין עילית,קרית ספר,347,מודיעין עילית,קרית ספר,חזון דוד 1,130,2021,2100000,63797-3007-3,דירה בבית,5,16154
מודיעין עילית,קרית ספר,348,מודיעין עילית,קרית ספר,קצות החושן 8,88,2021,1900000,63797-1506-3,דירה בבית,3,21591
מודיעין עילית,קרית ספר,349,מודיעין עילית,קרית ספר,חפץ חיים 17,176,2021,1980000,63797-604-11,דירה בבית,5,11250
מודיעין עילית,קרית ספר,350,מודיעין עילית,קרית ספר,נתיבות המשפט 6,75,2021,1200000,63797-811-5,דירה בבית,3,16000
מודיעין עילית,קרית ספר,351,מודיעין עילית,קרית ספר,נתיבות המשפט 101,70,2021,1250000,63797-2854-3,דירה בבית,3,17857
מודיעין עילית,קרית ספר,352,מודיעין עילית,קרית ספר,מרומי שדה 23,84,2021,1350000,63797-1322-5,דירה בבית,3,16071
מודיעין עילית,קרית ספר,353,מודיעין עילית,קרית ספר,נתיבות המשפט 19,89,2021,1520000,63797-810-13,דירה בבית,4,17079
מודיעין עילית,קרית ספר,354,מודיעין עילית,קרית ספר,משך חכמה 52,53,2021,1100000,63797-505-9,דירה בבית,2,20755
מודיעין עילית,קרית ספר,355,מודיעין עילית,קרית ספר,שאגת אריה 15,138,2021,2200000,63797-1817-1,דירה בבית,5,15942
מודיעין עילית,קרית ספר,356,מודיעין עילית,קרית ספר,שערי תשובה 12,193,2021,2200000,63797-3003-5,דירה בבית,5,11399
מודיעין עילית,קרית ספר,357,מודיעין עילית,קרית ספר,מרומי שדה 16,93,2021,1450000,63797-1307-3,דירה בבית,3,15591
מודיעין עילית,קרית ספר,358,מודיעין עילית,קרית ספר,אבני נזר 22,120,2021,2150000,63797-419-1,דירה בבית,5,17917
מודיעין עילית,קרית ספר,359,מודיעין עילית,קרית ספר,מרומי שדה 4,86,2021,1510000,63797-1301-5,דירה בבית,4,17558
מודיעין עילית,קרית ספר,360,מודיעין עילית,קרית ספר,חזון דוד 25,73,2021,1480000,63797-3017-9,דירה בבית,3,20274
מודיעין עילית,קרית ספר,361,מודיעין עילית,קרית ספר,משך חכמה 4,54,2021,1270000,63797-511-7,דירה בבית,3,23519
מודיעין עילית,קרית ספר,362,מודיעין עילית,קרית ספר,מסילת יוסף 50,101,2021,1680000,63797-790-1,דירה בבית,3,16634
מודיעין עילית,קרית ספר,363,מודיעין עילית,קרית ספר,קצות החושן 23,103,2021,1500000,63797-1523-7,דירה בבית,4,14563
מודיעין עילית,קרית ספר,364,מודיעין עילית,קרית ספר,מרומי שדה 17,84,2021,1460000,63797-1318-5,דירה בבית,3,17381
מודיעין עילית,קרית ספר,365,מודיעין עילית,קרית ספר,נתיבות המשפט 36,112,2021,1700000,63797-801-3,דירה בבית,4,15179
מודיעין עילית,קרית ספר,366,מודיעין עילית,קרית ספר,שדי חמד 25,85,2021,1210000,63797-2002-3,דירה בבית,3,14235
מודיעין עילית,קרית ספר,367,מודיעין עילית,קרית ספר,נתיבות המשפט 4,93,2021,1885000,63797-2090-5,דירה בבית,4,20269
מודיעין עילית,קרית ספר,368,מודיעין עילית,קרית ספר,חזון דוד 25,80,2021,1475000,63797-3017-11,דירה בבית,3,18438
מודיעין עילית,קרית ספר,369,מודיעין עילית,קרית ספר,אור החיים 5,83,2021,1280000,63797-222-5,דירה בבית,3,15422
מודיעין עילית,קרית ספר,370,מודיעין עילית,קרית ספר,נתיבות המשפט 31,70,2021,1000000,63797-806-3,דירה בבית,3,14286
מודיעין עילית,קרית ספר,371,מודיעין עילית,קרית ספר,קצות החושן 9,81,2021,1605000,63797-1509-5,דירה בבית,3,19815
מודיעין עילית,קרית ספר,372,מודיעין עילית,קרית ספר,קצות החושן 1,115,2021,1550000,63797-1503-3,דירה בבית,4,13478
מודיעין עילית,קרית ספר,373,מודיעין עילית,קרית ספר,נתיבות המשפט 107,78,2021,1400000,63797-2848-5,דירה בבית,3,17949
מודיעין עילית,קרית ספר,374,מודיעין עילית,קרית ספר,אבני נזר 27,110,2021,1500000,63797-418-1,דירה בבית,4,13636
מודיעין עילית,קרית ספר,375,מודיעין עילית,קרית ספר,קצות החושן 13,105,2021,2380000,63797-1523-9,דירה בבית,5,22667
מודיעין עילית,קרית ספר,376,מודיעין עילית,קרית ספר,קצות החושן 21,75,2021,1400000,63797-1521-15,דירה בבית,3,18667
מודיעין עילית,קרית ספר,377,מודיעין עילית,קרית ספר,מסילת יוסף 21,100,2021,1820000,63797-951-5,דירה בבית,3,18200
מודיעין עילית,קרית ספר,378,מודיעין עילית,קרית ספר,קצות החושן 17,74,2021,1000000,63797-1517-3,דירה בבית,4,13514
מודיעין עילית,קרית ספר,379,מודיעין עילית,קרית ספר,קצות החושן 6,95,2021,1750000,63797-1506-5,דירה בבית,3,18421
מודיעין עילית,קרית ספר,380,מודיעין עילית,קרית ספר,נתיבות המשפט 27,84,2021,1390000,63797-806-5,דירה בבית,3,16548
מודיעין עילית,קרית ספר,381,מודיעין עילית,קרית ספר,קצות החושן 11,104,2021,1585000,63797-1511-7,דירה בבית,5,15240
מודיעין עילית,קרית ספר,382,מודיעין עילית,קרית ספר,נתיבות המשפט 67,81,2021,1450000,63797-2816-9,דירה בבית,3,17901
מודיעין עילית,קרית ספר,383,מודיעין עילית,קרית ספר,שאגת אריה 9,90,2021,1360000,63797-1811-3,דירה בבית,3,15111
מודיעין עילית,קרית ספר,384,מודיעין עילית,קרית ספר,נתיבות המשפט 21,101,2021,798000,63797-808-1,דירה בבית,4,7901
מודיעין עילית,קרית ספר,385,מודיעין עילית,קרית ספר,מרומי שדה 3,93,2021,1422000,63797-1306-5,דירה בבית,3,15290
מודיעין עילית,קרית ספר,386,מודיעין עילית,קרית ספר,שאגת אריה 9,130,2021,2180000,63797-1811-5,דירה בבית,5,16769
מודיעין עילית,קרית ספר,387,מודיעין עילית,קרית ספר,משך חכמה 62,64,2021,1170000,63797-505-11,דירה בבית,3,18281
מודיעין עילית,קרית ספר,388,מודיעין עילית,קרית ספר,חזון דוד 15,95,2021,1380000,63797-3014-9,דירה בבית,3,14526
מודיעין עילית,קרית ספר,389,מודיעין עילית,קרית ספר,קצות החושן 11,99,2021,1375000,63797-1511-9,דירה בבית,3,13889
מודיעין עילית,קרית ספר,390,מודיעין עילית,קרית ספר,קצות החושן 5,107,2021,1550000,63797-1507-5,דירה בבית,3,14486
מודיעין עילית,קרית ספר,391,מודיעין עילית,קרית ספר,אור החיים 9,53,2021,1150000,63797-218-3,דירה בבית,2,21698
מודיעין עילית,קרית ספר,392,מודיעין עילית,קרית ספר,אור החיים 21,94,2021,1640000,63648-1165-3,דירה בבית,4,17447
מודיעין עילית,קרית ספר,393,מודיעין עילית,קרית ספר,אור החיים 25,107,2021,1500000,63797-202-1,דירה בבית,4,14019
מודיעין עילית,קרית ספר,394,מודיעין עילית,קרית ספר,נתיבות המשפט 93,84,2021,1400000,63797-2838-5,דירה בבית,3,16667
מודיעין עילית,קרית ספר,395,מודיעין עילית,קרית ספר,קצות החושן 11,106,2021,1880000,63797-1511-11,דירה בבית,5,17736
מודיעין עילית,קרית ספר,396,מודיעין עילית,קרית ספר,קצות החושן 15,134,2021,2100000,63797-1515-5,דירה בבית,6,15672
מודיעין עילית,קרית ספר,397,מודיעין עילית,קרית ספר,חפץ חיים 12,90,2021,700000,63797-613-1,דירה בבית,3,7778
מודיעין עילית,קרית ספר,398,מודיעין עילית,קרית ספר,אור החיים 31,83,2021,1750000,63648-1151-1,דירה בבית,5,21084
מודיעין עילית,קרית ספר,400,מודיעין עילית,קרית ספר,נתיבות המשפט 95,90,2021,1435000,63797-2840-7,דירה בבית,3,15944
מודיעין עילית,קרית ספר,401,מודיעין עילית,קרית ספר,קצות החושן 24,108,2021,1750000,63797-1514-5,דירה בבית,6,16204
מודיעין עילית,קרית ספר,402,מודיעין עילית,קרית ספר,נתיבות המשפט 10,105,2021,2280000,63797-809-1,דירה בבית,4,21714
מודיעין עילית,קרית ספר,403,מודיעין עילית,קרית ספר,שדי חמד 4,95,2021,1600000,63797-337-3,דירה בבית,4,16842
מודיעין עילית,קרית ספר,405,מודיעין עילית,קרית ספר,נתיבות המשפט 97,120,2021,1760000,63797-2842-5,דירה בבית,5,14667
מודיעין עילית,קרית ספר,406,מודיעין עילית,קרית ספר,אבני נזר 9,104,2021,925000,63797-426-1,דירה בבית,4,8894
מודיעין עילית,קרית ספר,407,מודיעין עילית,קרית ספר,מסילת יוסף 3,119,2021,1480000,63797-705-9,דירה בבית,4,12437
מודיעין עילית,קרית ספר,408,מודיעין עילית,קרית ספר,מסילת יוסף 22,83,2021,1310000,63648-2170-13,דירה בבית,3,15783
מודיעין עילית,קרית ספר,409,מודיעין עילית,קרית ספר,שדי חמד 22,87,2021,1410000,63797-317-1,דירה בבית,3,16207
מודיעין עילית,קרית ספר,410,מודיעין עילית,קרית ספר,מסילת יוסף 21,94,2021,2310000,63797-951-7,דירה בבית,6,24574
מודיעין עילית,קרית ספר,411,מודיעין עילית,קרית ספר,חפץ חיים 16,81,2021,1430000,63797-609-5,דירה בבית,3,17654
מודיעין עילית,קרית ספר,412,מודיעין עילית,קרית ספר,קצות החושן 12,88,2021,1460000,63797-1508-5,דירה בבית,3,16591
מודיעין עילית,קרית ספר,413,מודיעין עילית,קרית ספר,נתיבות המשפט 86,104,2021,1777000,63797-2837-1,דירה בבית,4,17087
מודיעין עילית,קרית ספר,414,מודיעין עילית,קרית ספר,שדי חמד 28,90,2021,1310000,63797-311-1,דירה בבית,3,14556
מודיעין עילית,קרית ספר,415,מודיעין עילית,קרית ספר,אבני נזר 34,80,2021,1520000,63797-401-1,דירה בבית,3,19000
מודיעין עילית,קרית ספר,416,מודיעין עילית,קרית ספר,מסילת יוסף 15,75,2021,1300000,63797-787-5,דירה בבית,3,17333
מודיעין עילית,קרית ספר,417,מודיעין עילית,קרית ספר,קצות החושן 14,116,2021,1700000,63797-1510-3,דירה בבית,5,14655
מודיעין עילית,קרית ספר,418,מודיעין עילית,קרית ספר,חזון דוד 15,70,2021,1400000,63797-3014-11,דירה בבית,3,20000
מודיעין עילית,קרית ספר,419,מודיעין עילית,קרית ספר,נתיבות המשפט 97,102,2021,1890000,63797-2842-7,דירה בבית,5,18529
מודיעין עילית,קרית ספר,420,מודיעין עילית,קרית ספר,נתיבות המשפט 17,87,2021,1200000,63797-810-15,דירה בבית,3,13793
מודיעין עילית,קרית ספר,421,מודיעין עילית,קרית ספר,נתיבות המשפט 71,81,2021,1600000,63797-2820-9,דירה בבית,3,19753
מודיעין עילית,קרית ספר,422,מודיעין עילית,קרית ספר,חזון דוד 11,72,2021,1440000,63797-3012-7,דירה בבית,3,20000
מודיעין עילית,קרית ספר,423,מודיעין עילית,קרית ספר,נתיבות המשפט 105,100,2021,1330000,63797-2846-1,דירה בבית,3,13300
מודיעין עילית,קרית ספר,424,מודיעין עילית,קרית ספר,חזון דוד 11,72,2021,1395000,63797-3012-9,דירה בבית,3,19375
מודיעין עילית,קרית ספר,425,מודיעין עילית,קרית ספר,שאגת אריה 7,114,2021,1330000,63797-1809-11,דירה בבית,4,11667
מודיעין עילית,קרית ספר,426,מודיעין עילית,קרית ספר,נתיבות המשפט 93,82,2021,1580000,63797-14-1,דירה בבית,3,19268
מודיעין עילית,קרית ספר,427,מודיעין עילית,קרית ספר,נתיבות המשפט 79,85,2021,1370000,63797-2824-9,דירה בבית,3,16118
מודיעין עילית,קרית ספר,428,מודיעין עילית,קרית ספר,נתיבות המשפט 99,103,2021,1400000,63797-2852-3,דירה בבית,3,13592
מודיעין עילית,קרית ספר,429,מודיעין עילית,קרית ספר,נתיבות המשפט 70,139,2021,2200000,63797-2825-3,דירה בבית,6,15827
מודיעין עילית,קרית ספר,430,מודיעין עילית,קרית ספר,נתיבות המשפט 61,65,2021,1380000,63797-2810-5,דירה בבית,3,21231
מודיעין עילית,קרית ספר,431,מודיעין עילית,קרית ספר,שאגת אריה 13,125,2021,1820000,63797-1815-9,דירה בבית,5,14560
מודיעין עילית,קרית ספר,432,מודיעין עילית,קרית ספר,נתיבות המשפט 33,111,2021,1650000,63797-804-3,דירה בבית,5,14865
מודיעין עילית,קרית ספר,434,מודיעין עילית,קרית ספר,שאגת אריה 3,74,2021,1320000,63797-1805-5,דירה בבית,3,17838
מודיעין עילית,קרית ספר,435,מודיעין עילית,קרית ספר,מרומי שדה 3,108,2021,1586000,63797-1306-7,דירה בבית,4,14685
מודיעין עילית,קרית ספר,436,מודיעין עילית,קרית ספר,משך חכמה 90,100,2021,1760000,63797-501-7,דירה בבית,4,17600
מודיעין עילית,קרית ספר,437,מודיעין עילית,קרית ספר,מרומי שדה 1,84,2021,1320000,63797-941-1,דירה בבית,3,15714
מודיעין עילית,קרית ספר,438,מודיעין עילית,קרית ספר,אור החיים 1,49,2021,900000,63613-226-1,דירה בבית,2,18367
מודיעין עילית,קרית ספר,439,מודיעין עילית,קרית ספר,נתיבות המשפט 61,64,2021,1220000,63797-2810-7,דירה בבית,2,19063
מודיעין עילית,קרית ספר,440,מודיעין עילית,קרית ספר,נתיבות המשפט 103,98,2021,1280000,63797-2844-7,דירה בבית,3,13061
מודיעין עילית,קרית ספר,441,מודיעין עילית,קרית ספר,נתיבות המשפט 57,81,2021,1340000,63797-2823-3,דירה בבית,3,16543
מודיעין עילית,קרית ספר,442,מודיעין עילית,קרית ספר,מרומי שדה 22,105,2021,1500000,63797-1311-3,דירה בבית,3,14286
מודיעין עילית,קרית ספר,443,מודיעין עילית,קרית ספר,אור החיים 13,130,2021,1750000,63797-214-3,דירה בבית,5,13462
מודיעין עילית,קרית ספר,444,מודיעין עילית,קרית ספר,משך חכמה 50,58,2021,1125000,63797-505-17,דירה בבית,2,19397
מודיעין עילית,קרית ספר,445,מודיעין עילית,קרית ספר,מסילת יוסף 26,100,2021,1680000,63797-700-3,דירה בבית,3,16800
מודיעין עילית,קרית ספר,446,מודיעין עילית,קרית ספר,נתיבות המשפט 105,103,2021,1680000,63797-2846-3,דירה בבית,4,16311
מודיעין עילית,קרית ספר,447,מודיעין עילית,קרית ספר,אבני נזר 4,77,2021,1345000,63797-437-5,דירה בבית,3,17468
מודיעין עילית,קרית ספר,448,מודיעין עילית,קרית ספר,אבני נזר 28,74,2021,1602000,63797-409-5,דירה בבית,3,21649
מודיעין עילית,קרית ספר,449,מודיעין עילית,קרית ספר,מרומי שדה 32,87,2021,1780000,63797-1315-1,דירה בבית,3,20460
מודיעין עילית,קרית ספר,450,מודיעין עילית,קרית ספר,אור החיים 4,77,2021,1380000,63797-223-9,דירה בבית,3,17922
מודיעין עילית,קרית ספר,451,מודיעין עילית,קרית ספר,נתיבות המשפט 53,81,2021,1405000,63797-2802-3,דירה בבית,3,17346
מודיעין עילית,קרית ספר,452,מודיעין עילית,קרית ספר,אבני נזר 7,105,2021,1350000,63797-428-1,דירת גן,4,12857
מודיעין עילית,קרית ספר,453,מודיעין עילית,קרית ספר,שאגת אריה 11,90,2021,1330000,63797-1813-7,דירה בבית,3,14778
מודיעין עילית,קרית ספר,454,מודיעין עילית,קרית ספר,נתיבות המשפט 68,130,2021,1830000,63797-2823-5,דירה בבית,5,14077
מודיעין עילית,קרית ספר,455,מודיעין עילית,קרית ספר,מרומי שדה 18,86,2021,1355000,63797-1309-1,דירה בבית,3,15756
מודיעין עילית,קרית ספר,456,מודיעין עילית,קרית ספר,אור החיים 13,130,2021,2100000,63797-214-5,דירה בבית,5,16154
מודיעין עילית,קרית ספר,458,מודיעין עילית,קרית ספר,אור החיים 9,83,2021,1365000,63797-218-5,דירה בבית,3,16446
מודיעין עילית,קרית ספר,459,מודיעין עילית,קרית ספר,שדי חמד 38,106,2021,1380000,63797-301-3,דירה בבית,4,13019
מודיעין עילית,קרית ספר,460,מודיעין עילית,קרית ספר,אור החיים 10,147,2021,1003000,63797-217-1,דירה בבית,5,6823
מודיעין עילית,קרית ספר,461,מודיעין עילית,קרית ספר,שאגת אריה 9,142,2021,2120000,63797-1811-7,דירה בבית,6,14930
מודיעין עילית,קרית ספר,462,מודיעין עילית,קרית ספר,אבני נזר 32,74,2021,1100000,63797-403-7,דירה בבית,3,14865
מודיעין עילית,קרית ספר,463,מודיעין עילית,קרית ספר,נתיבות המשפט 105,100,2021,1600000,63797-2846-5,דירה בבית,4,16000
מודיעין עילית,קרית ספר,464,מודיעין עילית,קרית ספר,נתיבות המשפט 43,85,2021,1320000,63797-802-5,דירה בבית,3,15529
מודיעין עילית,קרית ספר,465,מודיעין עילית,קרית ספר,קצות החושן 13,140,2021,1600000,63797-1513-3,דירה בבית,6,11429
מודיעין עילית,קרית ספר,466,מודיעין עילית,קרית ספר,חפץ חיים 19,91,2021,1400000,63797-602-5,דירה בבית,3,15385
מודיעין עילית,קרית ספר,467,מודיעין עילית,קרית ספר,אור החיים 18,77,2021,1285000,63797-205-3,דירה בבית,3,16688
מודיעין עילית,קרית ספר,468,מודיעין עילית,קרית ספר,חפץ חיים 14,110,2021,1990000,63797-611-3,דירה בבית,6,18091
מודיעין עילית,קרית ספר,469,מודיעין עילית,קרית ספר,נתיבות המשפט 56,90,2021,1075000,63797-794-5,דירה בבית,3,11944
מודיעין עילית,קרית ספר,470,מודיעין עילית,קרית ספר,משך חכמה 16,70,2021,1150000,63797-511-9,דירה בבית,3,16429
מודיעין עילית,קרית ספר,472,מודיעין עילית,קרית ספר,מרומי שדה 5,100,2021,1381000,63797-1308-3,דירה בבית,3,13810
מודיעין עילית,קרית ספר,473,מודיעין עילית,קרית ספר,נתיבות המשפט 105,100,2021,1620000,63797-2846-7,דירה בבית,4,16200
מודיעין עילית,קרית ספר,474,מודיעין עילית,קרית ספר,שאגת אריה 1,70,2021,1100000,63797-1803-3,דירה בבית,2,15714
מודיעין עילית,קרית ספר,475,מודיעין עילית,קרית ספר,נתיבות המשפט 84,121,2021,2300000,63797-2835-3,דירה בבית,4,19008
מודיעין עילית,קרית ספר,476,מודיעין עילית,קרית ספר,שדי חמד 7,141,2021,2800000,63613-320-1,דירה בבית,5,19858
מודיעין עילית,קרית ספר,477,מודיעין עילית,קרית ספר,נתיבות המשפט 95,92,2021,1460000,63797-2840-9,דירה בבית,3,15870
מודיעין עילית,קרית ספר,478,מודיעין עילית,קרית ספר,נתיבות המשפט 4,80,2021,1450000,63797-2090-7,דירה בבית,3,18125
מודיעין עילית,קרית ספר,479,מודיעין עילית,קרית ספר,קצות החושן 19,111,2021,1480000,63797-1519-7,דירה בבית,4,13333
מודיעין עילית,קרית ספר,480,מודיעין עילית,קרית ספר,אור החיים 16,87,2021,1100000,63797-207-3,דירה בבית,3,12644
מודיעין עילית,קרית ספר,481,מודיעין עילית,קרית ספר,חזון דוד 11,70,2021,1050000,63797-3012-11,דירה בבית,4,15000
מודיעין עילית,קרית ספר,482,מודיעין עילית,קרית ספר,שערי תשובה 14,96,2021,2000000,63797-3004-5,דירה בבית,4,20833
מודיעין עילית,קרית ספר,483,מודיעין עילית,קרית ספר,נתיבות המשפט 85,82,2021,1350000,63797-2830-5,דירה בבית,3,16463
מודיעין עילית,קרית ספר,484,מודיעין עילית,קרית ספר,מרומי שדה 17,84,2021,1400000,63797-1318-7,דירה בבית,3,16667
מודיעין עילית,קרית ספר,485,מודיעין עילית,קרית ספר,שדי חמד 8,76,2021,1083000,63797-333-1,דירה בבית,4,14250
מודיעין עילית,קרית ספר,486,מודיעין עילית,קרית ספר,שאגת אריה 1,80,2021,1360000,63797-1803-5,דירה בבית,3,17000
מודיעין עילית,קרית ספר,487,מודיעין עילית,קרית ספר,שאגת אריה 13,150,2020,1920000,63797-1815-11,דירה בבית,5,12800
מודיעין עילית,קרית ספר,488,מודיעין עילית,קרית ספר,חזון דוד 1,69,2020,1185000,63797-3007-5,דירה בבית,2,17174
מודיעין עילית,קרית ספר,489,מודיעין עילית,קרית ספר,מסילת יוסף 3,80,2020,1310000,63797-705-11,דירה בבית,3,16375
מודיעין עילית,קרית ספר,490,מודיעין עילית,קרית ספר,חזון דוד 23,73,2020,1600000,63797-3016-5,דירה בבית,3,21918
מודיעין עילית,קרית ספר,491,מודיעין עילית,קרית ספר,חזון דוד 15,72,2020,950000,63797-3014-13,דירה בבית,3,13194
מודיעין עילית,קרית ספר,492,מודיעין עילית,קרית ספר,מסילת יוסף 24,98,2020,1580000,63797-702-3,דירה בבית,4,16122
מודיעין עילית,קרית ספר,494,מודיעין עילית,קרית ספר,נתיבות המשפט 99,99,2020,1350000,63797-2852-5,דירה בבית,3,13636
מודיעין עילית,קרית ספר,495,מודיעין עילית,קרית ספר,נתיבות המשפט 71,85,2020,1340000,63797-2820-11,דירה בבית,3,15765
מודיעין עילית,קרית ספר,496,מודיעין עילית,קרית ספר,נתיבות המשפט 17,85,2020,800000,63797-810-17,דירה בבית,3,9412
מודיעין עילית,קרית ספר,497,מודיעין עילית,קרית ספר,נתיבות המשפט 85,80,2020,1300000,63797-2830-7,דירה בבית,3,16250
מודיעין עילית,קרית ספר,498,מודיעין עילית,קרית ספר,מרומי שדה 12,89,2020,1460000,63797-1305-9,דירה בבית,3,16404
מודיעין עילית,קרית ספר,499,מודיעין עילית,קרית ספר,אור החיים 17,79,2020,1200000,63797-210-89,דירה בבית,3,15190
מודיעין עילית,קרית ספר,500,מודיעין עילית,קרית ספר,מרומי שדה 12,100,2020,1565000,63797-1305-11,דירה בבית,5,15650
מודיעין עילית,קרית ספר,501,מודיעין עילית,קרית ספר,מסילת יוסף 7,77,2020,662000,63797-701-9,דירה בבית,3,8597
מודיעין עילית,קרית ספר,502,מודיעין עילית,קרית ספר,אור החיים 3,83,2020,1273000,63797-224-3,דירה בבית,3,15337
מודיעין עילית,קרית ספר,503,מודיעין עילית,קרית ספר,חזון דוד 9,70,2020,1335000,63797-3011-9,דירה בבית,3,19071
מודיעין עילית,קרית ספר,504,מודיעין עילית,קרית ספר,חזון דוד 3,79,2020,1605000,63797-3008-1,דירה בבית,4,20316
מודיעין עילית,קרית ספר,505,מודיעין עילית,קרית ספר,אור החיים 20,87,2020,1350000,63797-203-1,דירה בבית,3,15517
מודיעין עילית,קרית ספר,506,מודיעין עילית,קרית ספר,שדי חמד 34,74,2020,1460000,63797-305-5,דירה בבית,3,19730
מודיעין עילית,קרית ספר,507,מודיעין עילית,קרית ספר,מסילת יוסף 16,84,2020,1265000,63797-704-3,דירה בבית,3,15060
מודיעין עילית,קרית ספר,508,מודיעין עילית,קרית ספר,נתיבות המשפט 103,113,2020,2050000,63797-2844-9,דירה בבית,6,18142
מודיעין עילית,קרית ספר,509,מודיעין עילית,קרית ספר,שאגת אריה 15,150,2020,2050000,63797-1817-3,דירה בבית,5,13667
מודיעין עילית,קרית ספר,510,מודיעין עילית,קרית ספר,נתיבות המשפט 101,86,2020,1035000,63797-2854-5,דירה בבית,3,12035
מודיעין עילית,קרית ספר,511,מודיעין עילית,קרית ספר,נתיבות המשפט 13,85,2020,1700000,63797-812-5,דירה בבית,4,20000
מודיעין עילית,קרית ספר,512,מודיעין עילית,קרית ספר,נתיבות המשפט 81,125,2020,1775000,63797-2826-11,דירה בבית,5,14200
מודיעין עילית,קרית ספר,513,מודיעין עילית,קרית ספר,מרומי שדה 30,101,2020,1600000,63797-1315-3,דירה בבית,4,15842
מודיעין עילית,קרית ספר,514,מודיעין עילית,קרית ספר,מרומי שדה 25,91,2020,1390000,63797-1324-3,דירה בבית,3,15275
מודיעין עילית,קרית ספר,515,מודיעין עילית,קרית ספר,שאגת אריה 11,150,2020,2300000,63797-1813-9,דירה בבית,5,15333
מודיעין עילית,קרית ספר,516,מודיעין עילית,קרית ספר,אור החיים 18,88,2020,2000000,63797-205-5,דירה בבית,3,22727
מודיעין עילית,קרית ספר,517,מודיעין עילית,קרית ספר,משך חכמה 32,178,2020,1900000,63797-509-5,דירת גן,6,10674
מודיעין עילית,קרית ספר,518,מודיעין עילית,קרית ספר,משך חכמה 42,75,2020,1185000,63797-507-3,דירה בבית,3,15800
מודיעין עילית,קרית ספר,519,מודיעין עילית,קרית ספר,שדי חמד 32,228,2020,2150000,63797-307-1,דירה בבית,5,9430
מודיעין עילית,קרית ספר,520,מודיעין עילית,קרית ספר,נתיבות המשפט 71,80,2020,1735000,63797-2820-13,דירה בבית,4,21688
מודיעין עילית,קרית ספר,521,מודיעין עילית,קרית ספר,חזון דוד 9,72,2020,1300000,63797-3011-11,דירה בבית,3,18056
מודיעין עילית,קרית ספר,522,מודיעין עילית,קרית ספר,שאגת אריה 3,74,2020,1250000,63797-1805-7,דירה בבית,3,16892
מודיעין עילית,קרית ספר,523,מודיעין עילית,קרית ספר,נתיבות המשפט 19,99,2020,1380000,63797-810-19,דירה בבית,4,13939
מודיעין עילית,קרית ספר,524,מודיעין עילית,קרית ספר,אבני נזר 10,103,2020,1250000,63797-427-7,דירה בבית,3,12136
מודיעין עילית,קרית ספר,525,מודיעין עילית,קרית ספר,חפץ חיים 17,87,2020,1775000,63797-604-13,דירה בבית,4,20402
מודיעין עילית,קרית ספר,526,מודיעין עילית,קרית ספר,אבני נזר 4,95,2020,1300000,63797-437-7,דירה בבית,4,13684
מודיעין עילית,קרית ספר,527,מודיעין עילית,קרית ספר,נתיבות המשפט 63,107,2020,1775000,63797-2812-5,דירה בבית,4,16589
מודיעין עילית,קרית ספר,528,מודיעין עילית,קרית ספר,שערי תשובה 12,160,2020,1980000,63797-3003-7,דירה בבית,5,12375
מודיעין עילית,קרית ספר,529,מודיעין עילית,קרית ספר,אבני נזר 10,90,2020,1260000,63797-427-9,דירה בבית,3,14000
מודיעין עילית,קרית ספר,531,מודיעין עילית,קרית ספר,שדי חמד 19,140,2020,2000000,63797-308-1,דירה בבית,5,14286
מודיעין עילית,קרית ספר,532,מודיעין עילית,קרית ספר,קצות החושן 13,93,2020,1630000,63797-1513-5,דירה בבית,5,17527
מודיעין עילית,קרית ספר,533,מודיעין עילית,קרית ספר,נתיבות המשפט 81,81,2020,1265000,63797-2826-13,דירה בבית,3,15617
מודיעין עילית,קרית ספר,534,מודיעין עילית,קרית ספר,מסילת יוסף 9,74,2020,1500000,63797-781-3,דירה בבית,3,20270
מודיעין עילית,קרית ספר,535,מודיעין עילית,קרית ספר,נתיבות המשפט 67,80,2020,1960000,63797-2816-11,דירה בבית,3,24500
מודיעין עילית,קרית ספר,536,מודיעין עילית,קרית ספר,משך חכמה 72,95,2020,600000,63797-503-13,דירה בבית,4,6316
מודיעין עילית,קרית ספר,537,מודיעין עילית,קרית ספר,משך חכמה 16,110,2020,1810000,63797-511-13,דירה בבית,4,16455
מודיעין עילית,קרית ספר,538,מודיעין עילית,קרית ספר,נתיבות המשפט 95,107,2020,1580000,63797-2840-11,דירה בבית,5,14766
מודיעין עילית,קרית ספר,539,מודיעין עילית,קרית ספר,נתיבות המשפט 1,129,2020,1822000,63797-2035-1,דירה בבית,5,14124
מודיעין עילית,קרית ספר,540,מודיעין עילית,קרית ספר,נתיבות המשפט 18,90,2020,1410000,63797-807-1,דירה בבית,3,15667
מודיעין עילית,קרית ספר,541,מודיעין עילית,קרית ספר,שאגת אריה 7,78,2020,1375000,63797-1809-15,דירה בבית,3,17628
מודיעין עילית,קרית ספר,542,מודיעין עילית,קרית ספר,נתיבות המשפט 99,92,2020,1660000,63797-2852-7,דירה בבית,4,18043
מודיעין עילית,קרית ספר,543,מודיעין עילית,קרית ספר,נתיבות המשפט 79,64,2020,1350000,63797-2824-11,דירה בבית,3,21094
מודיעין עילית,קרית ספר,544,מודיעין עילית,קרית ספר,משך חכמה 50,110,2020,650000,63797-505-19,דירה בבית,4,5909
מודיעין עילית,קרית ספר,545,מודיעין עילית,קרית ספר,קצות החושן 18,110,2020,1494000,63797-1-7,דירה בבית,4,13582
מודיעין עילית,קרית ספר,546,מודיעין עילית,קרית ספר,מרומי שדה 17,89,2020,950000,63797-1318-11,דירה בבית,3,10674
מודיעין עילית,קרית ספר,547,מודיעין עילית,קרית ספר,חזון דוד 13,116,2020,1840000,63797-3013-11,דירה בבית,5,15862
מודיעין עילית,קרית ספר,548,מודיעין עילית,קרית ספר,משך חכמה 46,60,2020,850000,63797-507-5,דירה בבית,2.5,14167
מודיעין עילית,קרית ספר,549,מודיעין עילית,קרית ספר,נתיבות המשפט 103,103,2020,1560000,63797-2844-11,דירה בבית,4,15146
מודיעין עילית,קרית ספר,550,מודיעין עילית,קרית ספר,אור החיים 11,82,2020,1315000,63797-216-3,דירה בבית,3,16037
מודיעין עילית,קרית ספר,551,מודיעין עילית,קרית ספר,נתיבות המשפט 91,107,2020,1300000,63797-2836-9,דירה בבית,3,12150
מודיעין עילית,קרית ספר,552,מודיעין עילית,קרית ספר,נתיבות המשפט 93,70,2020,1380000,63797-2838-7,דירה בבית,3,19714
מודיעין עילית,קרית ספר,553,מודיעין עילית,קרית ספר,חזון דוד 27,99,2020,1642000,63797-3018-11,דירה בבית,4,16586
מודיעין עילית,קרית ספר,554,מודיעין עילית,קרית ספר,חפץ חיים 13,75,2020,1335000,63797-608-3,דירה בבית,3,17800
מודיעין עילית,קרית ספר,555,מודיעין עילית,קרית ספר,אור החיים 11,120,2020,1610000,63797-216-5,דירה בבית,5,13417
מודיעין עילית,קרית ספר,556,מודיעין עילית,קרית ספר,נתיבות המשפט 24,90,2020,486000,63797-805-3,דירה בבית,3,5400
מודיעין עילית,קרית ספר,557,מודיעין עילית,קרית ספר,נתיבות המשפט 87,91,2020,1550000,63797-2832-7,דירה בבית,3,17033
מודיעין עילית,קרית ספר,558,מודיעין עילית,קרית ספר,מרומי שדה 19,89,2020,1680000,63797-1320-1,דירה בבית,4,18876
מודיעין עילית,קרית ספר,559,מודיעין עילית,קרית ספר,אבני נזר 4,90,2020,1195000,63797-437-9,דירה בבית,3,13278
מודיעין עילית,קרית ספר,560,מודיעין עילית,קרית ספר,משך חכמה 7,136,2020,2180000,63797-514-3,דירה בבית,5,16029
מודיעין עילית,קרית ספר,561,מודיעין עילית,קרית ספר,משך חכמה 66,81,2020,1450000,63797-503-15,דירה בבית,4,17901
מודיעין עילית,קרית ספר,562,מודיעין עילית,קרית ספר,קצות החושן 24,110,2020,1950000,63797-1514-7,דירה בבית,5,17727
מודיעין עילית,קרית ספר,564,מודיעין עילית,קרית ספר,אור החיים 11,70,2020,1350000,63797-216-7,דירה בבית,3,19286
מודיעין עילית,קרית ספר,565,מודיעין עילית,קרית ספר,נתיבות המשפט 1,100,2020,1019000,63797-818-5,דירה בבית,4,10190
מודיעין עילית,קרית ספר,566,מודיעין עילית,קרית ספר,קצות החושן 15,91,2020,949000,63797-1515-7,דירה בבית,6,10429
מודיעין עילית,קרית ספר,567,מודיעין עילית,קרית ספר,אבני נזר 24,95,2020,680000,63797-415-3,דירה בבית,4,7158
מודיעין עילית,קרית ספר,568,מודיעין עילית,קרית ספר,משך חכמה 4,127,2020,1350000,63797-511-15,דירה בבית,5,10630
מודיעין עילית,קרית ספר,569,מודיעין עילית,קרית ספר,נתיבות המשפט 9,85,2020,1200000,63797-812-7,דירה בבית,3,14118
מודיעין עילית,קרית ספר,570,מודיעין עילית,קרית ספר,נתיבות המשפט 13,60,2019,1000000,63797-812-9,דירה בבית,3,16667
מודיעין עילית,קרית ספר,571,מודיעין עילית,קרית ספר,משך חכמה 50,64,2019,1125000,63797-505-21,דירה בבית,2,17578
מודיעין עילית,קרית ספר,572,מודיעין עילית,קרית ספר,משך חכמה 33,159,2019,2000000,63797-504-3,דירה בבית,5,12579
מודיעין עילית,קרית ספר,574,מודיעין עילית,קרית ספר,חפץ חיים 22,54,2019,1115000,63797-603-5,דירה בבית,2,20648
מודיעין עילית,קרית ספר,575,מודיעין עילית,קרית ספר,נתיבות המשפט 52,150,2019,2300000,63797-2811-3,דירת גן,8,15333
מודיעין עילית,קרית ספר,576,מודיעין עילית,קרית ספר,נתיבות המשפט 59,80,2019,1300000,63797-2808-17,דירה בבית,3,16250
מודיעין עילית,קרית ספר,577,מודיעין עילית,קרית ספר,נתיבות המשפט 53,110,2019,1850000,63797-2802-5,דירה בבית,3,16818
מודיעין עילית,קרית ספר,579,מודיעין עילית,קרית ספר,חזון דוד 1,87,2019,1270000,63797-3007-7,דירה בבית,3,14598
מודיעין עילית,קרית ספר,580,מודיעין עילית,קרית ספר,מרומי שדה 30,86,2019,1430000,63797-1315-5,דירה בבית,3,16628
מודיעין עילית,קרית ספר,581,מודיעין עילית,קרית ספר,מסילת יוסף 16,85,2019,1415000,63797-704-5,דירה בבית,3,16647
מודיעין עילית,קרית ספר,582,מודיעין עילית,קרית ספר,נתיבות המשפט 76,167,2019,2050000,63797-2831-1,דירה בבית,5,12275
מודיעין עילית,קרית ספר,583,מודיעין עילית,קרית ספר,שאגת אריה 11,139,2019,1620000,63797-1813-11,דירה בבית,5,11655
מודיעין עילית,קרית ספר,584,מודיעין עילית,קרית ספר,שאגת אריה 3,83,2019,1645000,63797-1805-9,דירה בבית,3,19819
מודיעין עילית,קרית ספר,585,מודיעין עילית,קרית ספר,מסילת יוסף 15,80,2019,440000,63797-787-7,דירה בבית,3,5500
מודיעין עילית,קרית ספר,586,מודיעין עילית,קרית ספר,נתיבות המשפט 89,81,2019,1320000,63797-2834-3,דירה בבית,3,16296
מודיעין עילית,קרית ספר,587,מודיעין עילית,קרית ספר,מרומי שדה 3,110,2019,1700000,63797-1306-9,דירה בבית,5,15455
מודיעין עילית,קרית ספר,588,מודיעין עילית,קרית ספר,נתיבות המשפט 33,85,2019,1450000,63797-804-5,דירה בבית,3,17059
מודיעין עילית,קרית ספר,589,מודיעין עילית,קרית ספר,קצות החושן 15,86,2019,1550000,63797-1515-9,דירה בבית,3,18023
מודיעין עילית,קרית ספר,590,מודיעין עילית,קרית ספר,מסילת יוסף 28,84,2019,1260000,63797-700-5,דירה בבית,3,15000
מודיעין עילית,קרית ספר,591,מודיעין עילית,קרית ספר,אבני נזר 30,80,2019,1250000,63797-407-5,דירה בבית,3,15625
מודיעין עילית,קרית ספר,592,מודיעין עילית,קרית ספר,חזון דוד 21,100,2019,2300000,63797-3015-9,דירה בבית,5,23000
מודיעין עילית,קרית ספר,593,מודיעין עילית,קרית ספר,משך חכמה 14,54,2019,975000,63797-511-17,דירה בבית,2,18056
מודיעין עילית,קרית ספר,594,מודיעין עילית,קרית ספר,נתיבות המשפט 57,91,2019,1355000,63797-2806-3,דירה בבית,3,14890
מודיעין עילית,קרית ספר,595,מודיעין עילית,קרית ספר,קצות החושן 24,130,2019,1800000,63797-1514-9,דירה בבית,5,13846
מודיעין עילית,קרית ספר,596,מודיעין עילית,קרית ספר,חזון דוד 5,77,2019,1300000,63797-3009-3,דירה בבית,3,16883
מודיעין עילית,קרית ספר,597,מודיעין עילית,קרית ספר,חתם סופר 8,84,2019,1370000,63797-712-1,דירה בבית,3,16310
מודיעין עילית,קרית ספר,598,מודיעין עילית,קרית ספר,נתיבות המשפט 85,85,2019,800000,63797-2830-9,דירה בבית,3,9412
מודיעין עילית,קרית ספר,599,מודיעין עילית,קרית ספר,מרומי שדה 6,106,2019,1414000,63797-1301-7,דירה בבית,3,13340
מודיעין עילית,קרית ספר,600,מודיעין עילית,קרית ספר,מסילת יוסף 9,105,2019,1450000,63797-781-5,דירה בבית,4,13810
מודיעין עילית,קרית ספר,601,מודיעין עילית,קרית ספר,שאגת אריה 1,65,2019,399000,63797-1803-7,דירה בבית,3,6138
מודיעין עילית,קרית ספר,602,מודיעין עילית,קרית ספר,אבני נזר 10,88,2019,1200000,63797-427-11,דירה בבית,3,13636
מודיעין עילית,קרית ספר,603,מודיעין עילית,קרית ספר,נתיבות המשפט 22,97,2019,1527000,63797-805-5,דירה בבית,4,15742
מודיעין עילית,קרית ספר,604,מודיעין עילית,קרית ספר,נתיבות המשפט 44,130,2019,1825000,63797-2803-3,דירה בבית,5,14038
מודיעין עילית,קרית ספר,605,מודיעין עילית,קרית ספר,משך חכמה 10,94,2019,1470000,63797-511-19,דירת גן,3,15638
מודיעין עילית,קרית ספר,606,מודיעין עילית,קרית ספר,אור החיים 13,100,2019,1460000,63797-214-7,דירה בבית,4,14600
מודיעין עילית,קרית ספר,608,מודיעין עילית,קרית ספר,אבני נזר 4,78,2019,1280000,63797-437-11,דירה בבית,3,16410
מודיעין עילית,קרית ספר,609,מודיעין עילית,קרית ספר,נתיבות המשפט 61,75,2019,1280000,63797-2810-9,דירה בבית,3,17067
מודיעין עילית,קרית ספר,610,מודיעין עילית,קרית ספר,מרומי שדה 11,116,2019,1250000,63797-1314-5,דירה בבית,4,10776
מודיעין עילית,קרית ספר,611,מודיעין עילית,קרית ספר,קצות החושן 16,130,2019,1970000,63797-1510-5,דירה בבית,5,15154
מודיעין עילית,קרית ספר,612,מודיעין עילית,קרית ספר,חפץ חיים 21,85,2019,1200000,63797-602-7,דירה בבית,3,14118
מודיעין עילית,קרית ספר,613,מודיעין עילית,קרית ספר,חזון דוד 15,75,2019,1405000,63797-3014-15,דירה בבית,3,18733
מודיעין עילית,קרית ספר,614,מודיעין עילית,קרית ספר,נתיבות המשפט 87,145,2019,1780000,63797-2832-9,דירה בבית,6,12276
מודיעין עילית,קרית ספר,615,מודיעין עילית,קרית ספר,נתיבות המשפט 79,75,2019,1850000,63797-2824-13,דירה בבית,3,24667
מודיעין עילית,קרית ספר,616,מודיעין עילית,קרית ספר,נתיבות המשפט 105,105,2019,1570000,63797-2846-9,דירה בבית,4,14952
מודיעין עילית,קרית ספר,617,מודיעין עילית,קרית ספר,קצות החושן 17,76,2019,1650000,63797-1517-5,דירה בבית,3,21711
מודיעין עילית,קרית ספר,618,מודיעין עילית,קרית ספר,מסילת יוסף 17,75,2019,1125000,63797-789-3,דירה בבית,2.5,15000
מודיעין עילית,קרית ספר,619,מודיעין עילית,קרית ספר,נתיבות המשפט 61,85,2019,1550000,63797-2810-11,דירה בבית,4,18235
מודיעין עילית,קרית ספר,620,מודיעין עילית,קרית ספר,אור החיים 21,107,2019,1380000,63797-206-7,דירה בבית,4,12897
מודיעין עילית,קרית ספר,621,מודיעין עילית,קרית ספר,חפץ חיים 5,130,2019,2150000,63797-616-1,דירה בבית,4,16538
מודיעין עילית,קרית ספר,622,מודיעין עילית,קרית ספר,אבני נזר 34,70,2019,1100000,63613-401-1,דירה בבית,3,15714
מודיעין עילית,קרית ספר,623,מודיעין עילית,קרית ספר,חזון דוד 27,90,2019,1630000,63797-3018-13,דירה בבית,4,18111
מודיעין עילית,קרית ספר,624,מודיעין עילית,קרית ספר,חזון דוד 11,70,2019,975000,63797-3012-15,דירה בבית,3,13929
מודיעין עילית,קרית ספר,625,מודיעין עילית,קרית ספר,מסילת יוסף 22,84,2019,1360000,63797-702-5,דירה בבית,3,16190
מודיעין עילית,קרית ספר,626,מודיעין עילית,קרית ספר,משך חכמה 64,58,2019,995000,63797-505-23,דירה בבית,2,17155
מודיעין עילית,קרית ספר,627,מודיעין עילית,קרית ספר,שאגת אריה 7,73,2019,1350000,63797-1809-17,דירה בבית,3,18493
מודיעין עילית,קרית ספר,628,מודיעין עילית,קרית ספר,שאגת אריה 21,132,2019,2000000,63797-1823-3,דירה בבית,5,15152
מודיעין עילית,קרית ספר,629,מודיעין עילית,קרית ספר,שדי חמד 22,82,2019,1465000,63797-317-3,דירה בבית,3,17866
מודיעין עילית,קרית ספר,630,מודיעין עילית,קרית ספר,שדי חמד 34,95,2019,1400000,63797-305-7,דירה בבית,3,14737
מודיעין עילית,קרית ספר,631,מודיעין עילית,קרית ספר,אבני נזר 28,77,2019,1240000,63797-409-7,דירה בבית,3,16104
מודיעין עילית,קרית ספר,633,מודיעין עילית,קרית ספר,נתיבות המשפט 55,90,2019,1310000,63797-2804-5,דירה בבית,3,14556
מודיעין עילית,קרית ספר,634,מודיעין עילית,קרית ספר,מסילת יוסף 1,80,2019,1250000,63797-707-1,דירה בבית,3,15625
מודיעין עילית,קרית ספר,635,מודיעין עילית,קרית ספר,חזון דוד 15,73,2019,1340000,63797-3014-17,דירה בבית,3,18356
מודיעין עילית,קרית ספר,636,מודיעין עילית,קרית ספר,נתיבות המשפט 89,81,2019,1280000,63797-2834-5,דירה בבית,3,15802
מודיעין עילית,קרית ספר,637,מודיעין עילית,קרית ספר,מרומי שדה 23,80,2019,1010000,63797-1322-7,דירה בבית,3,12625
מודיעין עילית,קרית ספר,638,מודיעין עילית,קרית ספר,אבני נזר 26,85,2019,1740000,63797-413-5,דירה בבית,3,20471
מודיעין עילית,קרית ספר,639,מודיעין עילית,קרית ספר,מרומי שדה 24,87,2019,1320000,63797-1311-5,דירה בבית,3,15172
מודיעין עילית,קרית ספר,640,מודיעין עילית,קרית ספר,חזון דוד 15,72,2019,1250000,63797-3014-19,דירה בבית,3,17361
מודיעין עילית,קרית ספר,641,מודיעין עילית,קרית ספר,נתיבות המשפט 85,85,2019,825000,63797-2830-11,דירה בבית,3,9706
מודיעין עילית,קרית ספר,642,מודיעין עילית,קרית ספר,מרומי שדה 17,89,2019,1330000,63797-1318-13,דירה בבית,3,14944
מודיעין עילית,קרית ספר,643,מודיעין עילית,קרית ספר,מרומי שדה 22,106,2019,1450000,63797-1311-7,דירה בבית,4,13679
מודיעין עילית,קרית ספר,644,מודיעין עילית,קרית ספר,נתיבות המשפט 57,80,2019,1245000,63797-2806-5,דירה בבית,3,15563
מודיעין עילית,קרית ספר,645,מודיעין עילית,קרית ספר,נתיבות המשפט 61,64,2019,1090000,63797-2810-13,דירה בבית,2.5,17031
מודיעין עילית,קרית ספר,646,מודיעין עילית,קרית ספר,נתיבות המשפט 13,106,2019,1380000,63797-812-11,דירה בבית,4,13019
מודיעין עילית,קרית ספר,647,מודיעין עילית,קרית ספר,מרומי שדה 5,90,2019,812000,63797-1308-5,דירה בבית,4,9022
מודיעין עילית,קרית ספר,648,מודיעין עילית,קרית ספר,קצות החושן 1,107,2019,1390000,63797-1503-5,דירה בבית,3.5,12991
מודיעין עילית,קרית ספר,649,מודיעין עילית,קרית ספר,נתיבות המשפט 42,105,2019,1850000,63797-2801-5,דירה בבית,4,17619
מודיעין עילית,קרית ספר,650,מודיעין עילית,קרית ספר,קצות החושן 17,90,2019,1260000,63797-1517-7,דירה בבית,3,14000
מודיעין עילית,קרית ספר,651,מודיעין עילית,קרית ספר,אבני נזר 1,73,2019,1610000,63797-2052-5,דירה בבית,3,22055
מודיעין עילית,קרית ספר,652,מודיעין עילית,קרית ספר,נתיבות המשפט 105,128,2019,1520000,63797-2846-11,דירה בבית,4,11875
מודיעין עילית,קרית ספר,653,מודיעין עילית,קרית ספר,נתיבות המשפט 52,110,2019,1550000,63797-2811-5,דירה בבית,4,14091
מודיעין עילית,קרית ספר,654,מודיעין עילית,קרית ספר,אבני נזר 10,98,2019,1520000,63797-427-13,דירה בבית,4,15510
מודיעין עילית,קרית ספר,655,מודיעין עילית,קרית ספר,קצות החושן 1,111,2019,1450000,63797-1503-7,דירה בבית,3.5,13063
מודיעין עילית,קרית ספר,656,מודיעין עילית,קרית ספר,מרומי שדה 25,93,2019,1350000,63797-1324-5,דירה בבית,3,14516
מודיעין עילית,קרית ספר,657,מודיעין עילית,קרית ספר,שאגת אריה 11,125,2019,1700000,63797-1813-13,דירה בבית,5,13600
מודיעין עילית,קרית ספר,658,מודיעין עילית,קרית ספר,אבני נזר 39,105,2019,1720000,63797-412-1,דירה בבית,4,16381
מודיעין עילית,קרית ספר,659,מודיעין עילית,קרית ספר,קצות החושן 13,100,2019,1290000,63797-1513-7,דירה בבית,4,12900
מודיעין עילית,קרית ספר,660,מודיעין עילית,קרית ספר,אבני נזר 6,99,2019,1345000,63797-433-5,דירה בבית,3,13586
מודיעין עילית,קרית ספר,661,מודיעין עילית,קרית ספר,נתיבות המשפט 85,85,2019,650000,63797-2830-13,דירה בבית,3,7647
מודיעין עילית,קרית ספר,662,מודיעין עילית,קרית ספר,שדי חמד 38,116,2019,1140000,63797-301-5,דירה בבית,5,9828
מודיעין עילית,קרית ספר,663,מודיעין עילית,קרית ספר,חזון דוד 23,73,2019,1350000,63797-3016-7,דירה בבית,3,18493
מודיעין עילית,קרית ספר,664,מודיעין עילית,קרית ספר,חזון דוד 25,83,2019,1532000,63797-3017-13,דירה בבית,3,18458
מודיעין עילית,קרית ספר,665,מודיעין עילית,קרית ספר,שערי תשובה 14,120,2019,1666000,63797-3004-9,דירה בבית,5,13883
מודיעין עילית,קרית ספר,666,מודיעין עילית,קרית ספר,חזון דוד 1,90,2019,1630000,63797-3007-9,דירה בבית,3,18111
מודיעין עילית,קרית ספר,667,מודיעין עילית,קרית ספר,חזון דוד 21,87,2019,1260000,63797-3015-11,דירה בבית,3,14483
מודיעין עילית,קרית ספר,668,מודיעין עילית,קרית ספר,מרומי שדה 23,84,2019,657000,63797-1322-9,דירה בבית,3,7821
מודיעין עילית,קרית ספר,669,מודיעין עילית,קרית ספר,נתיבות המשפט 1,96,2019,1375000,63797-818-7,דירה בבית,4,14323
מודיעין עילית,קרית ספר,670,מודיעין עילית,קרית ספר,אור החיים 18,75,2019,1550000,63797-205-7,דירה בבית,3,20667
מודיעין עילית,קרית ספר,671,מודיעין עילית,קרית ספר,משך חכמה 58,92,2019,1550000,63797-505-25,דירה בבית,4,16848
מודיעין עילית,קרית ספר,672,מודיעין עילית,קרית ספר,נתיבות המשפט 71,97,2019,1250000,63797-2820-15,דירה בבית,3,12887
מודיעין עילית,קרית ספר,673,מודיעין עילית,קרית ספר,אור החיים 19,130,2019,1950000,63797-208-1,דירה בבית,5,15000
מודיעין עילית,קרית ספר,674,מודיעין עילית,קרית ספר,נתיבות המשפט 10,84,2019,1240000,63797-809-3,דירה בבית,3,14762
מודיעין עילית,קרית ספר,675,מודיעין עילית,קרית ספר,נתיבות המשפט 61,90,2019,1289000,63797-2810-15,דירה בבית,3,14322
מודיעין עילית,קרית ספר,676,מודיעין עילית,קרית ספר,קצות החושן 13,101,2019,1655000,63797-1513-9,דירה בבית,4,16386
מודיעין עילית,קרית ספר,677,מודיעין עילית,קרית ספר,מסילת יוסף 17,80,2019,1199000,63797-789-5,דירה בבית,3,14988
מודיעין עילית,קרית ספר,678,מודיעין עילית,קרית ספר,נתיבות המשפט 71,120,2019,1694000,63797-2820-17,דירה בבית,5,14117
מודיעין עילית,קרית ספר,679,מודיעין עילית,קרית ספר,משך חכמה 50,104,2019,1640000,63613-505-1,דירה בבית,4,15769
מודיעין עילית,קרית ספר,680,מודיעין עילית,קרית ספר,אבני נזר 28,77,2019,1240000,63797-409-9,דירה בבית,3,16104
מודיעין עילית,קרית ספר,681,מודיעין עילית,קרית ספר,נתיבות המשפט 101,87,2019,1300000,63797-2854-9,דירה בבית,3,14943
מודיעין עילית,קרית ספר,683,מודיעין עילית,קרית ספר,חפץ חיים 11,90,2018,1300000,63797-610-3,דירה בבית,3,14444
מודיעין עילית,קרית ספר,684,מודיעין עילית,קרית ספר,חזון דוד 27,98,2018,1580000,63797-3018-15,דירה בבית,4,16122
מודיעין עילית,קרית ספר,685,מודיעין עילית,קרית ספר,מסילת יוסף 50,100,2018,1000000,63797-790-3,דירה בבית,3,10000
מודיעין עילית,קרית ספר,686,מודיעין עילית,קרית ספר,נתיבות המשפט 93,84,2018,1300000,63797-2838-9,דירה בבית,3,15476
מודיעין עילית,קרית ספר,687,מודיעין עילית,קרית ספר,נתיבות המשפט 101,110,2018,1560000,63797-2854-11,דירה בבית,3,14182
מודיעין עילית,קרית ספר,688,מודיעין עילית,קרית ספר,נתיבות המשפט 14,85,2018,1100000,63797-809-5,דירה בבית,3,12941
מודיעין עילית,קרית ספר,689,מודיעין עילית,קרית ספר,שדי חמד 34,77,2018,1270000,63797-305-9,דירה בבית,3,16494
מודיעין עילית,קרית ספר,690,מודיעין עילית,קרית ספר,אבני נזר 2,77,2018,1220000,63797-439-5,דירה בבית,3,15844
מודיעין עילית,קרית ספר,691,מודיעין עילית,קרית ספר,נתיבות המשפט 81,80,2018,1600000,63797-2826-15,דירה בבית,3,20000
מודיעין עילית,קרית ספר,692,מודיעין עילית,קרית ספר,נתיבות המשפט 62,120,2018,1700000,63797-2821-1,דירה בבית,5,14167
מודיעין עילית,קרית ספר,693,מודיעין עילית,קרית ספר,אבני נזר 2,87,2018,1000000,63797-439-7,דירה בבית,3,11494
מודיעין עילית,קרית ספר,694,מודיעין עילית,קרית ספר,מרומי שדה 3,87,2018,1280000,63797-1306-11,דירה בבית,3,14713
מודיעין עילית,קרית ספר,695,מודיעין עילית,קרית ספר,אבני נזר 4,77,2018,950000,63797-437-13,דירה בבית,3,12338
מודיעין עילית,קרית ספר,696,מודיעין עילית,קרית ספר,שאגת אריה 11,112,2018,1805000,63797-1813-15,דירה בבית,5,16116
מודיעין עילית,קרית ספר,697,מודיעין עילית,קרית ספר,נתיבות המשפט 53,80,2018,1272000,63797-2802-7,דירה בבית,3,15900
מודיעין עילית,קרית ספר,698,מודיעין עילית,קרית ספר,משך חכמה 34,150,2018,2000000,63613-507-1,דירה בבית,5,13333
מודיעין עילית,קרית ספר,699,מודיעין עילית,קרית ספר,מסילת יוסף 20,83,2018,1247000,63797-702-7,דירה בבית,3,15024
מודיעין עילית,קרית ספר,700,מודיעין עילית,קרית ספר,חפץ חיים 9,95,2018,1400000,63797-612-3,דירה בבית,4,14737
מודיעין עילית,קרית ספר,702,מודיעין עילית,קרית ספר,מרומי שדה 5,87,2018,1300000,63797-1308-7,דירה בבית,3,14943
מודיעין עילית,קרית ספר,703,מודיעין עילית,קרית ספר,שאגת אריה 21,188,2018,2700000,63797-1823-5,דירה בבית,5,14362
מודיעין עילית,קרית ספר,704,מודיעין עילית,קרית ספר,נתיבות המשפט 69,85,2018,1150000,63797-2818-3,דירה בבית,3,13529
מודיעין עילית,קרית ספר,705,מודיעין עילית,קרית ספר,חפץ חיים 19,105,2018,1260000,63797-602-9,דירה בבית,3,12000
מודיעין עילית,קרית ספר,706,מודיעין עילית,קרית ספר,נתיבות המשפט 56,120,2018,1690000,63797-2815-1,דירה בבית,4,14083
מודיעין עילית,קרית ספר,707,מודיעין עילית,קרית ספר,חזון דוד 15,80,2018,1330000,63797-3014-21,דירה בבית,3,16625
מודיעין עילית,קרית ספר,708,מודיעין עילית,קרית ספר,מסילת יוסף 20,84,2018,1280000,63797-702-9,דירה בבית,3,15238
מודיעין עילית,קרית ספר,709,מודיעין עילית,קרית ספר,מרומי שדה 15,86,2018,1260000,63797-1316-7,דירה בבית,3,14651
מודיעין עילית,קרית ספר,710,מודיעין עילית,קרית ספר,משך חכמה 84,51,2018,900000,63797-501-11,דירה בבית,2,17647
מודיעין עילית,קרית ספר,711,מודיעין עילית,קרית ספר,קצות החושן 13,90,2018,1275000,63797-1513-11,דירה בבית,3,14167
מודיעין עילית,קרית ספר,712,מודיעין עילית,קרית ספר,חפץ חיים 9,76,2018,1420000,63797-612-5,דירה בבית,3,18684
מודיעין עילית,קרית ספר,713,מודיעין עילית,קרית ספר,חזון דוד 21,130,2018,1600000,63797-3015-13,דירה בבית,5,12308
מודיעין עילית,קרית ספר,714,מודיעין עילית,קרית ספר,שדי חמד 15,136,2018,2700000,63797-312-1,דירה בבית,5,19853
מודיעין עילית,קרית ספר,715,מודיעין עילית,קרית ספר,שאגת אריה 13,120,2018,1620000,63797-1815-13,דירה בבית,4,13500
מודיעין עילית,קרית ספר,716,מודיעין עילית,קרית ספר,חזון דוד 25,88,2018,1342000,63797-3017-15,דירה בבית,3,15250
מודיעין עילית,קרית ספר,717,מודיעין עילית,קרית ספר,נתיבות המשפט 30,90,2018,1220000,63797-803-7,דירה בבית,3,13556
מודיעין עילית,קרית ספר,718,מודיעין עילית,קרית ספר,נתיבות המשפט 63,81,2018,1240000,63797-2812-7,דירה בבית,3,15309
מודיעין עילית,קרית ספר,719,מודיעין עילית,קרית ספר,נתיבות המשפט 31,99,2018,999000,63797-806-7,דירה בבית,3,10091
מודיעין עילית,קרית ספר,720,מודיעין עילית,קרית ספר,שאגת אריה 19,125,2018,835000,63797-1821-3,דירה בבית,5,6680
מודיעין עילית,קרית ספר,721,מודיעין עילית,קרית ספר,חזון דוד 11,70,2018,1290000,63797-3012-19,דירה בבית,3,18429
מודיעין עילית,קרית ספר,722,מודיעין עילית,קרית ספר,אור החיים 17,107,2018,1415000,63797-210-105,דירה בבית,4,13224
מודיעין עילית,קרית ספר,723,מודיעין עילית,קרית ספר,שאגת אריה 3,87,2018,1000000,63797-1805-11,דירה בבית,3,11494
מודיעין עילית,קרית ספר,724,מודיעין עילית,קרית ספר,נתיבות המשפט 105,82,2018,1500000,63797-2846-13,דירה בבית,3,18293
מודיעין עילית,קרית ספר,725,מודיעין עילית,קרית ספר,אור החיים 17,100,2018,1500000,63797-210-107,דירה בבית,4,15000
מודיעין עילית,קרית ספר,726,מודיעין עילית,קרית ספר,שדי חמד 23,102,2018,1999000,63797-304-7,דירה בבית,5,19598
מודיעין עילית,קרית ספר,727,מודיעין עילית,קרית ספר,שאגת אריה 7,80,2018,1250000,63797-1809-19,דירה בבית,3,15625
מודיעין עילית,קרית ספר,728,מודיעין עילית,קרית ספר,נתיבות המשפט 93,83,2018,1175000,63797-2838-11,דירה בבית,3,14157
מודיעין עילית,קרית ספר,729,מודיעין עילית,קרית ספר,שדי חמד 17,140,2018,2200000,63797-310-1,דירה בבית,6,15714
מודיעין עילית,קרית ספר,730,מודיעין עילית,קרית ספר,מסילת יוסף 8,150,2018,2180000,63797-706-3,דירה בבית,6.5,14533
מודיעין עילית,קרית ספר,732,מודיעין עילית,קרית ספר,נתיבות המשפט 91,85,2018,1270000,63797-2836-11,דירה בבית,3,14941
מודיעין עילית,קרית ספר,733,מודיעין עילית,קרית ספר,חזון דוד 25,101,2018,1200000,63797-3017-17,דירה בבית,3,11881
מודיעין עילית,קרית ספר,734,מודיעין עילית,קרית ספר,משך חכמה 58,95,2018,1199000,63797-505-27,דירה בבית,3,12621
מודיעין עילית,קרית ספר,736,מודיעין עילית,קרית ספר,שערי תשובה 14,114,2018,860000,63797-3004-11,דירה בבית,4,7544
מודיעין עילית,קרית ספר,737,מודיעין עילית,קרית ספר,שאגת אריה 3,83,2018,1207000,63797-1805-13,דירה בבית,3,14542
מודיעין עילית,קרית ספר,738,מודיעין עילית,קרית ספר,נתיבות המשפט 36,86,2018,1270000,63797-801-7,דירה בבית,3,14767
מודיעין עילית,קרית ספר,739,מודיעין עילית,קרית ספר,נתיבות המשפט 18,95,2018,1390000,63797-807-3,דירה בבית,3,14632
מודיעין עילית,קרית ספר,740,מודיעין עילית,קרית ספר,שאגת אריה 9,142,2018,1580000,63797-1811-9,דירה בבית,5,11127
מודיעין עילית,קרית ספר,741,מודיעין עילית,קרית ספר,קצות החושן 5,85,2018,1150000,63797-1507-9,דירה בבית,3,13529
מודיעין עילית,קרית ספר,742,מודיעין עילית,קרית ספר,מרומי שדה 3,95,2018,1400000,63797-1306-13,דירה בבית,4,14737
מודיעין עילית,קרית ספר,743,מודיעין עילית,קרית ספר,קצות החושן 5,96,2018,1050000,63797-1507-11,דירה בבית,3,10938
מודיעין עילית,קרית ספר,744,מודיעין עילית,קרית ספר,חזון דוד 25,75,2018,1750000,63797-3017-19,דירה בבית,3,23333
מודיעין עילית,קרית ספר,745,מודיעין עילית,קרית ספר,אור החיים 7,75,2018,500000,63797-220-5,דירה בבית,3,6667
מודיעין עילית,קרית ספר,746,מודיעין עילית,קרית ספר,אבני נזר 30,70,2018,1130000,63797-407-7,דירה בבית,3,16143
מודיעין עילית,קרית ספר,747,מודיעין עילית,קרית ספר,שאגת אריה 7,88,2018,1269000,63797-1809-21,דירה בבית,3,14420
מודיעין עילית,קרית ספר,748,מודיעין עילית,קרית ספר,מסילת יוסף 15,99,2018,1690000,63797-787-9,דירה בבית,4,17071
מודיעין עילית,קרית ספר,749,מודיעין עילית,קרית ספר,נתיבות המשפט 83,86,2018,1290000,63797-2828-3,דירה בבית,3,15000
מודיעין עילית,קרית ספר,750,מודיעין עילית,קרית ספר,נתיבות המשפט 95,104,2018,1220000,63797-2840-13,דירה בבית,3,11731
מודיעין עילית,קרית ספר,751,מודיעין עילית,קרית ספר,מסילת יוסף 3,80,2018,1230000,63797-705-13,דירה בבית,3,15375
מודיעין עילית,קרית ספר,752,מודיעין עילית,קרית ספר,קצות החושן 9,102,2018,1220000,63797-1509-7,דירה בבית,3,11961
מודיעין עילית,קרית ספר,753,מודיעין עילית,קרית ספר,שאגת אריה 13,133,2018,1750000,63797-1815-15,דירה בבית,5,13158
מודיעין עילית,קרית ספר,754,מודיעין עילית,קרית ספר,נתיבות המשפט 6,84,2018,1265000,63797-811-7,דירה בבית,3,15060
מודיעין עילית,קרית ספר,755,מודיעין עילית,קרית ספר,נתיבות המשפט 93,84,2018,1650000,63797-2838-13,דירה בבית,3,19643
מודיעין עילית,קרית ספר,756,מודיעין עילית,קרית ספר,קצות החושן 21,101,2018,1300000,63797-1521-17,דירה בבית,3,12871
מודיעין עילית,קרית ספר,757,מודיעין עילית,קרית ספר,נתיבות המשפט 10,84,2018,1300000,63797-809-7,דירה בבית,4,15476
מודיעין עילית,קרית ספר,758,מודיעין עילית,קרית ספר,נתיבות המשפט 71,81,2018,1250000,63797-2820-19,דירה בבית,3,15432
מודיעין עילית,קרית ספר,759,מודיעין עילית,קרית ספר,שאגת אריה 13,180,2018,2100000,63797-1815-17,דירה בבית,5,11667
מודיעין עילית,קרית ספר,760,מודיעין עילית,קרית ספר,משך חכמה 48,130,2018,2299000,63797-507-7,דירה בבית,5,17685
מודיעין עילית,קרית ספר,761,מודיעין עילית,קרית ספר,נתיבות המשפט 78,88,2018,600000,63797-2833-1,דירה בבית,4,6818
מודיעין עילית,קרית ספר,762,מודיעין עילית,קרית ספר,נתיבות המשפט 55,89,2018,1330000,63797-2804-7,דירה בבית,3,14944
מודיעין עילית,קרית ספר,763,מודיעין עילית,קרית ספר,אור החיים 4,82,2018,1500000,63797-223-11,דירה בבית,4,18293
מודיעין עילית,קרית ספר,764,מודיעין עילית,קרית ספר,מרומי שדה 25,90,2018,1260000,63797-1324-7,דירה בבית,3,14000
מודיעין עילית,קרית ספר,765,מודיעין עילית,קרית ספר,חזון דוד 25,95,2018,1529000,63797-3017-21,דירה בבית,4,16095
מודיעין עילית,קרית ספר,766,מודיעין עילית,קרית ספר,מסילת יוסף 11,73,2018,865000,63797-783-5,דירה בבית,3,11849
מודיעין עילית,קרית ספר,767,מודיעין עילית,קרית ספר,מסילת יוסף 21,92,2018,1300000,63797-951-9,דירה בבית,3,14130
מודיעין עילית,קרית ספר,768,מודיעין עילית,קרית ספר,אור החיים 21,83,2018,1200000,63797-206-9,דירה בבית,3,14458
מודיעין עילית,קרית ספר,769,מודיעין עילית,קרית ספר,שאגת אריה 3,90,2018,1300000,63797-1805-15,דירה בבית,3,14444
מודיעין עילית,קרית ספר,770,מודיעין עילית,קרית ספר,נתיבות המשפט 43,90,2018,1510000,63797-802-7,דירה בבית,4,16778
מודיעין עילית,קרית ספר,771,מודיעין עילית,קרית ספר,שדי חמד 20,120,2018,1800000,63797-319-1,דירה בבית,4,15000
מודיעין עילית,קרית ספר,772,מודיעין עילית,קרית ספר,משך חכמה 56,107,2018,1210000,63797-505-29,דירה בבית,3,11308
מודיעין עילית,קרית ספר,773,מודיעין עילית,קרית ספר,קצות החושן 15,91,2018,1800000,63797-1515-11,דירה בבית,4,19780
מודיעין עילית,קרית ספר,774,מודיעין עילית,קרית ספר,חזון דוד 9,82,2018,1500000,63797-3011-13,דירה בבית,3,18293
מודיעין עילית,קרית ספר,775,מודיעין עילית,קרית ספר,אור החיים 5,76,2018,1215000,63797-222-7,דירה בבית,3,15987
מודיעין עילית,קרית ספר,776,מודיעין עילית,קרית ספר,אור החיים 6,150,2018,1700000,63797-221-1,דירה בבית,5,11333
מודיעין עילית,קרית ספר,777,מודיעין עילית,קרית ספר,נתיבות המשפט 69,80,2018,1200000,63797-2818-5,דירה בבית,3,15000
מודיעין עילית,קרית ספר,778,מודיעין עילית,קרית ספר,חזון דוד 21,110,2018,1930000,63797-3015-15,דירה בבית,5,17545
מודיעין עילית,קרית ספר,779,מודיעין עילית,קרית ספר,קצות החושן 5,110,2018,1354000,63797-1507-13,דירה בבית,3.5,12309
מודיעין עילית,קרית ספר,780,מודיעין עילית,קרית ספר,קצות החושן 21,75,2018,1195000,63797-1521-19,דירה בבית,3,15933
מודיעין עילית,קרית ספר,781,מודיעין עילית,קרית ספר,מסילת יוסף 52,105,2018,1250000,63797-792-3,דירה בבית,3,11905
מודיעין עילית,קרית ספר,782,מודיעין עילית,קרית ספר,שאגת אריה 3,100,2018,1500000,63797-1805-17,דירה בבית,5,15000
מודיעין עילית,קרית ספר,783,מודיעין עילית,קרית ספר,חפץ חיים 22,85,2018,1270000,63797-603-7,דירה בבית,3,14941
מודיעין עילית,קרית ספר,784,מודיעין עילית,קרית ספר,חפץ חיים 9,110,2018,1850000,63797-612-7,דירה בבית,4,16818
מודיעין עילית,קרית ספר,785,מודיעין עילית,קרית ספר,נתיבות המשפט 81,100,2018,1265000,63797-2826-17,דירה בבית,3,12650
מודיעין עילית,קרית ספר,786,מודיעין עילית,קרית ספר,אור החיים 23,85,2018,1190000,63613-204-1,דירה בבית,3,14000
מודיעין עילית,קרית ספר,787,מודיעין עילית,קרית ספר,שערי תשובה 14,114,2018,830000,63797-3004-13,דירה בבית,4,7281
מודיעין עילית,קרית ספר,788,מודיעין עילית,קרית ספר,קצות החושן 19,76,2018,794000,63797-1519-9,דירה בבית,3,10447
מודיעין עילית,קרית ספר,789,מודיעין עילית,קרית ספר,אבני נזר 28,82,2018,1370000,63797-409-11,דירה בבית,3,16707
מודיעין עילית,קרית ספר,790,מודיעין עילית,קרית ספר,חזון דוד 1,79,2018,1330000,63797-3007-11,דירה בבית,3,16835
מודיעין עילית,קרית ספר,791,מודיעין עילית,קרית ספר,נתיבות המשפט 107,85,2018,1340000,63797-2848-7,דירה בבית,3,15765
מודיעין עילית,קרית ספר,792,מודיעין עילית,קרית ספר,קצות החושן 11,100,2018,1100000,63797-1511-13,דירה בבית,3,11000
מודיעין עילית,קרית ספר,793,מודיעין עילית,קרית ספר,מסילת יוסף 50,121,2018,1570000,63797-790-5,דירה בבית,4,12975
מודיעין עילית,קרית ספר,794,מודיעין עילית,קרית ספר,קצות החושן 18,110,2018,700000,63797-1512-5,דירה בבית,4,6364
מודיעין עילית,קרית ספר,795,מודיעין עילית,קרית ספר,מרומי שדה 9,109,2018,1345000,63797-1312-3,דירה בבית,4,12339
מודיעין עילית,קרית ספר,796,מודיעין עילית,קרית ספר,נתיבות המשפט 107,82,2018,1060000,63797-2848-9,דירה בבית,3,12927
מודיעין עילית,קרית ספר,797,מודיעין עילית,קרית ספר,שאגת אריה 19,180,2018,2200000,63797-1821-7,דירה בבית,6,12222
מודיעין עילית,קרית ספר,798,מודיעין עילית,קרית ספר,אור החיים 5,84,2018,1245000,63797-222-9,דירה בבית,3,14821
מודיעין עילית,קרית ספר,799,מודיעין עילית,קרית ספר,נתיבות המשפט 17,85,2018,1500000,63797-810-23,דירה בבית,3,17647
מודיעין עילית,קרית ספר,800,מודיעין עילית,קרית ספר,אור החיים 18,200,2018,1800000,63797-205-9,דירה בבית,6,9000
מודיעין עילית,קרית ספר,801,מודיעין עילית,קרית ספר,נתיבות המשפט 29,87,2018,1280000,63797-806-9,דירה בבית,3,14713
מודיעין עילית,קרית ספר,802,מודיעין עילית,קרית ספר,מסילת יוסף 4,84,2018,1235000,63797-708-5,דירה בבית,3,14702
מודיעין עילית,קרית ספר,803,מודיעין עילית,קרית ספר,נתיבות המשפט 69,90,2018,1350000,63797-2818-7,דירה בבית,3,15000
מודיעין עילית,קרית ספר,804,מודיעין עילית,קרית ספר,מסילת יוסף 24,102,2018,1850000,63797-702-11,דירה בבית,4,18137
מודיעין עילית,קרית ספר,805,מודיעין עילית,קרית ספר,נתיבות המשפט 95,85,2018,625000,63797-2840-15,דירה בבית,3,7353
מודיעין עילית,קרית ספר,806,מודיעין עילית,קרית ספר,שאגת אריה 9,112,2018,1650000,63797-1811-11,דירה בבית,4,14732
מודיעין עילית,קרית ספר,807,מודיעין עילית,קרית ספר,נתיבות המשפט 87,82,2018,984000,63797-2832-11,דירה בבית,6,12000
מודיעין עילית,קרית ספר,808,מודיעין עילית,קרית ספר,נתיבות המשפט 79,100,2018,1200000,63797-2824-15,דירה בבית,3,12000
מודיעין עילית,קרית ספר,809,מודיעין עילית,קרית ספר,נתיבות המשפט 101,70,2018,900000,63797-2854-13,דירה בבית,2,12857
מודיעין עילית,קרית ספר,810,מודיעין עילית,קרית ספר,נתיבות המשפט 105,103,2018,1485000,63797-2846-15,דירה בבית,4,14417
מודיעין עילית,קרית ספר,812,מודיעין עילית,קרית ספר,משך חכמה 64,85,2018,1250000,63797-505-31,דירה בבית,3,14706
מודיעין עילית,קרית ספר,813,מודיעין עילית,קרית ספר,נתיבות המשפט 101,80,2018,1285000,63648-2042-5,דירה בבית,3,16063
מודיעין עילית,קרית ספר,814,מודיעין עילית,קרית ספר,חזון דוד 23,75,2018,1290000,63797-3016-9,דירה בבית,3,17200
מודיעין עילית,קרית ספר,815,מודיעין עילית,קרית ספר,מסילת יוסף 7,101,2018,1548000,63797-701-11,דירה בבית,4,15327
מודיעין עילית,קרית ספר,816,מודיעין עילית,קרית ספר,אור החיים 19,107,2018,1400000,63797-208-3,דירה בבית,4,13084
מודיעין עילית,קרית ספר,817,מודיעין עילית,קרית ספר,שאגת אריה 7,88,2018,1269000,63797-1809-23,דירה בבית,3,14420
מודיעין עילית,קרית ספר,818,מודיעין עילית,קרית ספר,אור החיים 4,90,2018,1600000,63797-223-13,דירה בבית,4,17778
מודיעין עילית,קרית ספר,819,מודיעין עילית,קרית ספר,מרומי שדה 1,86,2018,1125000,63797-941-3,דירה בבית,3,13081
מודיעין עילית,קרית ספר,820,מודיעין עילית,קרית ספר,קצות החושן 23,126,2018,1610000,63797-1523-11,דירה בבית,4,12778
מודיעין עילית,קרית ספר,821,מודיעין עילית,קרית ספר,שדי חמד 8,75,2018,1300000,63797-333-5,דירה בבית,3,17333
מודיעין עילית,קרית ספר,822,מודיעין עילית,קרית ספר,נתיבות המשפט 61,80,2018,1176000,63797-2810-19,דירה בבית,3,14700
מודיעין עילית,קרית ספר,823,מודיעין עילית,קרית ספר,מסילת יוסף 11,96,2018,1375000,63797-783-7,דירה בבית,4,14323
מודיעין עילית,קרית ספר,824,מודיעין עילית,קרית ספר,נתיבות המשפט 59,84,2017,1280000,63797-2808-19,דירה בבית,3,15238
מודיעין עילית,קרית ספר,825,מודיעין עילית,קרית ספר,חפץ חיים 15,77,2017,1215000,63797-606-1,דירה בבית,3,15779
מודיעין עילית,קרית ספר,826,מודיעין עילית,קרית ספר,נתיבות המשפט 99,86,2017,1270000,63797-2852-9,דירה בבית,3,14767
מודיעין עילית,קרית ספר,827,מודיעין עילית,קרית ספר,נתיבות המשפט 29,86,2017,1160000,63797-806-11,דירה בבית,3,13488
מודיעין עילית,קרית ספר,828,מודיעין עילית,קרית ספר,אור החיים 3,85,2017,1200000,63797-224-5,דירה בבית,3,14118
מודיעין עילית,קרית ספר,829,מודיעין עילית,קרית ספר,נתיבות המשפט 88,65,2017,550000,63797-2837-3,דירה בבית,3,8462
מודיעין עילית,קרית ספר,830,מודיעין עילית,קרית ספר,נתיבות המשפט 79,81,2017,1215000,63797-2824-17,דירה בבית,3,15000
מודיעין עילית,קרית ספר,831,מודיעין עילית,קרית ספר,קצות החושן 3,110,2017,1441000,63797-1505-1,דירה בבית,3.5,13100
מודיעין עילית,קרית ספר,832,מודיעין עילית,קרית ספר,חזון דוד 9,70,2017,1310000,63797-3011-15,דירה בבית,3,18714
מודיעין עילית,קרית ספר,833,מודיעין עילית,קרית ספר,נתיבות המשפט 88,144,2017,2150000,63797-2837-5,דירה בבית,5,14931
מודיעין עילית,קרית ספר,834,מודיעין עילית,קרית ספר,נתיבות המשפט 37,92,2017,1100000,63797-804-7,דירה בבית,3,11957
מודיעין עילית,קרית ספר,835,מודיעין עילית,קרית ספר,חזון דוד 13,96,2017,1530000,63797-3013-13,דירה בבית,4,15938
מודיעין עילית,קרית ספר,836,מודיעין עילית,קרית ספר,שערי תשובה 14,100,2017,1500000,63797-3004-15,דירה בבית,4,15000
מודיעין עילית,קרית ספר,837,מודיעין עילית,קרית ספר,נתיבות המשפט 32,90,2017,1180000,63797-803-9,דירה בבית,3,13111
מודיעין עילית,קרית ספר,838,מודיעין עילית,קרית ספר,שערי תשובה 12,119,2017,1760000,63797-3003-9,דירה בבית,5,14790
מודיעין עילית,קרית ספר,839,מודיעין עילית,קרית ספר,מסילת יוסף 46,87,2017,1235000,63797-788-1,דירה בבית,3,14195
מודיעין עילית,קרית ספר,840,מודיעין עילית,קרית ספר,נתיבות המשפט 37,85,2017,1150000,63797-804-9,דירה בבית,3,13529
מודיעין עילית,קרית ספר,841,מודיעין עילית,קרית ספר,מרומי שדה 36,87,2017,1300000,63797-1317-7,דירה בבית,3,14943
מודיעין עילית,קרית ספר,842,מודיעין עילית,קרית ספר,חזון דוד 3,110,2017,1550000,63797-3018-17,דירה בבית,5,14091
מודיעין עילית,קרית ספר,843,מודיעין עילית,קרית ספר,שערי תשובה 14,114,2017,1550000,63797-3004-17,דירה בבית,5,13596
מודיעין עילית,קרית ספר,844,מודיעין עילית,קרית ספר,נתיבות המשפט 22,65,2017,700000,63797-805-7,דירה בבית,3,10769
מודיעין עילית,קרית ספר,845,מודיעין עילית,קרית ספר,נתיבות המשפט 42,139,2017,1970000,63797-2801-7,דירת גן,5,14173
מודיעין עילית,קרית ספר,846,מודיעין עילית,קרית ספר,מסילת יוסף 28,120,2017,1600000,63797-700-7,דירה בבית,5,13333
מודיעין עילית,קרית ספר,847,מודיעין עילית,קרית ספר,חזון דוד 1,87,2017,1220000,63797-3007-13,דירה בבית,3,14023
מודיעין עילית,קרית ספר,848,מודיעין עילית,קרית ספר,שערי תשובה 14,80,2017,1100000,63797-2044-1,דירה בבית,3,13750
מודיעין עילית,קרית ספר,849,מודיעין עילית,קרית ספר,נתיבות המשפט 54,150,2017,1870000,63797-2813-1,דירה בבית,5,12467
מודיעין עילית,קרית ספר,850,מודיעין עילית,קרית ספר,נתיבות המשפט 85,83,2017,1155000,63797-2830-15,דירה בבית,3,13916
מודיעין עילית,קרית ספר,851,מודיעין עילית,קרית ספר,נתיבות המשפט 89,91,2017,1210000,63797-2834-7,דירה בבית,3,13297
מודיעין עילית,קרית ספר,852,מודיעין עילית,קרית ספר,חזון דוד 9,70,2017,1225000,63797-3011-17,דירה בבית,3,17500
מודיעין עילית,קרית ספר,853,מודיעין עילית,קרית ספר,שאגת אריה 17,125,2017,1700000,63797-1819-3,דירה בבית,5,13600
מודיעין עילית,קרית ספר,854,מודיעין עילית,קרית ספר,שדי חמד 34,101,2017,1890000,63797-305-11,דירה בבית,4,18713
מודיעין עילית,קרית ספר,855,מודיעין עילית,קרית ספר,קצות החושן 6,104,2017,2200000,63797-1506-7,דירה בבית,5,21154
מודיעין עילית,קרית ספר,856,מודיעין עילית,קרית ספר,נתיבות המשפט 81,70,2017,1210000,63797-2826-19,דירה בבית,3,17286
מודיעין עילית,קרית ספר,857,מודיעין עילית,קרית ספר,נתיבות המשפט 3,75,2017,1200000,63797-816-5,דירה בבית,3.5,16000
מודיעין עילית,קרית ספר,858,מודיעין עילית,קרית ספר,נתיבות המשפט 55,80,2017,1250000,63797-2804-9,דירה בבית,3,15625
מודיעין עילית,קרית ספר,859,מודיעין עילית,קרית ספר,נתיבות המשפט 59,80,2017,1220000,63797-2808-21,דירה בבית,3,15250
מודיעין עילית,קרית ספר,860,מודיעין עילית,קרית ספר,משך חכמה 16,55,2017,910000,63797-511-21,דירה בבית,2,16545
מודיעין עילית,קרית ספר,861,מודיעין עילית,קרית ספר,אבני נזר 10,88,2017,1200000,63797-427-15,דירה בבית,3,13636
מודיעין עילית,קרית ספר,862,מודיעין עילית,קרית ספר,אור החיים 3,80,2017,1200000,63797-224-7,דירה בבית,3,15000
מודיעין עילית,קרית ספר,863,מודיעין עילית,קרית ספר,נתיבות המשפט 93,84,2017,1240000,63797-2838-15,דירה בבית,3,14762
מודיעין עילית,קרית ספר,864,מודיעין עילית,קרית ספר,נתיבות המשפט 17,70,2017,1020000,63797-810-25,דירה בבית,2,14571
מודיעין עילית,קרית ספר,865,מודיעין עילית,קרית ספר,שאגת אריה 3,100,2017,1440000,63797-1805-19,דירה בבית,4,14400
מודיעין עילית,קרית ספר,866,מודיעין עילית,קרית ספר,מרומי שדה 15,86,2017,1580000,63797-1316-9,דירה בבית,4,18372
מודיעין עילית,קרית ספר,867,מודיעין עילית,קרית ספר,אבני נזר 10,77,2017,1160000,63797-427-17,דירה בבית,3,15065
מודיעין עילית,קרית ספר,868,מודיעין עילית,קרית ספר,שדי חמד 34,77,2017,1190000,63797-305-13,דירה בבית,3,15455
מודיעין עילית,קרית ספר,869,מודיעין עילית,קרית ספר,שאגת אריה 15,302,2017,2500000,63797-1817-5,דירה בבית,5,8278
מודיעין עילית,קרית ספר,870,מודיעין עילית,קרית ספר,קצות החושן 1,87,2017,1200000,63797-1503-9,דירה בבית,3,13793
מודיעין עילית,קרית ספר,871,מודיעין עילית,קרית ספר,מסילת יוסף 19,106,2017,1360000,63797-791-1,דירה בבית,4,12830
מודיעין עילית,קרית ספר,872,מודיעין עילית,קרית ספר,מרומי שדה 15,130,2017,1450000,63797-1316-11,דירה בבית,5,11154
מודיעין עילית,קרית ספר,873,מודיעין עילית,קרית ספר,שדי חמד 14,77,2017,1150000,63797-327-5,דירה בבית,3,14935
מודיעין עילית,קרית ספר,874,מודיעין עילית,קרית ספר,נתיבות המשפט 79,80,2017,1175000,63797-2824-19,דירה בבית,3,14688
מודיעין עילית,קרית ספר,875,מודיעין עילית,קרית ספר,שאגת אריה 13,93,2017,1230000,63797-1815-19,דירה בבית,3,13226
מודיעין עילית,קרית ספר,876,מודיעין עילית,קרית ספר,שאגת אריה 11,142,2017,1800000,63797-1813-17,דירה בבית,5,12676
מודיעין עילית,קרית ספר,877,מודיעין עילית,קרית ספר,משך חכמה 52,53,2017,900000,63797-505-33,דירה בבית,2,16981
מודיעין עילית,קרית ספר,878,מודיעין עילית,קרית ספר,נתיבות המשפט 28,83,2017,1170000,63797-803-11,דירה בבית,3,14096
מודיעין עילית,קרית ספר,879,מודיעין עילית,קרית ספר,חזון דוד 5,79,2017,1250000,63797-3009-5,דירה בבית,3,15823
מודיעין עילית,קרית ספר,880,מודיעין עילית,קרית ספר,אור החיים 7,76,2017,1240000,63797-220-7,דירה בבית,3,16316
מודיעין עילית,קרית ספר,881,מודיעין עילית,קרית ספר,שאגת אריה 3,74,2017,1235000,63797-1805-21,דירה בבית,3,16689
מודיעין עילית,קרית ספר,882,מודיעין עילית,קרית ספר,מסילת יוסף 9,77,2017,1200000,63797-781-9,דירה בבית,3,15584
מודיעין עילית,קרית ספר,883,מודיעין עילית,קרית ספר,מרומי שדה 19,83,2017,1190000,63797-1320-3,דירה בבית,3,14337
מודיעין עילית,קרית ספר,884,מודיעין עילית,קרית ספר,מסילת יוסף 15,168,2017,1628000,63797-787-11,דירה בבית,5,9690
מודיעין עילית,קרית ספר,885,מודיעין עילית,קרית ספר,שערי תשובה 14,114,2017,1470000,63797-3004-21,דירה בבית,5,12895
מודיעין עילית,קרית ספר,886,מודיעין עילית,קרית ספר,קצות החושן 15,102,2017,1530000,63797-1515-13,דירה בבית,5,15000
מודיעין עילית,קרית ספר,887,מודיעין עילית,קרית ספר,שדי חמד 28,84,2017,1270000,63797-311-3,דירה בבית,3,15119
מודיעין עילית,קרית ספר,888,מודיעין עילית,קרית ספר,שדי חמד 1,124,2017,2465000,30317-14-1,דירה בבית,4,19879
מודיעין עילית,קרית ספר,889,מודיעין עילית,קרית ספר,שערי תשובה 14,114,2017,1900000,63797-3004-23,דירה בבית,5,16667
מודיעין עילית,קרית ספר,890,מודיעין עילית,קרית ספר,מסילת יוסף 1,73,2017,1100000,63648-2042-7,דירה בבית,3,15068
מודיעין עילית,קרית ספר,891,מודיעין עילית,קרית ספר,שדי חמד 28,87,2017,1275000,63797-311-5,דירה בבית,3,14655
מודיעין עילית,קרית ספר,892,מודיעין עילית,קרית ספר,קצות החושן 21,78,2017,1500000,63797-1521-21,דירה בבית,4,19231
מודיעין עילית,קרית ספר,893,מודיעין עילית,קרית ספר,קצות החושן 3,125,2017,1600000,63797-1505-3,דירה בבית,5,12800
מודיעין עילית,קרית ספר,894,מודיעין עילית,קרית ספר,נתיבות המשפט 55,81,2017,1250000,63797-2804-11,דירה בבית,3,15432
מודיעין עילית,קרית ספר,896,מודיעין עילית,קרית ספר,נתיבות המשפט 93,82,2017,1250000,63797-14-5,דירה בבית,3,15244
מודיעין עילית,קרית ספר,897,מודיעין עילית,קרית ספר,שאגת אריה 7,92,2017,2500000,63797-1809-25,דירה בבית,6,27174
מודיעין עילית,קרית ספר,898,מודיעין עילית,קרית ספר,אבני נזר 21,104,2017,1550000,63797-420-3,דירה בבית,4,14904
מודיעין עילית,קרית ספר,899,מודיעין עילית,קרית ספר,חפץ חיים 21,95,2017,1250000,63797-602-11,דירה בבית,3,13158
מודיעין עילית,קרית ספר,900,מודיעין עילית,קרית ספר,חזון דוד 7,103,2017,1405000,63797-3010-7,דירה בבית,4,13641
מודיעין עילית,קרית ספר,901,מודיעין עילית,קרית ספר,מרומי שדה 12,112,2017,1300000,63797-1305-13,דירה בבית,4,11607
מודיעין עילית,קרית ספר,902,מודיעין עילית,קרית ספר,אור החיים 21,80,2017,1187000,63797-206-11,דירה בבית,3,14838
מודיעין עילית,קרית ספר,903,מודיעין עילית,קרית ספר,נתיבות המשפט 16,76,2017,1099000,63648-2042-9,דירה בבית,3,14461
מודיעין עילית,קרית ספר,904,מודיעין עילית,קרית ספר,חזון דוד 11,70,2017,1215000,63797-3012-21,דירה בבית,3,17357
מודיעין עילית,קרית ספר,905,מודיעין עילית,קרית ספר,קצות החושן 1,86,2017,1120000,63797-1503-11,דירה בבית,3,13023
מודיעין עילית,קרית ספר,906,מודיעין עילית,קרית ספר,אור החיים 5,80,2017,1250000,63797-222-11,דירה בבית,3,15625
מודיעין עילית,קרית ספר,907,מודיעין עילית,קרית ספר,משך חכמה 16,104,2017,1626000,63797-511-25,דירה בבית,4,15635
מודיעין עילית,קרית ספר,908,מודיעין עילית,קרית ספר,קצות החושן 23,116,2017,1470000,63797-1523-13,דירה בבית,5,12672
מודיעין עילית,קרית ספר,909,מודיעין עילית,קרית ספר,שאגת אריה 3,110,2017,1600000,63797-1805-23,דירה בבית,5,14545
מודיעין עילית,קרית ספר,910,מודיעין עילית,קרית ספר,אבני נזר 26,70,2017,392000,63797-413-7,דירה בבית,3,5600
מודיעין עילית,קרית ספר,912,מודיעין עילית,קרית ספר,קצות החושן 21,76,2017,1300000,63797-1521-23,דירה בבית,3,17105
מודיעין עילית,קרית ספר,913,מודיעין עילית,קרית ספר,חפץ חיים 21,70,2017,842000,63797-602-15,דירה בבית,2,12029
מודיעין עילית,קרית ספר,914,מודיעין עילית,קרית ספר,נתיבות המשפט 101,75,2017,1200000,63797-2854-15,דירה בבית,3,16000
מודיעין עילית,קרית ספר,915,מודיעין עילית,קרית ספר,שערי תשובה 14,110,2017,1480000,63797-3004-25,דירה בבית,5,13455
מודיעין עילית,קרית ספר,916,מודיעין עילית,קרית ספר,קצות החושן 17,75,2017,1205000,63797-1517-9,דירה בבית,3,16067
מודיעין עילית,קרית ספר,917,מודיעין עילית,קרית ספר,שערי תשובה 14,114,2017,1480000,63613-3004-1,דירה בבית,5,12982
מודיעין עילית,קרית ספר,918,מודיעין עילית,קרית ספר,שאגת אריה 15,124,2017,1610000,63797-1817-9,דירה בבית,4,12984
מודיעין עילית,קרית ספר,919,מודיעין עילית,קרית ספר,מרומי שדה 38,92,2017,1520000,63797-1319-5,דירה בבית,3,16522
מודיעין עילית,קרית ספר,920,מודיעין עילית,קרית ספר,אבני נזר 9,105,2017,1900000,63797-430-3,דירה בבית,5,18095
מודיעין עילית,קרית ספר,921,מודיעין עילית,קרית ספר,חזון דוד 21,140,2017,1600000,63797-3015-17,דירה בבית,5,11429
מודיעין עילית,קרית ספר,922,מודיעין עילית,קרית ספר,שאגת אריה 11,147,2017,2000000,63797-1813-19,דירה בבית,5,13605
מודיעין עילית,קרית ספר,923,מודיעין עילית,קרית ספר,נתיבות המשפט 103,130,2017,1600000,63797-2844-13,דירה בבית,5,12308
מודיעין עילית,קרית ספר,924,מודיעין עילית,קרית ספר,שאגת אריה 19,133,2017,1600000,63797-1821-9,דירה בבית,5,12030
מודיעין עילית,קרית ספר,925,מודיעין עילית,קרית ספר,משך חכמה 16,86,2017,1650000,63797-511-27,דירה בבית,4,19186
מודיעין עילית,קרית ספר,926,מודיעין עילית,קרית ספר,חזון דוד 1,79,2017,1285000,63797-3007-15,דירה בבית,3,16266
מודיעין עילית,קרית ספר,927,מודיעין עילית,קרית ספר,אור החיים 16,121,2017,1600000,63797-207-5,דירה בבית,5,13223
מודיעין עילית,קרית ספר,928,מודיעין עילית,קרית ספר,שאגת אריה 19,197,2017,1800000,63797-1821-11,דירה בבית,5,9137
מודיעין עילית,קרית ספר,929,מודיעין עילית,קרית ספר,משך חכמה 3,100,2017,900000,63797-514-5,דירה בבית,5,9000
מודיעין עילית,קרית ספר,930,מודיעין עילית,קרית ספר,נתיבות המשפט 107,75,2017,1450000,63797-2848-11,דירה בבית,3,19333
מודיעין עילית,קרית ספר,931,מודיעין עילית,קרית ספר,קצות החושן 11,96,2017,1600000,63797-1511-15,דירה בבית,5,16667
מודיעין עילית,קרית ספר,932,מודיעין עילית,קרית ספר,נתיבות המשפט 53,80,2017,1200000,63797-2802-9,דירה בבית,3,15000
מודיעין עילית,קרית ספר,933,מודיעין עילית,קרית ספר,נתיבות המשפט 83,81,2017,1250000,63797-2828-5,דירה בבית,3,15432
מודיעין עילית,קרית ספר,934,מודיעין עילית,קרית ספר,אור החיים 25,90,2017,1250000,63797-202-3,דירה בבית,3,13889
מודיעין עילית,קרית ספר,935,מודיעין עילית,קרית ספר,מרומי שדה 25,84,2017,1250000,63797-1324-9,דירה בבית,3,14881
מודיעין עילית,קרית ספר,936,מודיעין עילית,קרית ספר,מרומי שדה 38,130,2017,2450000,63797-1319-7,דירת גן,5,18846
מודיעין עילית,קרית ספר,937,מודיעין עילית,קרית ספר,מסילת יוסף 40,115,2017,1525000,63797-786-3,דירה בבית,4,13261
מודיעין עילית,קרית ספר,938,מודיעין עילית,קרית ספר,נתיבות המשפט 99,86,2017,1315000,63797-2852-11,דירה בבית,3,15291
מודיעין עילית,קרית ספר,939,מודיעין עילית,קרית ספר,אור החיים 7,75,2017,1220000,63797-220-9,דירה בבית,3,16267
מודיעין עילית,קרית ספר,940,מודיעין עילית,קרית ספר,שאגת אריה 11,78,2016,1180000,63797-1813-21,דירה בבית,3,15128
מודיעין עילית,קרית ספר,941,מודיעין עילית,קרית ספר,חזון דוד 23,74,2016,1510000,63797-3016-11,דירה בבית,3,20405
מודיעין עילית,קרית ספר,942,מודיעין עילית,קרית ספר,נתיבות המשפט 97,87,2016,1500000,63797-2842-11,דירה בבית,4,17241
מודיעין עילית,קרית ספר,943,מודיעין עילית,קרית ספר,אבני נזר 2,88,2016,1450000,63797-439-11,דירה בבית,4,16477
מודיעין עילית,קרית ספר,944,מודיעין עילית,קרית ספר,נתיבות המשפט 38,84,2016,1250000,63797-801-9,דירה בבית,3,14881
מודיעין עילית,קרית ספר,945,מודיעין עילית,קרית ספר,אור החיים 20,88,2016,1250000,63797-203-3,דירה בבית,3,14205
מודיעין עילית,קרית ספר,946,מודיעין עילית,קרית ספר,חזון דוד 25,71,2016,1021000,63797-3017-25,דירה בבית,3,14380
מודיעין עילית,קרית ספר,947,מודיעין עילית,קרית ספר,נתיבות המשפט 10,100,2016,1360000,63797-809-9,דירה בבית,4,13600
מודיעין עילית,קרית ספר,948,מודיעין עילית,קרית ספר,מרומי שדה 15,86,2016,1300000,63797-1316-13,דירה בבית,3,15116
מודיעין עילית,קרית ספר,949,מודיעין עילית,קרית ספר,נתיבות המשפט 16,83,2016,1245000,63797-807-5,דירה בבית,3,15000
מודיעין עילית,קרית ספר,950,מודיעין עילית,קרית ספר,חזון דוד 7,102,2016,1350000,63797-3010-9,דירה בבית,4,13235
מודיעין עילית,קרית ספר,951,מודיעין עילית,קרית ספר,משך חכמה 42,75,2016,1000000,63797-507-13,דירה בבית,3,13333
מודיעין עילית,קרית ספר,952,מודיעין עילית,קרית ספר,נתיבות המשפט 56,149,2016,1730000,63797-2815-3,דירה בבית,6,11611
מודיעין עילית,קרית ספר,953,מודיעין עילית,קרית ספר,חזון דוד 23,80,2016,1400000,63797-3016-13,דירה בבית,3,17500
מודיעין עילית,קרית ספר,954,מודיעין עילית,קרית ספר,נתיבות המשפט 54,149,2016,1700000,63797-2813-3,דירה בבית,6,11409
מודיעין עילית,קרית ספר,955,מודיעין עילית,קרית ספר,נתיבות המשפט 97,92,2016,1350000,63797-2842-13,דירה בבית,3,14674
מודיעין עילית,קרית ספר,956,מודיעין עילית,קרית ספר,נתיבות המשפט 79,80,2016,1240000,63797-2824-21,דירה בבית,3,15500
מודיעין עילית,קרית ספר,957,מודיעין עילית,קרית ספר,נתיבות המשפט 81,77,2016,975000,63797-2826-21,דירה בבית,3,12662
מודיעין עילית,קרית ספר,958,מודיעין עילית,קרית ספר,נתיבות המשפט 3,105,2016,1325000,63797-816-7,דירה בבית,4,12619
מודיעין עילית,קרית ספר,959,מודיעין עילית,קרית ספר,נתיבות המשפט 23,85,2016,1214000,63797-808-3,דירה בבית,3,14282
מודיעין עילית,קרית ספר,960,מודיעין עילית,קרית ספר,חתם סופר 6,84,2016,1490000,63797-712-3,דירה בבית,3,17738
מודיעין עילית,קרית ספר,961,מודיעין עילית,קרית ספר,חזון דוד 1,87,2016,1200000,63797-3007-17,דירה בבית,3,13793
מודיעין עילית,קרית ספר,962,מודיעין עילית,קרית ספר,נתיבות המשפט 63,90,2016,1150000,63797-2812-9,דירה בבית,3,12778
מודיעין עילית,קרית ספר,963,מודיעין עילית,קרית ספר,שאגת אריה 1,71,2016,1099000,63797-1803-9,דירה בבית,3,15479
מודיעין עילית,קרית ספר,964,מודיעין עילית,קרית ספר,נתיבות המשפט 70,158,2016,1600000,63797-2825-5,דירה בבית,6,10127
מודיעין עילית,קרית ספר,965,מודיעין עילית,קרית ספר,נתיבות המשפט 49,100,2016,1220000,63797-800-3,דירה בבית,4,12200
מודיעין עילית,קרית ספר,966,מודיעין עילית,קרית ספר,משך חכמה 16,81,2016,1100000,63797-511-29,דירה בבית,3,13580
מודיעין עילית,קרית ספר,967,מודיעין עילית,קרית ספר,נתיבות המשפט 63,85,2016,1173000,63797-2812-11,דירה בבית,3,13800
מודיעין עילית,קרית ספר,968,מודיעין עילית,קרית ספר,אבני נזר 32,78,2016,1250000,63797-403-9,דירה בבית,3,16026
מודיעין עילית,קרית ספר,969,מודיעין עילית,קרית ספר,קצות החושן 21,70,2016,1110000,63797-1521-25,דירה בבית,3,15857
מודיעין עילית,קרית ספר,970,מודיעין עילית,קרית ספר,אור החיים 3,75,2016,1140000,63797-224-9,דירה בבית,3,15200
מודיעין עילית,קרית ספר,971,מודיעין עילית,קרית ספר,מסילת יוסף 30,84,2016,1195000,63797-700-9,דירה בבית,3,14226
מודיעין עילית,קרית ספר,972,מודיעין עילית,קרית ספר,אור החיים 19,100,2016,1330000,63797-208-5,דירה בבית,3,13300
מודיעין עילית,קרית ספר,973,מודיעין עילית,קרית ספר,קצות החושן 17,74,2016,1400000,63797-1517-11,דירה בבית,3,18919
מודיעין עילית,קרית ספר,974,מודיעין עילית,קרית ספר,חזון דוד 5,77,2016,1300000,63797-3009-7,דירה בבית,3,16883
מודיעין עילית,קרית ספר,975,מודיעין עילית,קרית ספר,נתיבות המשפט 97,99,2016,1200000,63797-2842-15,דירה בבית,3,12121
מודיעין עילית,קרית ספר,976,מודיעין עילית,קרית ספר,נתיבות המשפט 71,80,2016,1175000,63797-2820-21,דירה בבית,3,14688
מודיעין עילית,קרית ספר,977,מודיעין עילית,קרית ספר,חזון דוד 27,98,2016,1415000,63797-3018-21,דירה בבית,4,14439
מודיעין עילית,קרית ספר,978,מודיעין עילית,קרית ספר,חפץ חיים 21,70,2016,1250000,63797-602-17,דירה בבית,3,17857
מודיעין עילית,קרית ספר,979,מודיעין עילית,קרית ספר,נתיבות המשפט 79,64,2016,1140000,63797-2824-23,דירה בבית,3,17813
מודיעין עילית,קרית ספר,980,מודיעין עילית,קרית ספר,מסילת יוסף 1,70,2016,1355000,63797-707-3,דירה בבית,3,19357
מודיעין עילית,קרית ספר,981,מודיעין עילית,קרית ספר,משך חכמה 4,100,2016,1625000,63797-511-31,דירה בבית,4,16250
מודיעין עילית,קרית ספר,982,מודיעין עילית,קרית ספר,נתיבות המשפט 58,139,2016,1900000,63797-2817-3,דירה בבית,5,13669
מודיעין עילית,קרית ספר,983,מודיעין עילית,קרית ספר,נתיבות המשפט 85,82,2016,1160000,63797-2830-17,דירה בבית,3,14146
מודיעין עילית,קרית ספר,984,מודיעין עילית,קרית ספר,מסילת יוסף 16,95,2016,1000000,63797-704-7,דירה בבית,3,10526
מודיעין עילית,קרית ספר,985,מודיעין עילית,קרית ספר,שאגת אריה 3,83,2016,1320000,63797-1805-25,דירה בבית,3,15904
מודיעין עילית,קרית ספר,986,מודיעין עילית,קרית ספר,שדי חמד 38,77,2016,1170000,63797-301-9,דירה בבית,3,15195
מודיעין עילית,קרית ספר,987,מודיעין עילית,קרית ספר,שדי חמד 22,80,2016,1050000,63797-317-5,דירה בבית,3,13125
מודיעין עילית,קרית ספר,988,מודיעין עילית,קרית ספר,מרומי שדה 9,81,2016,1050000,63797-1312-5,דירה בבית,2.5,12963
מודיעין עילית,קרית ספר,989,מודיעין עילית,קרית ספר,נתיבות המשפט 84,106,2016,1515000,63797-2835-5,דירה בבית,4,14292
מודיעין עילית,קרית ספר,990,מודיעין עילית,קרית ספר,אבני נזר 2,86,2016,1230000,63797-439-13,דירה בבית,3,14302
מודיעין עילית,קרית ספר,991,מודיעין עילית,קרית ספר,חזון דוד 15,70,2016,1102000,63797-3014-23,דירה בבית,3,15743
מודיעין עילית,קרית ספר,992,מודיעין עילית,קרית ספר,שדי חמד 3,135,2016,1800000,63797-324-1,דירה בבית,5,13333
מודיעין עילית,קרית ספר,993,מודיעין עילית,קרית ספר,נתיבות המשפט 57,80,2016,1295000,63797-2806-7,דירה בבית,3,16188
מודיעין עילית,קרית ספר,994,מודיעין עילית,קרית ספר,נתיבות המשפט 99,86,2016,1250000,63797-2852-13,דירה בבית,3,14535
מודיעין עילית,קרית ספר,995,מודיעין עילית,קרית ספר,נתיבות המשפט 55,75,2016,1285000,63797-2804-13,דירה בבית,3,17133
מודיעין עילית,קרית ספר,996,מודיעין עילית,קרית ספר,מסילת יוסף 15,92,2016,1700000,63797-787-13,דירה בבית,3,18478
מודיעין עילית,קרית ספר,997,מודיעין עילית,קרית ספר,חזון דוד 9,75,2016,1205000,63797-3011-19,דירה בבית,3,16067
מודיעין עילית,קרית ספר,998,מודיעין עילית,קרית ספר,קצות החושן 18,110,2016,1200000,63797-1512-7,דירה בבית,3,10909
מודיעין עילית,קרית ספר,999,מודיעין עילית,קרית ספר,אור החיים 14,77,2016,1140000,63797-209-5,דירה בבית,3,14805
מודיעין עילית,קרית ספר,1000,מודיעין עילית,קרית ספר,מרומי שדה 26,86,2016,1220000,63797-1313-13,דירה בבית,3,14186
