city,neighborhood,transaction_id,שם העיר,שם השכונה,address,area_sqm,transaction_date,transaction_price,block,property_type,rooms,price_per_sqm
פתח תקווה,הדר המושבות החדשה,1,פתח תקווה,הדר המושבות החדשה,שרגא רפאלי 11,111.06,2025,2800000,7209-41-3,דירה בבית,4,25212
פתח תקווה,הדר המושבות החדשה,2,פתח תקווה,הדר המושבות החדשה,0,141,2025,3810000,6360-193-58,דירה בבית,5,27021
פתח תקווה,הדר המושבות החדשה,3,פתח תקווה,הדר המושבות החדשה,יעל רום 16,128,2025,3260000,6360-318-7,דירה בבית,5,25469
פתח תקווה,הדר המושבות החדשה,4,פתח תקווה,הדר המושבות החדשה,איתן רפאל 2,105.95,2025,3260000,6360-172-30,דירה בבית,4.5,30769
פתח תקווה,הדר המושבות החדשה,5,פתח תקווה,הדר המושבות החדשה,מבצע יפתח 8,111.6,2025,2990000,6361-533-12,דירה בבית,4.5,26792
פתח תקווה,הדר המושבות החדשה,6,פתח תקווה,הדר המושבות החדשה,בן חור 10,109.38,2025,3950000,6357-51-4,דירה בבית,5,36113
פתח תקווה,הדר המושבות החדשה,7,פתח תקווה,הדר המושבות החדשה,יוני נתניהו 10,128,2025,3000000,6357-103-24,דירה בבית,5,23438
פתח תקווה,הדר המושבות החדשה,8,פתח תקווה,הדר המושבות החדשה,0,120,2025,4180000,6360-228-1,דירה בבית,5,34833
פתח תקווה,הדר המושבות החדשה,9,פתח תקווה,הדר המושבות החדשה,בן חור 10,125.4,2025,3600000,6357-51-35,דירה בבית,6,28708
פתח תקווה,הדר המושבות החדשה,10,פתח תקווה,הדר המושבות החדשה,יוני נתניהו 10,127,2025,4200000,6357-103-23,דירה בבית,5,33071
פתח תקווה,הדר המושבות החדשה,11,פתח תקווה,הדר המושבות החדשה,שרגא רפאלי 3,107.7,2025,2935000,6357-80-29,דירה בבית,4.5,27252
פתח תקווה,הדר המושבות החדשה,12,פתח תקווה,הדר המושבות החדשה,איתן רפאל 2,105.95,2025,3150000,6360-172-18,דירה בבית,4.5,29731
פתח תקווה,הדר המושבות החדשה,13,פתח תקווה,הדר המושבות החדשה,משה סנה 12,101.15,2025,2980000,6360-281-66,דירה בבית,4,29461
פתח תקווה,הדר המושבות החדשה,14,פתח תקווה,הדר המושבות החדשה,משה פלד 3,124.6,2025,3250000,6360-227-12,דירה בבית,5,26083
פתח תקווה,הדר המושבות החדשה,15,פתח תקווה,הדר המושבות החדשה,0,76,2025,2790000,6360-228-2,דירה בבית,3,36711
פתח תקווה,הדר המושבות החדשה,16,פתח תקווה,הדר המושבות החדשה,שרגא רפאלי 3,130.9,2025,4950000,6357-80-137,דירה בבית,6,37815
פתח תקווה,הדר המושבות החדשה,17,פתח תקווה,הדר המושבות החדשה,שרגא רפאלי 11,92.57,2025,2765000,7209-41-26,דירה בבית,3,29869
פתח תקווה,הדר המושבות החדשה,18,פתח תקווה,הדר המושבות החדשה,משה סנה 33,103.3,2025,2990000,6360-299-20,דירה בבית,4.5,28945
פתח תקווה,הדר המושבות החדשה,19,פתח תקווה,הדר המושבות החדשה,0,76,2025,3050000,6360-228-3,דירה בבית,3,40132
פתח תקווה,הדר המושבות החדשה,20,פתח תקווה,הדר המושבות החדשה,יעל רום 9,104.9,2025,2900000,6360-306-107,דירה בבית,4,27645
פתח תקווה,הדר המושבות החדשה,21,פתח תקווה,הדר המושבות החדשה,משה סנה 14,111.6,2025,3220000,6360-281-130,דירה בבית,5,28853
פתח תקווה,הדר המושבות החדשה,22,פתח תקווה,הדר המושבות החדשה,יעל רום 14,113.5,2025,3145000,6360-280-17,דירה בבית,5,27709
פתח תקווה,הדר המושבות החדשה,23,פתח תקווה,הדר המושבות החדשה,רבקה גובר 7,95.8,2025,2925000,7209-22-389,דירה בבית,4,30532
פתח תקווה,הדר המושבות החדשה,24,פתח תקווה,הדר המושבות החדשה,רבקה גובר 7,95.8,2025,3130000,7209-22-374,דירה בבית,4,32672
פתח תקווה,הדר המושבות החדשה,25,פתח תקווה,הדר המושבות החדשה,מבצע יפתח 2,111.6,2025,3060000,6361-529-113,דירה בבית,4.5,27419
פתח תקווה,הדר המושבות החדשה,26,פתח תקווה,הדר המושבות החדשה,בן חור 15,136,2025,3380000,6360-191-26,דירה בבית,5,24853
פתח תקווה,הדר המושבות החדשה,27,פתח תקווה,הדר המושבות החדשה,יעל רום 11,132.05,2025,3525000,6360-306-45,דירה בבית,5,26694
פתח תקווה,הדר המושבות החדשה,28,פתח תקווה,הדר המושבות החדשה,יעל רום 11,104.9,2025,2950000,6360-306-23,דירה בבית,4,28122
פתח תקווה,הדר המושבות החדשה,29,פתח תקווה,הדר המושבות החדשה,בן חור 2,92.6,2025,2600000,6357-87-26,דירה בבית,4,28078
פתח תקווה,הדר המושבות החדשה,30,פתח תקווה,הדר המושבות החדשה,מבצע יפתח 10,126,2025,3350000,6361-479-22,דירה בבית,5,26587
פתח תקווה,הדר המושבות החדשה,31,פתח תקווה,הדר המושבות החדשה,אריה בראון 6,134,2025,3890000,6360-238-4,דירה בבית,6,29030
פתח תקווה,הדר המושבות החדשה,32,פתח תקווה,הדר המושבות החדשה,יוני נתניהו 13,127.13,2025,3750000,6357-54-1,דירה בבית,5,29497
פתח תקווה,הדר המושבות החדשה,33,פתח תקווה,הדר המושבות החדשה,אריה בראון 22,96.7,2025,2940000,6360-243-19,דירה בבית,4,30403
פתח תקווה,הדר המושבות החדשה,34,פתח תקווה,הדר המושבות החדשה,יעל רום 17,98.4,2025,2950000,6360-179-17,דירה בבית,4,29980
פתח תקווה,הדר המושבות החדשה,35,פתח תקווה,הדר המושבות החדשה,משה סנה 12,133.75,2025,2700000,6360-281-7,דירה בבית,5,20187
פתח תקווה,הדר המושבות החדשה,36,פתח תקווה,הדר המושבות החדשה,רבקה גובר 7,95.8,2025,2850000,7209-22-354,דירה בבית,4,29749
פתח תקווה,הדר המושבות החדשה,37,פתח תקווה,הדר המושבות החדשה,בן חור 10,125.4,2025,3800000,6357-51-7,דירה בבית,6,30303
פתח תקווה,הדר המושבות החדשה,38,פתח תקווה,הדר המושבות החדשה,יעל רום 14,91.15,2025,2830000,6360-280-68,דירה בבית,4,31048
פתח תקווה,הדר המושבות החדשה,39,פתח תקווה,הדר המושבות החדשה,שרגא רפאלי 10,74.98,2025,2610000,7209-22-1,דירה בבית,3,34809
פתח תקווה,הדר המושבות החדשה,40,פתח תקווה,הדר המושבות החדשה,יעל רום 3,109.5,2025,3090000,6360-277-139,דירה בבית,4,28219
פתח תקווה,הדר המושבות החדשה,41,פתח תקווה,הדר המושבות החדשה,משה סנה 35,123.5,2025,3350000,6360-299-56,דירה בבית,5,27126
פתח תקווה,הדר המושבות החדשה,42,פתח תקווה,הדר המושבות החדשה,משה סנה 26,100.25,2025,2950000,6360-298-69,דירה בבית,4,29426
פתח תקווה,הדר המושבות החדשה,43,פתח תקווה,הדר המושבות החדשה,מבצע יפתח 10,98,2025,3300000,6361-479-21,דירה בבית,4,33673
פתח תקווה,הדר המושבות החדשה,44,פתח תקווה,הדר המושבות החדשה,0,135,2025,4690000,6360-228-4,דירה בבית,6,34741
פתח תקווה,הדר המושבות החדשה,45,פתח תקווה,הדר המושבות החדשה,מבצע חורב 9,93.41,2025,2765000,6361-532-54,דירה בבית,4,29601
פתח תקווה,הדר המושבות החדשה,46,פתח תקווה,הדר המושבות החדשה,אריה בראון 22,102.4,2025,2800000,6360-243-41,דירה בבית,4,27344
פתח תקווה,הדר המושבות החדשה,48,פתח תקווה,הדר המושבות החדשה,שרגא רפאלי 7,103.39,2025,3030000,6357-104-8,דירה בבית,4,29307
פתח תקווה,הדר המושבות החדשה,49,פתח תקווה,הדר המושבות החדשה,0,151,2025,4753000,6360-228-5,דירה בבית,6,31477
פתח תקווה,הדר המושבות החדשה,50,פתח תקווה,הדר המושבות החדשה,0,123,2025,4180000,6360-228-7,דירה בבית,5,33984
פתח תקווה,הדר המושבות החדשה,51,פתח תקווה,הדר המושבות החדשה,יעל רום 4,149.15,2025,4000000,6376-261-121,דירה בבית,6,26819
פתח תקווה,הדר המושבות החדשה,52,פתח תקווה,הדר המושבות החדשה,משה סנה 14,90.9,2025,2745000,6360-281-111,דירה בבית,4,30198
פתח תקווה,הדר המושבות החדשה,53,פתח תקווה,הדר המושבות החדשה,יעל רום 15,91.9,2025,2800000,6360-178-17,דירה בבית,4,30468
פתח תקווה,הדר המושבות החדשה,54,פתח תקווה,הדר המושבות החדשה,יעל רום 19,102.35,2025,2900000,6360-296-27,דירה בבית,4,28334
פתח תקווה,הדר המושבות החדשה,55,פתח תקווה,הדר המושבות החדשה,מבצע יפתח 8,121.8,2025,3250000,6361-533-41,דירה בבית,5,26683
פתח תקווה,הדר המושבות החדשה,56,פתח תקווה,הדר המושבות החדשה,יעל רום 5,120.1,2025,3660000,6360-305-16,דירה בבית,5,30475
פתח תקווה,הדר המושבות החדשה,57,פתח תקווה,הדר המושבות החדשה,0,123,2025,3460000,6360-228-8,דירה בבית,4,28130
פתח תקווה,הדר המושבות החדשה,58,פתח תקווה,הדר המושבות החדשה,מבצע יפתח 2,101.3,2025,2875000,6361-529-231,דירה בבית,4,28381
פתח תקווה,הדר המושבות החדשה,59,פתח תקווה,הדר המושבות החדשה,מבצע יפתח 2,111.6,2025,3000000,6361-529-94,דירה בבית,4.5,26882
פתח תקווה,הדר המושבות החדשה,60,פתח תקווה,הדר המושבות החדשה,0,135,2025,4470000,6360-228-10,דירה בבית,6,33111
פתח תקווה,הדר המושבות החדשה,61,פתח תקווה,הדר המושבות החדשה,אלוף רחבעם זאבי 4,163.53,2025,4268400,6360-242-20,דירה בבית,6,26102
פתח תקווה,הדר המושבות החדשה,62,פתח תקווה,הדר המושבות החדשה,משה סנה 29,120,2025,4050000,6360-237-3,דירה בבית,5,33750
פתח תקווה,הדר המושבות החדשה,63,פתח תקווה,הדר המושבות החדשה,בן חור 12,135.35,2025,3930000,6357-52-8,דירה בבית,6,29036
פתח תקווה,הדר המושבות החדשה,64,פתח תקווה,הדר המושבות החדשה,יעל רום 20,106.5,2025,3300000,6360-300-49,דירה בבית,5,30986
פתח תקווה,הדר המושבות החדשה,65,פתח תקווה,הדר המושבות החדשה,איתן רפאל 2,113.8,2025,3220000,6360-172-36,דירה בבית,5,28295
פתח תקווה,הדר המושבות החדשה,66,פתח תקווה,הדר המושבות החדשה,שרגא רפאלי 14,114.7,2025,3070000,7209-22-107,דירה בבית,5,26765
פתח תקווה,הדר המושבות החדשה,67,פתח תקווה,הדר המושבות החדשה,0,137.8,2025,3800000,6360-250-16,דירה בבית,6,27576
פתח תקווה,הדר המושבות החדשה,68,פתח תקווה,הדר המושבות החדשה,יעל רום 19,99.7,2025,3000000,6360-296-15,דירה בבית,4,30090
פתח תקווה,הדר המושבות החדשה,69,פתח תקווה,הדר המושבות החדשה,משה סנה 12,125.8,2025,3200000,6360-281-32,דירה בבית,5,25437
פתח תקווה,הדר המושבות החדשה,70,פתח תקווה,הדר המושבות החדשה,יעל רום 14,89.4,2025,2940000,6360-280-16,דירה בבית,4,32886
פתח תקווה,הדר המושבות החדשה,71,פתח תקווה,הדר המושבות החדשה,אריה בראון 4,111.35,2025,3650000,6360-226-28,דירה בבית,5,32780
פתח תקווה,הדר המושבות החדשה,72,פתח תקווה,הדר המושבות החדשה,יעל רום 14,114.15,2025,3750000,6360-280-75,דירה בבית,5,32852
פתח תקווה,הדר המושבות החדשה,73,פתח תקווה,הדר המושבות החדשה,שרגא רפאלי 3,77.1,2025,2420000,6357-80-108,דירה בבית,3,31388
פתח תקווה,הדר המושבות החדשה,74,פתח תקווה,הדר המושבות החדשה,שרגא רפאלי 14,90.03,2025,2925000,7209-22-157,דירה בבית,4,32489
פתח תקווה,הדר המושבות החדשה,75,פתח תקווה,הדר המושבות החדשה,אלוף רחבעם זאבי 9,95.44,2025,2800000,6360-192-74,דירה בבית,4,29338
פתח תקווה,הדר המושבות החדשה,76,פתח תקווה,הדר המושבות החדשה,שרגא רפאלי 11,132.45,2025,3360000,7209-41-57,דירה בבית,5,25368
פתח תקווה,הדר המושבות החדשה,77,פתח תקווה,הדר המושבות החדשה,שרגא רפאלי 3,113.3,2025,3000000,6357-80-113,דירה בבית,5,26478
פתח תקווה,הדר המושבות החדשה,78,פתח תקווה,הדר המושבות החדשה,יעל רום 2,111,2025,2980000,6376-260-24,דירה בבית,5,26847
פתח תקווה,הדר המושבות החדשה,79,פתח תקווה,הדר המושבות החדשה,משה סנה 41,92,2025,2800000,6360-187-44,דירה בבית,4,30435
פתח תקווה,הדר המושבות החדשה,80,פתח תקווה,הדר המושבות החדשה,יעל רום 12,121.6,2025,3100000,6360-279-49,דירה בבית,5,25493
פתח תקווה,הדר המושבות החדשה,81,פתח תקווה,הדר המושבות החדשה,מבצע יפתח 6,101,2025,3000000,6361-529-11,דירה בבית,4,29703
פתח תקווה,הדר המושבות החדשה,82,פתח תקווה,הדר המושבות החדשה,יעל רום 15,95.7,2025,2700000,6360-178-54,דירה בבית,4,28213
פתח תקווה,הדר המושבות החדשה,84,פתח תקווה,הדר המושבות החדשה,יעל רום 15,91.9,2025,2860000,6360-178-49,דירה בבית,4,31121
פתח תקווה,הדר המושבות החדשה,85,פתח תקווה,הדר המושבות החדשה,שרגא רפאלי 10,99.02,2025,2760000,7209-22-72,דירה בבית,4,27873
פתח תקווה,הדר המושבות החדשה,86,פתח תקווה,הדר המושבות החדשה,אריה בראון 22,90.9,2025,3000000,6360-243-65,דירה בבית,4,33003
פתח תקווה,הדר המושבות החדשה,87,פתח תקווה,הדר המושבות החדשה,שרגא רפאלי 10,109.89,2025,2800000,7209-22-9,דירה בבית,4,25480
פתח תקווה,הדר המושבות החדשה,88,פתח תקווה,הדר המושבות החדשה,0,151.82,2024,4050000,6360-249-9,דירה בבית,6,26676
פתח תקווה,הדר המושבות החדשה,89,פתח תקווה,הדר המושבות החדשה,מבצע יפתח 6,101,2024,2850000,6361-529-20,דירה בבית,4,28218
פתח תקווה,הדר המושבות החדשה,90,פתח תקווה,הדר המושבות החדשה,בן חור 15,136,2024,3310000,6360-191-2,דירה בבית,5,24338
פתח תקווה,הדר המושבות החדשה,91,פתח תקווה,הדר המושבות החדשה,0,136.1,2024,4240000,6360-253-41,דירה בבית,6,31154
פתח תקווה,הדר המושבות החדשה,92,פתח תקווה,הדר המושבות החדשה,משה סנה 45,93,2024,2725000,6357-83-18,דירה בבית,4,29301
פתח תקווה,הדר המושבות החדשה,93,פתח תקווה,הדר המושבות החדשה,יעל רום 4,136.85,2024,3400000,6376-261-98,דירה בבית,5,24845
פתח תקווה,הדר המושבות החדשה,94,פתח תקווה,הדר המושבות החדשה,משה סנה 12,107.6,2024,2857000,6360-281-21,דירה בבית,4,26552
פתח תקווה,הדר המושבות החדשה,95,פתח תקווה,הדר המושבות החדשה,יעל רום 16,122.3,2024,3070000,6360-318-62,דירה בבית,4.5,25102
פתח תקווה,הדר המושבות החדשה,96,פתח תקווה,הדר המושבות החדשה,מבצע יפתח 2,121.8,2024,3190000,6361-529-92,דירה בבית,5,26190
פתח תקווה,הדר המושבות החדשה,97,פתח תקווה,הדר המושבות החדשה,אריה בראון 22,117,2024,3345000,6360-243-86,דירה בבית,5,28590
פתח תקווה,הדר המושבות החדשה,98,פתח תקווה,הדר המושבות החדשה,רבקה גובר 3,144.1,2024,3550000,7209-19-62,דירה בבית,6,24636
פתח תקווה,הדר המושבות החדשה,99,פתח תקווה,הדר המושבות החדשה,יעל רום 9,132,2024,3540000,6360-306-114,דירה בבית,5,26818
פתח תקווה,הדר המושבות החדשה,100,פתח תקווה,הדר המושבות החדשה,בן חור 7,124.37,2024,3733000,6360-312-14,דירה בבית,6,30015
פתח תקווה,הדר המושבות החדשה,101,פתח תקווה,הדר המושבות החדשה,רבקה גובר 3,143.65,2024,3570000,7209-19-65,דירה בבית,6,24852
פתח תקווה,הדר המושבות החדשה,102,פתח תקווה,הדר המושבות החדשה,משה סנה 28,103.05,2024,2785000,6360-296-114,דירה בבית,4,27026
פתח תקווה,הדר המושבות החדשה,103,פתח תקווה,הדר המושבות החדשה,איסר הראל 3,106.5,2024,3080000,6360-211-14,דירה בבית,5,28920
פתח תקווה,הדר המושבות החדשה,104,פתח תקווה,הדר המושבות החדשה,מבצע יפתח 2,111.6,2024,3080000,6361-529-162,דירה בבית,4.5,27599
פתח תקווה,הדר המושבות החדשה,105,פתח תקווה,הדר המושבות החדשה,משה סנה 22,96.35,2024,2570000,6360-298-3,דירה בבית,4,26674
פתח תקווה,הדר המושבות החדשה,106,פתח תקווה,הדר המושבות החדשה,שרגא רפאלי 11,137.63,2024,3600000,7209-41-56,דירה בבית,5,26157
פתח תקווה,הדר המושבות החדשה,108,פתח תקווה,הדר המושבות החדשה,יעל רום 17,122.1,2024,3465000,6360-179-27,דירה בבית,5,28378
פתח תקווה,הדר המושבות החדשה,109,פתח תקווה,הדר המושבות החדשה,יוני נתניהו 9,123.25,2024,3620000,6357-55-14,דירה בבית,5.5,29371
פתח תקווה,הדר המושבות החדשה,110,פתח תקווה,הדר המושבות החדשה,יעל רום 5,100.8,2024,3265000,6360-305-17,דירה בבית,4,32391
פתח תקווה,הדר המושבות החדשה,111,פתח תקווה,הדר המושבות החדשה,רבקה גובר 3,141,2024,4300000,7209-19-109,דירה בבית,6,30496
פתח תקווה,הדר המושבות החדשה,112,פתח תקווה,הדר המושבות החדשה,איתן רפאל 2,105.95,2024,3120000,6360-172-74,דירה בבית,4,29448
פתח תקווה,הדר המושבות החדשה,113,פתח תקווה,הדר המושבות החדשה,יעל רום 3,109.5,2024,2970000,6360-277-99,דירה בבית,4,27123
פתח תקווה,הדר המושבות החדשה,114,פתח תקווה,הדר המושבות החדשה,מבצע יפתח 2,111.6,2024,2900000,6361-529-138,דירה בבית,4.5,25986
פתח תקווה,הדר המושבות החדשה,115,פתח תקווה,הדר המושבות החדשה,0,110.9,2024,3060000,6360-198-10,דירה בבית,4,27592
פתח תקווה,הדר המושבות החדשה,116,פתח תקווה,הדר המושבות החדשה,משה סנה 41,112,2024,3210000,6360-187-55,דירה בבית,5,28661
פתח תקווה,הדר המושבות החדשה,117,פתח תקווה,הדר המושבות החדשה,מבצע יפתח 2,101.3,2024,3075000,6361-529-198,דירה בבית,4,30355
פתח תקווה,הדר המושבות החדשה,118,פתח תקווה,הדר המושבות החדשה,בן חור 5,110.44,2024,3550000,6360-312-165,דירה בבית,5,32144
פתח תקווה,הדר המושבות החדשה,119,פתח תקווה,הדר המושבות החדשה,בן חור 15,129.13,2024,3300000,6360-191-31,דירה בבית,5,25556
פתח תקווה,הדר המושבות החדשה,120,פתח תקווה,הדר המושבות החדשה,איתן רפאל 4,103,2024,2880000,6357-136-15,דירה בבית,4,27961
פתח תקווה,הדר המושבות החדשה,121,פתח תקווה,הדר המושבות החדשה,בן חור 5,108.7,2024,3530000,6360-312-99,דירה בבית,5,32475
פתח תקווה,הדר המושבות החדשה,122,פתח תקווה,הדר המושבות החדשה,משה סנה 16,100.55,2024,3000000,6360-284-26,דירה בבית,4,29836
פתח תקווה,הדר המושבות החדשה,123,פתח תקווה,הדר המושבות החדשה,משה סנה 2,155,2024,3670000,6376-263-14,דירה בבית,5,23677
פתח תקווה,הדר המושבות החדשה,124,פתח תקווה,הדר המושבות החדשה,יעל רום 15,89.15,2024,1300000,6360-178-45,דירה בבית,4,14582
פתח תקווה,הדר המושבות החדשה,125,פתח תקווה,הדר המושבות החדשה,איתן רפאל 7,126,2024,4100000,6357-118-3,דירה בבית,5,32540
פתח תקווה,הדר המושבות החדשה,126,פתח תקווה,הדר המושבות החדשה,איתן רפאל 2,113.8,2024,3220000,6360-172-76,דירה בבית,5,28295
פתח תקווה,הדר המושבות החדשה,127,פתח תקווה,הדר המושבות החדשה,רבקה גובר 1,144.1,2024,3550000,7209-19-3,דירה בבית,6,24636
פתח תקווה,הדר המושבות החדשה,128,פתח תקווה,הדר המושבות החדשה,יעל רום 22,100.55,2024,2830000,6360-300-113,דירה בבית,4,28145
פתח תקווה,הדר המושבות החדשה,129,פתח תקווה,הדר המושבות החדשה,0,125,2024,3100000,6360-193-57,דירה בבית,5,24800
פתח תקווה,הדר המושבות החדשה,130,פתח תקווה,הדר המושבות החדשה,משה סנה 45,153.21,2024,4400000,6357-83-35,דירה בבית,5,28719
פתח תקווה,הדר המושבות החדשה,131,פתח תקווה,הדר המושבות החדשה,אריה בראון 22,96.7,2024,2780000,6360-243-73,דירה בבית,4,28749
פתח תקווה,הדר המושבות החדשה,132,פתח תקווה,הדר המושבות החדשה,רבקה גובר 7,104.38,2024,3050000,7209-22-351,דירה בבית,4,29220
פתח תקווה,הדר המושבות החדשה,133,פתח תקווה,הדר המושבות החדשה,משה סנה 18,105.3,2024,3155000,6360-284-60,דירה בבית,4,29962
פתח תקווה,הדר המושבות החדשה,134,פתח תקווה,הדר המושבות החדשה,משה סנה 20,121.35,2024,3575000,6360-284-125,דירה בבית,5,29460
פתח תקווה,הדר המושבות החדשה,135,פתח תקווה,הדר המושבות החדשה,יעל רום 3,109.5,2024,2935000,6360-277-146,דירה בבית,4,26804
פתח תקווה,הדר המושבות החדשה,136,פתח תקווה,הדר המושבות החדשה,יעל רום 1,109.5,2024,2935000,6360-277-11,דירה בבית,4,26804
פתח תקווה,הדר המושבות החדשה,137,פתח תקווה,הדר המושבות החדשה,יוני נתניהו 11,107.88,2024,3360000,6357-55-64,דירה בבית,5,31146
פתח תקווה,הדר המושבות החדשה,138,פתח תקווה,הדר המושבות החדשה,רבקה גובר 3,131.25,2024,3340000,7209-19-66,דירה בבית,5,25448
פתח תקווה,הדר המושבות החדשה,139,פתח תקווה,הדר המושבות החדשה,רבקה גובר 3,125,2024,3405000,7209-19-61,דירה בבית,5,27240
פתח תקווה,הדר המושבות החדשה,140,פתח תקווה,הדר המושבות החדשה,שרגא רפאלי 8,124,2024,3500000,7209-21-47,דירה בבית,5,28226
פתח תקווה,הדר המושבות החדשה,142,פתח תקווה,הדר המושבות החדשה,יעל רום 17,139.1,2024,4200000,6360-179-77,דירה בבית,5,30194
פתח תקווה,הדר המושבות החדשה,143,פתח תקווה,הדר המושבות החדשה,יעל רום 13,93.5,2024,2765000,6360-283-59,דירה בבית,4,29572
פתח תקווה,הדר המושבות החדשה,144,פתח תקווה,הדר המושבות החדשה,שרגא רפאלי 3,77.1,2024,2500000,6357-80-124,דירה בבית,3,32425
פתח תקווה,הדר המושבות החדשה,145,פתח תקווה,הדר המושבות החדשה,שרגא רפאלי 14,74.99,2024,2550000,7209-22-114,דירה בבית,3,34005
פתח תקווה,הדר המושבות החדשה,146,פתח תקווה,הדר המושבות החדשה,0,114.1,2024,3400000,6360-229-52,דירה בבית,5,29798
פתח תקווה,הדר המושבות החדשה,147,פתח תקווה,הדר המושבות החדשה,יעל רום 3,109.5,2024,3095000,6360-277-147,דירה בבית,4,28265
פתח תקווה,הדר המושבות החדשה,148,פתח תקווה,הדר המושבות החדשה,0,107.7,2024,3235000,6360-229-47,דירה בבית,4.5,30037
פתח תקווה,הדר המושבות החדשה,149,פתח תקווה,הדר המושבות החדשה,משה סנה 35,96.9,2024,2975000,6360-299-61,דירה בבית,4,30702
פתח תקווה,הדר המושבות החדשה,150,פתח תקווה,הדר המושבות החדשה,0,107.7,2024,3250000,6360-229-51,דירה בבית,5,30176
פתח תקווה,הדר המושבות החדשה,151,פתח תקווה,הדר המושבות החדשה,0,113.8,2024,3330000,6360-229-34,דירה בבית,5,29262
פתח תקווה,הדר המושבות החדשה,152,פתח תקווה,הדר המושבות החדשה,איסר הראל 1,112.4,2024,3330000,6360-185-26,דירה בבית,5,29626
פתח תקווה,הדר המושבות החדשה,153,פתח תקווה,הדר המושבות החדשה,איסר הראל 3,96,2024,2900000,6360-211-40,דירה בבית,4,30208
פתח תקווה,הדר המושבות החדשה,154,פתח תקווה,הדר המושבות החדשה,שרגא רפאלי 8,127,2024,3520000,7209-21-48,דירה בבית,5,27717
פתח תקווה,הדר המושבות החדשה,156,פתח תקווה,הדר המושבות החדשה,יעל רום 3,109.5,2024,3020000,6360-277-98,דירה בבית,4,27580
פתח תקווה,הדר המושבות החדשה,157,פתח תקווה,הדר המושבות החדשה,שרגא רפאלי 7,103.39,2024,3100000,6357-104-12,דירה בבית,4,29984
פתח תקווה,הדר המושבות החדשה,158,פתח תקווה,הדר המושבות החדשה,משה סנה 35,97.2,2024,2670000,6360-299-57,דירה בבית,4,27469
פתח תקווה,הדר המושבות החדשה,159,פתח תקווה,הדר המושבות החדשה,רבקה גובר 1,126.45,2024,3350000,7209-19-14,דירה בבית,5,26493
פתח תקווה,הדר המושבות החדשה,160,פתח תקווה,הדר המושבות החדשה,רבקה גובר 1,143.95,2024,3610000,7209-19-7,דירה בבית,6,25078
פתח תקווה,הדר המושבות החדשה,161,פתח תקווה,הדר המושבות החדשה,שרגא רפאלי 8,127,2024,3610000,7209-21-49,דירה בבית,5,28425
פתח תקווה,הדר המושבות החדשה,162,פתח תקווה,הדר המושבות החדשה,משה סנה 2,136,2024,3600000,6376-263-13,דירה בבית,5,26471
פתח תקווה,הדר המושבות החדשה,163,פתח תקווה,הדר המושבות החדשה,יעל רום 13,93.5,2024,2600000,6360-283-39,דירה בבית,4,27807
פתח תקווה,הדר המושבות החדשה,165,פתח תקווה,הדר המושבות החדשה,0,110.8,2024,3030000,6360-198-42,דירה בבית,4,27347
פתח תקווה,הדר המושבות החדשה,166,פתח תקווה,הדר המושבות החדשה,מבצע יפתח 10,140,2024,3700000,6361-479-20,דירה בבית,6,26429
פתח תקווה,הדר המושבות החדשה,167,פתח תקווה,הדר המושבות החדשה,רבקה גובר 9,99.7,2024,3105000,7209-22-279,דירה בבית,4,31143
פתח תקווה,הדר המושבות החדשה,168,פתח תקווה,הדר המושבות החדשה,0,113.8,2024,3400000,6360-229-58,דירה בבית,5,29877
פתח תקווה,הדר המושבות החדשה,170,פתח תקווה,הדר המושבות החדשה,רבקה גובר 3,143.95,2024,3630000,7209-19-67,דירה בבית,6,25217
פתח תקווה,הדר המושבות החדשה,171,פתח תקווה,הדר המושבות החדשה,שרגא רפאלי 8,127,2024,3520000,7209-21-50,דירה בבית,5,27717
פתח תקווה,הדר המושבות החדשה,172,פתח תקווה,הדר המושבות החדשה,0,113.8,2024,3340000,6360-229-38,דירה בבית,5,29350
פתח תקווה,הדר המושבות החדשה,174,פתח תקווה,הדר המושבות החדשה,יעל רום 11,104.65,2024,3100000,6360-306-39,דירה בבית,4,29623
פתח תקווה,הדר המושבות החדשה,175,פתח תקווה,הדר המושבות החדשה,0,107.5,2024,3070000,6360-231-13,דירה בבית,4,28558
פתח תקווה,הדר המושבות החדשה,176,פתח תקווה,הדר המושבות החדשה,איסר הראל 5,105.6,2024,3100000,6360-211-89,דירה בבית,5,29356
פתח תקווה,הדר המושבות החדשה,177,פתח תקווה,הדר המושבות החדשה,שרגא רפאלי 8,127,2024,3550000,7209-21-51,דירה בבית,5,27953
פתח תקווה,הדר המושבות החדשה,179,פתח תקווה,הדר המושבות החדשה,שרגא רפאלי 10,125.03,2024,3300000,7209-22-92,דירה בבית,5,26394
פתח תקווה,הדר המושבות החדשה,180,פתח תקווה,הדר המושבות החדשה,יעל רום 17,80.15,2024,2350000,6360-179-4,דירה בבית,3,29320
פתח תקווה,הדר המושבות החדשה,181,פתח תקווה,הדר המושבות החדשה,בן חור 6,103,2024,2750000,6357-85-55,דירה בבית,4,26699
פתח תקווה,הדר המושבות החדשה,182,פתח תקווה,הדר המושבות החדשה,שרגא רפאלי 14,74.99,2024,2500000,7209-22-108,דירה בבית,3,33338
פתח תקווה,הדר המושבות החדשה,183,פתח תקווה,הדר המושבות החדשה,יעל רום 3,109.5,2024,2900000,6360-277-130,דירה בבית,4,26484
פתח תקווה,הדר המושבות החדשה,184,פתח תקווה,הדר המושבות החדשה,מבצע יפתח 8,111.6,2024,3130000,6361-533-60,דירה בבית,4.5,28047
פתח תקווה,הדר המושבות החדשה,185,פתח תקווה,הדר המושבות החדשה,אלוף רחבעם זאבי 5,111.6,2024,2900000,6360-192-129,דירה בבית,4,25986
פתח תקווה,הדר המושבות החדשה,186,פתח תקווה,הדר המושבות החדשה,0,113.8,2024,3260000,6360-229-18,דירה בבית,5,28647
פתח תקווה,הדר המושבות החדשה,187,פתח תקווה,הדר המושבות החדשה,0,136.1,2024,4100000,6360-253-29,דירה בבית,6,30125
פתח תקווה,הדר המושבות החדשה,188,פתח תקווה,הדר המושבות החדשה,מבצע יפתח 6,101,2024,2770000,6361-529-4,דירה בבית,4,27426
פתח תקווה,הדר המושבות החדשה,189,פתח תקווה,הדר המושבות החדשה,0,113.8,2024,3360000,6360-229-50,דירה בבית,5,29525
פתח תקווה,הדר המושבות החדשה,190,פתח תקווה,הדר המושבות החדשה,יעל רום 2,124.68,2024,3850000,6376-260-18,דירה בבית,6,30879
פתח תקווה,הדר המושבות החדשה,191,פתח תקווה,הדר המושבות החדשה,מבצע חורב 11,112.73,2024,3120000,6361-532-6,דירה בבית,5,27677
פתח תקווה,הדר המושבות החדשה,192,פתח תקווה,הדר המושבות החדשה,איסר הראל 6,137.45,2024,4900000,6360-188-74,דירה בבית,5,35649
פתח תקווה,הדר המושבות החדשה,193,פתח תקווה,הדר המושבות החדשה,0,153.93,2024,4050000,6360-249-1,דירה בבית,6,26311
פתח תקווה,הדר המושבות החדשה,194,פתח תקווה,הדר המושבות החדשה,0,110,2024,3080000,6360-198-49,דירה בבית,4,28000
פתח תקווה,הדר המושבות החדשה,195,פתח תקווה,הדר המושבות החדשה,אריה בראון 6,134,2024,4074000,6360-238-5,דירה בבית,6,30403
פתח תקווה,הדר המושבות החדשה,196,פתח תקווה,הדר המושבות החדשה,0,120,2024,3100000,7209-24-1,דירה בבית,5,25833
פתח תקווה,הדר המושבות החדשה,197,פתח תקווה,הדר המושבות החדשה,יעל רום 4,115.1,2024,2880000,6376-261-1,דירה בבית,4,25022
פתח תקווה,הדר המושבות החדשה,198,פתח תקווה,הדר המושבות החדשה,0,114.1,2024,3385000,6360-229-44,דירה בבית,5,29667
פתח תקווה,הדר המושבות החדשה,199,פתח תקווה,הדר המושבות החדשה,רבקה גובר 1,126.45,2024,3270000,7209-19-10,דירה בבית,5,25860
פתח תקווה,הדר המושבות החדשה,200,פתח תקווה,הדר המושבות החדשה,משה סנה 28,117.75,2024,3360000,6360-296-68,דירה בבית,5,28535
פתח תקווה,הדר המושבות החדשה,201,פתח תקווה,הדר המושבות החדשה,רבקה גובר 1,131.25,2024,3350000,7209-19-8,דירה בבית,5,25524
פתח תקווה,הדר המושבות החדשה,202,פתח תקווה,הדר המושבות החדשה,רבקה גובר 1,126.45,2024,3360000,7209-19-34,דירה בבית,5,26572
פתח תקווה,הדר המושבות החדשה,203,פתח תקווה,הדר המושבות החדשה,איתן רפאל 4,102,2024,2640000,6357-136-14,דירה בבית,4,25882
פתח תקווה,הדר המושבות החדשה,204,פתח תקווה,הדר המושבות החדשה,יעל רום 17,95.3,2024,2930000,6360-179-41,דירה בבית,4,30745
פתח תקווה,הדר המושבות החדשה,205,פתח תקווה,הדר המושבות החדשה,שרגא רפאלי 8,144,2024,3900000,7209-21-52,דירה בבית,6,27083
פתח תקווה,הדר המושבות החדשה,206,פתח תקווה,הדר המושבות החדשה,0,113.8,2024,3390000,6360-229-42,דירה בבית,5,29789
פתח תקווה,הדר המושבות החדשה,207,פתח תקווה,הדר המושבות החדשה,משה סנה 12,105.75,2024,1600000,6360-281-42,דירה בבית,4,15130
פתח תקווה,הדר המושבות החדשה,208,פתח תקווה,הדר המושבות החדשה,משה סנה 35,103,2024,2940000,6360-299-47,דירה בבית,4,28544
פתח תקווה,הדר המושבות החדשה,209,פתח תקווה,הדר המושבות החדשה,יעל רום 4,136.85,2024,3460000,6376-261-26,דירה בבית,5,25283
פתח תקווה,הדר המושבות החדשה,210,פתח תקווה,הדר המושבות החדשה,0,114.1,2024,3268000,6360-229-16,דירה בבית,5,28642
פתח תקווה,הדר המושבות החדשה,211,פתח תקווה,הדר המושבות החדשה,יעל רום 2,135.03,2024,4900000,6376-260-79,דירה בבית,5,36288
פתח תקווה,הדר המושבות החדשה,212,פתח תקווה,הדר המושבות החדשה,מבצע יפתח 8,121.8,2024,3200000,6361-533-18,דירה בבית,5,26273
פתח תקווה,הדר המושבות החדשה,213,פתח תקווה,הדר המושבות החדשה,יעל רום 16,126.8,2024,1815000,6360-318-5,דירה בבית,5,14314
פתח תקווה,הדר המושבות החדשה,214,פתח תקווה,הדר המושבות החדשה,משה פלד 3,109.9,2024,3375000,6360-227-26,דירה בבית,5,30710
פתח תקווה,הדר המושבות החדשה,215,פתח תקווה,הדר המושבות החדשה,איתן רפאל 4,102,2024,2735000,6357-136-13,דירה בבית,4,26814
פתח תקווה,הדר המושבות החדשה,216,פתח תקווה,הדר המושבות החדשה,משה סנה 28,113.4,2024,3425000,6360-296-76,דירה בבית,4,30203
פתח תקווה,הדר המושבות החדשה,217,פתח תקווה,הדר המושבות החדשה,רבקה גובר 9,117.45,2024,3300000,7209-22-207,דירה בבית,5,28097
פתח תקווה,הדר המושבות החדשה,218,פתח תקווה,הדר המושבות החדשה,שרגא רפאלי 14,104.89,2024,2925000,7209-22-118,דירה בבית,4.5,27886
פתח תקווה,הדר המושבות החדשה,219,פתח תקווה,הדר המושבות החדשה,רבקה גובר 1,143.65,2024,3755000,7209-19-13,דירה בבית,6,26140
פתח תקווה,הדר המושבות החדשה,220,פתח תקווה,הדר המושבות החדשה,0,117.6,2024,3220000,6360-198-84,דירה בבית,4,27381
פתח תקווה,הדר המושבות החדשה,221,פתח תקווה,הדר המושבות החדשה,משה סנה 33,101.1,2024,2680000,6360-299-4,דירה בבית,4,26508
פתח תקווה,הדר המושבות החדשה,222,פתח תקווה,הדר המושבות החדשה,0,131.3,2024,3710000,6360-229-33,דירה בבית,6,28256
פתח תקווה,הדר המושבות החדשה,223,פתח תקווה,הדר המושבות החדשה,שרגא רפאלי 10,98.8,2024,2750000,7209-22-66,דירה בבית,4,27834
פתח תקווה,הדר המושבות החדשה,224,פתח תקווה,הדר המושבות החדשה,יעל רום 18,79.35,2024,2580000,6360-300-13,דירה בבית,3.5,32514
פתח תקווה,הדר המושבות החדשה,225,פתח תקווה,הדר המושבות החדשה,אריה בראון 6,122,2024,3496000,6360-238-6,דירה בבית,5,28656
פתח תקווה,הדר המושבות החדשה,227,פתח תקווה,הדר המושבות החדשה,שרגא רפאלי 8,127,2024,3525000,7209-21-53,דירה בבית,5,27756
פתח תקווה,הדר המושבות החדשה,228,פתח תקווה,הדר המושבות החדשה,איסר הראל 3,106.1,2024,3150000,6360-211-9,דירה בבית,5,29689
פתח תקווה,הדר המושבות החדשה,230,פתח תקווה,הדר המושבות החדשה,0,107.7,2024,3100000,6360-229-43,דירה בבית,4.5,28784
פתח תקווה,הדר המושבות החדשה,231,פתח תקווה,הדר המושבות החדשה,יעל רום 13,96.1,2024,2700000,6360-283-31,דירה בבית,4,28096
פתח תקווה,הדר המושבות החדשה,232,פתח תקווה,הדר המושבות החדשה,0,113.8,2024,3360000,6360-229-62,דירה בבית,5,29525
פתח תקווה,הדר המושבות החדשה,233,פתח תקווה,הדר המושבות החדשה,0,131.3,2024,3670000,6360-229-29,דירה בבית,6,27951
פתח תקווה,הדר המושבות החדשה,234,פתח תקווה,הדר המושבות החדשה,אלוף רחבעם זאבי 4,146.88,2024,4450000,6360-242-62,דירה בבית,6,30297
פתח תקווה,הדר המושבות החדשה,235,פתח תקווה,הדר המושבות החדשה,0,131.3,2024,3707000,6360-229-37,דירה בבית,6,28233
פתח תקווה,הדר המושבות החדשה,236,פתח תקווה,הדר המושבות החדשה,רבקה גובר 7,99.2,2024,2950000,7209-22-385,דירה בבית,4,29738
פתח תקווה,הדר המושבות החדשה,237,פתח תקווה,הדר המושבות החדשה,0,113.8,2024,3290000,6360-229-54,דירה בבית,5,28910
פתח תקווה,הדר המושבות החדשה,238,פתח תקווה,הדר המושבות החדשה,יעל רום 7,100.8,2024,3145000,6360-305-115,דירה בבית,4,31200
פתח תקווה,הדר המושבות החדשה,239,פתח תקווה,הדר המושבות החדשה,משה סנה 28,104.95,2024,2960000,6360-296-93,דירה בבית,4,28204
פתח תקווה,הדר המושבות החדשה,240,פתח תקווה,הדר המושבות החדשה,מבצע יפתח 6,101,2024,2772000,6361-529-3,דירה בבית,4,27446
פתח תקווה,הדר המושבות החדשה,241,פתח תקווה,הדר המושבות החדשה,רבקה גובר 1,131,2024,3440000,7209-19-16,דירה בבית,5,26260
פתח תקווה,הדר המושבות החדשה,242,פתח תקווה,הדר המושבות החדשה,0,114.1,2024,3430000,6360-229-56,דירה בבית,5,30061
פתח תקווה,הדר המושבות החדשה,243,פתח תקווה,הדר המושבות החדשה,0,107.7,2024,3108000,6360-229-39,דירה בבית,4.5,28858
פתח תקווה,הדר המושבות החדשה,244,פתח תקווה,הדר המושבות החדשה,משה סנה 24,75.9,2024,2450000,6360-298-38,דירה בבית,3,32279
פתח תקווה,הדר המושבות החדשה,245,פתח תקווה,הדר המושבות החדשה,בן חור 2,110.6,2024,3310000,6357-87-45,דירה בבית,5,29928
פתח תקווה,הדר המושבות החדשה,246,פתח תקווה,הדר המושבות החדשה,שרגא רפאלי 18,138,2024,3275000,7209-26-41,דירה בבית,5,23732
פתח תקווה,הדר המושבות החדשה,247,פתח תקווה,הדר המושבות החדשה,איסר הראל 3,110.4,2024,3150000,6360-211-11,דירה בבית,5,28533
פתח תקווה,הדר המושבות החדשה,248,פתח תקווה,הדר המושבות החדשה,יעל רום 4,154.4,2024,3975000,6376-261-120,דירה בבית,6,25745
פתח תקווה,הדר המושבות החדשה,249,פתח תקווה,הדר המושבות החדשה,0,107.7,2024,3090000,6360-229-35,דירה בבית,4.5,28691
פתח תקווה,הדר המושבות החדשה,250,פתח תקווה,הדר המושבות החדשה,0,131.3,2024,3700000,6360-229-41,דירה בבית,6,28180
פתח תקווה,הדר המושבות החדשה,251,פתח תקווה,הדר המושבות החדשה,משה סנה 39,88.3,2024,2750000,6360-314-77,דירה בבית,3,31144
פתח תקווה,הדר המושבות החדשה,252,פתח תקווה,הדר המושבות החדשה,0,131.3,2024,3770000,6360-229-45,דירה בבית,6,28713
פתח תקווה,הדר המושבות החדשה,253,פתח תקווה,הדר המושבות החדשה,שרגא רפאלי 8,127,2024,3590000,7209-21-54,דירה בבית,5,28268
פתח תקווה,הדר המושבות החדשה,256,פתח תקווה,הדר המושבות החדשה,מבצע יפתח 8,111.6,2024,3100000,6361-533-47,דירה בבית,4,27778
פתח תקווה,הדר המושבות החדשה,257,פתח תקווה,הדר המושבות החדשה,איסר הראל 1,134.7,2024,3615000,6360-185-9,דירה בבית,5,26837
פתח תקווה,הדר המושבות החדשה,258,פתח תקווה,הדר המושבות החדשה,שרגא רפאלי 8,127,2024,3545000,7209-21-55,דירה בבית,5,27913
פתח תקווה,הדר המושבות החדשה,260,פתח תקווה,הדר המושבות החדשה,בן חור 3,131.1,2024,3000000,6360-189-13,דירה בבית,5,22883
פתח תקווה,הדר המושבות החדשה,261,פתח תקווה,הדר המושבות החדשה,0,123,2024,3500000,6357-53-47,דירה בבית,5,28455
פתח תקווה,הדר המושבות החדשה,262,פתח תקווה,הדר המושבות החדשה,משה פלד 3,125.7,2024,3350000,6360-227-22,דירה בבית,5,26651
פתח תקווה,הדר המושבות החדשה,263,פתח תקווה,הדר המושבות החדשה,רבקה גובר 3,126.45,2024,3310000,7209-19-84,דירה בבית,5,26176
פתח תקווה,הדר המושבות החדשה,264,פתח תקווה,הדר המושבות החדשה,שרגא רפאלי 10,100.77,2024,2990000,7209-22-88,דירה בבית,4,29672
פתח תקווה,הדר המושבות החדשה,265,פתח תקווה,הדר המושבות החדשה,משה סנה 2,123,2024,3250000,6376-263-11,דירה בבית,5,26423
פתח תקווה,הדר המושבות החדשה,266,פתח תקווה,הדר המושבות החדשה,0,107.7,2024,3000000,6360-229-59,דירה בבית,4.5,27855
פתח תקווה,הדר המושבות החדשה,267,פתח תקווה,הדר המושבות החדשה,איתן רפאל 4,102,2024,1365000,6357-136-12,דירה בבית,4,13382
פתח תקווה,הדר המושבות החדשה,268,פתח תקווה,הדר המושבות החדשה,משה סנה 24,90.5,2024,2900000,6360-298-37,דירה בבית,4,32044
פתח תקווה,הדר המושבות החדשה,269,פתח תקווה,הדר המושבות החדשה,שרגא רפאלי 11,109.42,2024,3100000,7209-41-74,דירה בבית,4,28331
פתח תקווה,הדר המושבות החדשה,270,פתח תקווה,הדר המושבות החדשה,מבצע יפתח 2,121.8,2024,3200000,6361-529-135,דירה בבית,5,26273
פתח תקווה,הדר המושבות החדשה,271,פתח תקווה,הדר המושבות החדשה,משה סנה 41,112,2024,3220000,6360-187-27,דירה בבית,5,28750
פתח תקווה,הדר המושבות החדשה,272,פתח תקווה,הדר המושבות החדשה,שרגא רפאלי 8,145,2024,3900000,7209-21-56,דירה בבית,6,26897
פתח תקווה,הדר המושבות החדשה,273,פתח תקווה,הדר המושבות החדשה,יוני נתניהו 11,123.25,2024,3775000,6357-55-74,דירה בבית,6,30629
פתח תקווה,הדר המושבות החדשה,276,פתח תקווה,הדר המושבות החדשה,איתן רפאל 4,112,2024,2880000,6357-136-11,דירה בבית,4.5,25714
פתח תקווה,הדר המושבות החדשה,277,פתח תקווה,הדר המושבות החדשה,יוני נתניהו 9,125.57,2024,3900000,6357-55-35,דירה בבית,6,31058
פתח תקווה,הדר המושבות החדשה,278,פתח תקווה,הדר המושבות החדשה,יעל רום 9,93.35,2024,2440000,6360-306-84,דירה בבית,3,26138
פתח תקווה,הדר המושבות החדשה,279,פתח תקווה,הדר המושבות החדשה,אריה בראון 6,189,2024,7800000,6360-238-7,דירה בבית,6,41270
פתח תקווה,הדר המושבות החדשה,280,פתח תקווה,הדר המושבות החדשה,יעל רום 18,86.05,2024,2727200,6360-300-22,דירה בבית,4,31693
פתח תקווה,הדר המושבות החדשה,281,פתח תקווה,הדר המושבות החדשה,בן חור 5,124.37,2024,3480000,6360-312-69,דירה בבית,6,27981
פתח תקווה,הדר המושבות החדשה,282,פתח תקווה,הדר המושבות החדשה,0,107.7,2024,3110000,6360-229-55,דירה בבית,4,28877
פתח תקווה,הדר המושבות החדשה,283,פתח תקווה,הדר המושבות החדשה,יעל רום 5,100.8,2024,3182000,6360-305-45,דירה בבית,4,31567
פתח תקווה,הדר המושבות החדשה,284,פתח תקווה,הדר המושבות החדשה,יעל רום 5,120.1,2024,3280000,6360-305-50,דירה בבית,5,27311
פתח תקווה,הדר המושבות החדשה,285,פתח תקווה,הדר המושבות החדשה,0,186.3,2024,1992000,6360-198-120,דירה בבית,6,10692
פתח תקווה,הדר המושבות החדשה,286,פתח תקווה,הדר המושבות החדשה,מבצע חורב 9,93.41,2024,2600000,6361-532-65,דירה בבית,4,27834
פתח תקווה,הדר המושבות החדשה,287,פתח תקווה,הדר המושבות החדשה,רבקה גובר 7,101.73,2024,2875000,7209-22-326,דירה בבית,4,28261
פתח תקווה,הדר המושבות החדשה,288,פתח תקווה,הדר המושבות החדשה,משה סנה 39,98.1,2024,3062000,6360-314-64,דירה בבית,4,31213
פתח תקווה,הדר המושבות החדשה,289,פתח תקווה,הדר המושבות החדשה,יעל רום 14,91.15,2024,2995000,6360-280-72,דירה בבית,4,32858
פתח תקווה,הדר המושבות החדשה,290,פתח תקווה,הדר המושבות החדשה,שרגא רפאלי 8,143,2024,3970000,7209-21-58,דירה בבית,6,27762
פתח תקווה,הדר המושבות החדשה,291,פתח תקווה,הדר המושבות החדשה,יעל רום 2,126.94,2024,3300000,6376-260-72,דירה בבית,5,25997
פתח תקווה,הדר המושבות החדשה,293,פתח תקווה,הדר המושבות החדשה,משה סנה 45,119.13,2024,3200000,6357-83-28,דירה בבית,5,26861
פתח תקווה,הדר המושבות החדשה,294,פתח תקווה,הדר המושבות החדשה,שרגא רפאלי 14,116.22,2024,3050000,7209-22-195,דירה בבית,4.5,26243
פתח תקווה,הדר המושבות החדשה,295,פתח תקווה,הדר המושבות החדשה,יעל רום 13,93.5,2024,2900000,6360-283-64,דירה בבית,4,31016
פתח תקווה,הדר המושבות החדשה,296,פתח תקווה,הדר המושבות החדשה,0,114.1,2024,3270000,6360-229-36,דירה בבית,5,28659
פתח תקווה,הדר המושבות החדשה,297,פתח תקווה,הדר המושבות החדשה,שרגא רפאלי 8,127,2024,3610000,7209-21-59,דירה בבית,5,28425
פתח תקווה,הדר המושבות החדשה,299,פתח תקווה,הדר המושבות החדשה,איסר הראל 6,76.7,2024,2340000,6360-188-7,דירה בבית,3,30508
פתח תקווה,הדר המושבות החדשה,300,פתח תקווה,הדר המושבות החדשה,יוני נתניהו 5,123.18,2024,3100000,6357-84-17,דירה בבית,5,25166
פתח תקווה,הדר המושבות החדשה,301,פתח תקווה,הדר המושבות החדשה,יעל רום 16,144,2024,942000,6360-318-2,קוטג' חד משפחתי,5,6542
פתח תקווה,הדר המושבות החדשה,302,פתח תקווה,הדר המושבות החדשה,בן חור 5,124.37,2024,3500000,6360-312-72,דירה בבית,6,28142
פתח תקווה,הדר המושבות החדשה,303,פתח תקווה,הדר המושבות החדשה,שרגא רפאלי 8,143,2024,4010000,7209-21-60,דירה בבית,6,28042
פתח תקווה,הדר המושבות החדשה,305,פתח תקווה,הדר המושבות החדשה,שרגא רפאלי 8,145,2024,4090000,7209-21-61,דירה בבית,6,28207
פתח תקווה,הדר המושבות החדשה,307,פתח תקווה,הדר המושבות החדשה,שרגא רפאלי 8,145,2023,3500000,7209-21-62,דירה בבית,5,24138
פתח תקווה,הדר המושבות החדשה,308,פתח תקווה,הדר המושבות החדשה,משה סנה 24,75.9,2023,2270000,6360-298-66,דירה בבית,3,29908
פתח תקווה,הדר המושבות החדשה,309,פתח תקווה,הדר המושבות החדשה,אריה בראון 6,122,2023,3492000,6360-238-8,דירה בבית,5,28623
פתח תקווה,הדר המושבות החדשה,312,פתח תקווה,הדר המושבות החדשה,בן חור 2,92.6,2023,2490000,6357-87-42,דירה בבית,4,26890
פתח תקווה,הדר המושבות החדשה,313,פתח תקווה,הדר המושבות החדשה,רבקה גובר 3,131.25,2023,3600000,7209-19-102,דירה בבית,5,27429
פתח תקווה,הדר המושבות החדשה,314,פתח תקווה,הדר המושבות החדשה,יוני נתניהו 11,111,2023,3350000,6357-55-51,דירה בבית,4.5,30180
פתח תקווה,הדר המושבות החדשה,315,פתח תקווה,הדר המושבות החדשה,יוני נתניהו 13,127.1,2023,3300000,6357-54-32,דירה בבית,5,25964
פתח תקווה,הדר המושבות החדשה,316,פתח תקווה,הדר המושבות החדשה,אלוף רחבעם זאבי 4,111.66,2023,2980000,6360-242-47,דירה בבית,4,26688
פתח תקווה,הדר המושבות החדשה,317,פתח תקווה,הדר המושבות החדשה,איסר הראל 5,110.6,2023,3090000,6360-211-85,דירה בבית,5,27939
פתח תקווה,הדר המושבות החדשה,318,פתח תקווה,הדר המושבות החדשה,שרגא רפאלי 14,103.76,2023,2750000,7209-22-194,דירה בבית,4,26503
פתח תקווה,הדר המושבות החדשה,320,פתח תקווה,הדר המושבות החדשה,יעל רום 12,108.86,2023,3000000,6360-279-33,דירה בבית,4,27558
פתח תקווה,הדר המושבות החדשה,321,פתח תקווה,הדר המושבות החדשה,מבצע יפתח 8,111.6,2023,1536000,6361-533-63,דירה בבית,4.5,13763
פתח תקווה,הדר המושבות החדשה,322,פתח תקווה,הדר המושבות החדשה,משה סנה 22,81,2023,2430000,6360-298-8,דירה בבית,3,30000
פתח תקווה,הדר המושבות החדשה,323,פתח תקווה,הדר המושבות החדשה,מבצע יפתח 10,118,2023,3300000,6361-479-19,דירה בבית,5,27966
פתח תקווה,הדר המושבות החדשה,324,פתח תקווה,הדר המושבות החדשה,אריה בראון 6,122,2023,3660000,6360-238-9,דירה בבית,5,30000
פתח תקווה,הדר המושבות החדשה,325,פתח תקווה,הדר המושבות החדשה,שרגא רפאלי 20,139,2023,2700000,7209-26-40,דירה בבית,5,19424
פתח תקווה,הדר המושבות החדשה,326,פתח תקווה,הדר המושבות החדשה,איתן רפאל 4,115,2023,2944000,6357-136-10,דירה בבית,4,25600
פתח תקווה,הדר המושבות החדשה,327,פתח תקווה,הדר המושבות החדשה,מבצע חורב 11,93.41,2023,2580000,6361-532-8,דירה בבית,4,27620
פתח תקווה,הדר המושבות החדשה,328,פתח תקווה,הדר המושבות החדשה,משה סנה 14,109.95,2023,3150000,6360-281-129,דירה בבית,5,28649
פתח תקווה,הדר המושבות החדשה,329,פתח תקווה,הדר המושבות החדשה,יוני נתניהו 10,128,2023,3020000,6357-103-22,דירה בבית,5,23594
פתח תקווה,הדר המושבות החדשה,330,פתח תקווה,הדר המושבות החדשה,בן חור 12,174,2023,6796000,6357-52-40,דירה בבית,6,39057
פתח תקווה,הדר המושבות החדשה,331,פתח תקווה,הדר המושבות החדשה,יעל רום 5,137.3,2023,4250000,6360-305-75,דירה בבית,6,30954
פתח תקווה,הדר המושבות החדשה,332,פתח תקווה,הדר המושבות החדשה,שרגא רפאלי 8,123,2023,3480000,7209-21-64,דירה בבית,5,28293
פתח תקווה,הדר המושבות החדשה,333,פתח תקווה,הדר המושבות החדשה,רבקה גובר 9,104.84,2023,3080000,7209-22-300,דירה בבית,4,29378
פתח תקווה,הדר המושבות החדשה,334,פתח תקווה,הדר המושבות החדשה,רבקה גובר 3,125,2023,3100000,7209-19-72,דירה בבית,5,24800
פתח תקווה,הדר המושבות החדשה,335,פתח תקווה,הדר המושבות החדשה,מבצע יפתח 8,111.6,2023,2747400,6361-533-28,דירה בבית,4,24618
פתח תקווה,הדר המושבות החדשה,336,פתח תקווה,הדר המושבות החדשה,מבצע יפתח 2,111.6,2023,2820000,6361-529-126,דירה בבית,4.5,25269
פתח תקווה,הדר המושבות החדשה,337,פתח תקווה,הדר המושבות החדשה,משה סנה 18,115.25,2023,3165000,6360-284-67,דירה בבית,5,27462
פתח תקווה,הדר המושבות החדשה,338,פתח תקווה,הדר המושבות החדשה,בן חור 15,111.22,2023,2890000,6360-191-48,דירה בבית,4,25985
פתח תקווה,הדר המושבות החדשה,339,פתח תקווה,הדר המושבות החדשה,0,135,2023,3830000,6357-53-48,דירה בבית,6,28370
פתח תקווה,הדר המושבות החדשה,341,פתח תקווה,הדר המושבות החדשה,משה סנה 20,121,2023,3526000,6360-284-113,דירה בבית,5,29140
פתח תקווה,הדר המושבות החדשה,342,פתח תקווה,הדר המושבות החדשה,שרגא רפאלי 9,123.69,2023,3100000,6357-104-59,דירה בבית,5,25063
פתח תקווה,הדר המושבות החדשה,343,פתח תקווה,הדר המושבות החדשה,משה פלד 3,126,2023,3450000,6360-227-19,דירה בבית,5,27381
פתח תקווה,הדר המושבות החדשה,344,פתח תקווה,הדר המושבות החדשה,מבצע יפתח 8,111.6,2023,3020000,6361-533-39,דירה בבית,4.5,27061
פתח תקווה,הדר המושבות החדשה,345,פתח תקווה,הדר המושבות החדשה,0,122.76,2023,3616000,6360-233-8,דירה בבית,5,29456
פתח תקווה,הדר המושבות החדשה,347,פתח תקווה,הדר המושבות החדשה,אלוף רחבעם זאבי 9,117.75,2023,3000000,6360-192-96,דירה בבית,5,25478
פתח תקווה,הדר המושבות החדשה,348,פתח תקווה,הדר המושבות החדשה,יעל רום 18,79.35,2023,2530000,6360-300-5,דירה בבית,4,31884
פתח תקווה,הדר המושבות החדשה,349,פתח תקווה,הדר המושבות החדשה,יעל רום 19,75.75,2023,2435000,6360-296-38,דירה בבית,3,32145
פתח תקווה,הדר המושבות החדשה,350,פתח תקווה,הדר המושבות החדשה,משה סנה 33,120.9,2023,3375000,6360-299-17,דירה בבית,5,27916
פתח תקווה,הדר המושבות החדשה,351,פתח תקווה,הדר המושבות החדשה,יעל רום 3,132.45,2023,3000000,6360-277-112,דירה בבית,5,22650
פתח תקווה,הדר המושבות החדשה,352,פתח תקווה,הדר המושבות החדשה,שרגא רפאלי 8,143,2023,3950000,7209-21-65,דירה בבית,6,27622
פתח תקווה,הדר המושבות החדשה,353,פתח תקווה,הדר המושבות החדשה,רבקה גובר 3,143.95,2023,3820000,7209-19-83,דירה בבית,6,26537
פתח תקווה,הדר המושבות החדשה,354,פתח תקווה,הדר המושבות החדשה,רבקה גובר 3,126.45,2023,3412000,7209-19-92,דירה בבית,5,26983
פתח תקווה,הדר המושבות החדשה,356,פתח תקווה,הדר המושבות החדשה,יעל רום 17,95.3,2023,2930000,6360-179-45,דירה בבית,4,30745
פתח תקווה,הדר המושבות החדשה,357,פתח תקווה,הדר המושבות החדשה,שרגא רפאלי 8,143,2023,4060000,7209-21-66,דירה בבית,6,28392
פתח תקווה,הדר המושבות החדשה,359,פתח תקווה,הדר המושבות החדשה,איתן רפאל 4,102,2023,2645000,6357-136-9,דירה בבית,4,25931
פתח תקווה,הדר המושבות החדשה,360,פתח תקווה,הדר המושבות החדשה,מבצע יפתח 6,169.3,2023,5377700,6361-529-82,דירה בבית,6,31764
פתח תקווה,הדר המושבות החדשה,361,פתח תקווה,הדר המושבות החדשה,רבקה גובר 9,103.33,2023,3000000,7209-22-219,דירה בבית,4,29033
פתח תקווה,הדר המושבות החדשה,362,פתח תקווה,הדר המושבות החדשה,שרגא רפאלי 10,90.02,2023,2720000,7209-22-54,דירה בבית,4,30216
פתח תקווה,הדר המושבות החדשה,363,פתח תקווה,הדר המושבות החדשה,יעל רום 18,79.35,2023,2670000,6360-300-17,דירה בבית,4,33648
פתח תקווה,הדר המושבות החדשה,364,פתח תקווה,הדר המושבות החדשה,יוני נתניהו 9,107.88,2023,3420000,6357-55-16,דירה בבית,5,31702
פתח תקווה,הדר המושבות החדשה,365,פתח תקווה,הדר המושבות החדשה,רבקה גובר 3,131.25,2023,3565000,7209-19-94,דירה בבית,5,27162
פתח תקווה,הדר המושבות החדשה,366,פתח תקווה,הדר המושבות החדשה,שרגא רפאלי 8,146,2023,4100000,7209-21-67,דירה בבית,6,28082
פתח תקווה,הדר המושבות החדשה,367,פתח תקווה,הדר המושבות החדשה,שרגא רפאלי 14,99.67,2023,2775000,7209-22-148,דירה בבית,4.5,27842
פתח תקווה,הדר המושבות החדשה,369,פתח תקווה,הדר המושבות החדשה,יעל רום 7,120.1,2023,3450000,6360-305-110,דירה בבית,5,28726
פתח תקווה,הדר המושבות החדשה,370,פתח תקווה,הדר המושבות החדשה,שרגא רפאלי 8,123,2023,3670000,7209-21-68,דירה בבית,5,29837
פתח תקווה,הדר המושבות החדשה,372,פתח תקווה,הדר המושבות החדשה,רבקה גובר 7,99.7,2023,3125000,7209-22-391,דירה בבית,4,31344
פתח תקווה,הדר המושבות החדשה,373,פתח תקווה,הדר המושבות החדשה,יעל רום 13,113.4,2023,3330000,6360-283-6,דירה בבית,5,29365
פתח תקווה,הדר המושבות החדשה,374,פתח תקווה,הדר המושבות החדשה,שרגא רפאלי 3,92.7,2023,2250000,6357-80-119,דירה בבית,4,24272
פתח תקווה,הדר המושבות החדשה,375,פתח תקווה,הדר המושבות החדשה,איתן רפאל 1,136,2023,3570000,6357-129-4,דירה בבית,5.5,26250
פתח תקווה,הדר המושבות החדשה,376,פתח תקווה,הדר המושבות החדשה,שרגא רפאלי 8,123,2023,3600000,7209-21-69,דירה בבית,5,29268
פתח תקווה,הדר המושבות החדשה,378,פתח תקווה,הדר המושבות החדשה,משה סנה 28,101.7,2023,2750000,6360-296-89,דירה בבית,4,27040
פתח תקווה,הדר המושבות החדשה,379,פתח תקווה,הדר המושבות החדשה,אלוף רחבעם זאבי 9,95.44,2023,3065000,6360-192-20,דירה בבית,4,32114
פתח תקווה,הדר המושבות החדשה,380,פתח תקווה,הדר המושבות החדשה,יעל רום 9,104.3,2023,2850000,6360-306-116,דירה בבית,4,27325
פתח תקווה,הדר המושבות החדשה,381,פתח תקווה,הדר המושבות החדשה,אריה בראון 4,120.1,2023,3475000,6360-226-16,דירה בבית,5,28934
פתח תקווה,הדר המושבות החדשה,382,פתח תקווה,הדר המושבות החדשה,שרגא רפאלי 10,74.98,2023,2520000,7209-22-61,דירה בבית,3,33609
פתח תקווה,הדר המושבות החדשה,383,פתח תקווה,הדר המושבות החדשה,יעל רום 14,76.5,2023,2580000,6360-280-3,דירה בבית,3,33725
פתח תקווה,הדר המושבות החדשה,384,פתח תקווה,הדר המושבות החדשה,איתן רפאל 4,130,2023,3650000,6357-136-8,דירה בבית,5,28077
פתח תקווה,הדר המושבות החדשה,385,פתח תקווה,הדר המושבות החדשה,איתן רפאל 4,174,2023,4450000,6357-136-7,דירה בבית,6,25575
פתח תקווה,הדר המושבות החדשה,386,פתח תקווה,הדר המושבות החדשה,יוני נתניהו 11,125.57,2023,3995000,6357-55-73,דירה בבית,6,31815
פתח תקווה,הדר המושבות החדשה,387,פתח תקווה,הדר המושבות החדשה,0,122.77,2023,3600000,6360-233-13,דירה בבית,5,29323
פתח תקווה,הדר המושבות החדשה,388,פתח תקווה,הדר המושבות החדשה,שרגא רפאלי 14,89.51,2023,2690000,7209-22-158,דירה בבית,4,30053
פתח תקווה,הדר המושבות החדשה,389,פתח תקווה,הדר המושבות החדשה,שרגא רפאלי 8,123,2023,3565000,7209-21-70,דירה בבית,5,28984
פתח תקווה,הדר המושבות החדשה,391,פתח תקווה,הדר המושבות החדשה,שרגא רפאלי 8,123,2023,3565000,7209-21-71,דירה בבית,5,28984
פתח תקווה,הדר המושבות החדשה,393,פתח תקווה,הדר המושבות החדשה,מבצע יפתח 2,111.6,2023,2850000,6361-529-98,דירה בבית,4.5,25538
פתח תקווה,הדר המושבות החדשה,394,פתח תקווה,הדר המושבות החדשה,אריה בראון 6,143,2023,3740000,6360-238-10,דירה בבית,5,26154
פתח תקווה,הדר המושבות החדשה,395,פתח תקווה,הדר המושבות החדשה,שרגא רפאלי 11,110.54,2023,3100000,7209-41-37,דירה בבית,4,28044
פתח תקווה,הדר המושבות החדשה,396,פתח תקווה,הדר המושבות החדשה,0,111,2023,2920000,6360-232-6,דירה בבית,4,26306
פתח תקווה,הדר המושבות החדשה,397,פתח תקווה,הדר המושבות החדשה,משה סנה 41,92,2023,2960000,6360-187-48,דירה בבית,4,32174
פתח תקווה,הדר המושבות החדשה,398,פתח תקווה,הדר המושבות החדשה,משה סנה 26,100.25,2023,2710000,6360-298-77,דירה בבית,4,27032
פתח תקווה,הדר המושבות החדשה,399,פתח תקווה,הדר המושבות החדשה,אריה בראון 22,116.1,2023,1600000,6360-243-63,דירה בבית,5,13781
פתח תקווה,הדר המושבות החדשה,400,פתח תקווה,הדר המושבות החדשה,שרגא רפאלי 8,145,2023,4045000,7209-21-72,דירה בבית,6,27897
פתח תקווה,הדר המושבות החדשה,402,פתח תקווה,הדר המושבות החדשה,יעל רום 12,121.05,2023,3030000,6360-279-62,דירה בבית,5,25031
פתח תקווה,הדר המושבות החדשה,403,פתח תקווה,הדר המושבות החדשה,בן חור 7,124.37,2023,4050000,6360-312-50,דירה בבית,6,32564
פתח תקווה,הדר המושבות החדשה,404,פתח תקווה,הדר המושבות החדשה,יוני נתניהו 9,113.32,2023,3500000,6357-55-4,דירה בבית,5,30886
פתח תקווה,הדר המושבות החדשה,405,פתח תקווה,הדר המושבות החדשה,מבצע יפתח 2,96.2,2023,3045000,6361-529-246,דירה בבית,4,31653
פתח תקווה,הדר המושבות החדשה,406,פתח תקווה,הדר המושבות החדשה,יעל רום 1,109.5,2023,2900000,6360-277-8,דירה בבית,4,26484
פתח תקווה,הדר המושבות החדשה,407,פתח תקווה,הדר המושבות החדשה,שרגא רפאלי 11,109.42,2023,3091000,7209-41-58,דירה בבית,4,28249
פתח תקווה,הדר המושבות החדשה,408,פתח תקווה,הדר המושבות החדשה,שרגא רפאלי 8,145,2023,4040000,7209-21-73,דירה בבית,6,27862
פתח תקווה,הדר המושבות החדשה,410,פתח תקווה,הדר המושבות החדשה,שרגא רפאלי 14,109.35,2023,2950000,7209-22-166,דירה בבית,4,26978
פתח תקווה,הדר המושבות החדשה,411,פתח תקווה,הדר המושבות החדשה,שרגא רפאלי 10,105.22,2023,2890000,7209-22-21,דירה בבית,4,27466
פתח תקווה,הדר המושבות החדשה,412,פתח תקווה,הדר המושבות החדשה,שרגא רפאלי 10,108.95,2023,2750000,7209-22-74,דירה בבית,5,25241
פתח תקווה,הדר המושבות החדשה,413,פתח תקווה,הדר המושבות החדשה,שרגא רפאלי 8,195,2023,4150000,7209-21-74,דירה בבית,5,21282
פתח תקווה,הדר המושבות החדשה,416,פתח תקווה,הדר המושבות החדשה,אריה בראון 6,121,2023,3720000,6360-238-11,דירה בבית,5,30744
פתח תקווה,הדר המושבות החדשה,417,פתח תקווה,הדר המושבות החדשה,מבצע יפתח 8,111.6,2023,3100000,6361-533-67,דירה בבית,4.5,27778
פתח תקווה,הדר המושבות החדשה,418,פתח תקווה,הדר המושבות החדשה,שרגא רפאלי 8,143,2023,4080000,7209-21-76,דירה בבית,6,28531
פתח תקווה,הדר המושבות החדשה,420,פתח תקווה,הדר המושבות החדשה,שרגא רפאלי 14,99.67,2023,3020000,7209-22-178,דירה בבית,4.5,30300
פתח תקווה,הדר המושבות החדשה,421,פתח תקווה,הדר המושבות החדשה,אריה בראון 6,142,2023,3680000,6360-238-12,דירה בבית,5,25915
פתח תקווה,הדר המושבות החדשה,422,פתח תקווה,הדר המושבות החדשה,יעל רום 4,115.1,2023,2935000,6376-261-9,דירה בבית,4,25500
פתח תקווה,הדר המושבות החדשה,423,פתח תקווה,הדר המושבות החדשה,אריה בראון 6,163,2023,4190000,6360-238-13,דירה בבית,6,25706
פתח תקווה,הדר המושבות החדשה,424,פתח תקווה,הדר המושבות החדשה,שרגא רפאלי 8,144,2023,4020000,7209-21-77,דירה בבית,6,27917
פתח תקווה,הדר המושבות החדשה,425,פתח תקווה,הדר המושבות החדשה,אריה בראון 6,144,2023,3730000,6360-238-14,דירה בבית,5,25903
פתח תקווה,הדר המושבות החדשה,426,פתח תקווה,הדר המושבות החדשה,יעל רום 12,110.98,2023,3550000,6360-279-72,דירה בבית,5,31988
פתח תקווה,הדר המושבות החדשה,428,פתח תקווה,הדר המושבות החדשה,אריה בראון 6,162,2023,4135000,6360-238-15,דירה בבית,5,25525
פתח תקווה,הדר המושבות החדשה,429,פתח תקווה,הדר המושבות החדשה,משה סנה 14,109.95,2023,3070000,6360-281-137,דירה בבית,5,27922
פתח תקווה,הדר המושבות החדשה,430,פתח תקווה,הדר המושבות החדשה,משה סנה 14,92.1,2023,2930000,6360-281-99,דירה בבית,4,31813
פתח תקווה,הדר המושבות החדשה,431,פתח תקווה,הדר המושבות החדשה,אריה בראון 6,145,2023,3670000,6360-238-16,דירה בבית,5,25310
פתח תקווה,הדר המושבות החדשה,432,פתח תקווה,הדר המושבות החדשה,יעל רום 4,154.5,2023,3970000,6376-261-101,דירה בבית,6,25696
פתח תקווה,הדר המושבות החדשה,433,פתח תקווה,הדר המושבות החדשה,רבקה גובר 7,99.2,2023,3125000,7209-22-370,דירה בבית,4,31502
פתח תקווה,הדר המושבות החדשה,434,פתח תקווה,הדר המושבות החדשה,אריה בראון 6,156,2023,4010000,6360-238-17,דירה בבית,6,25705
פתח תקווה,הדר המושבות החדשה,435,פתח תקווה,הדר המושבות החדשה,איתן רפאל 1,134,2023,3600000,6357-129-3,דירה בבית,5.5,26866
פתח תקווה,הדר המושבות החדשה,436,פתח תקווה,הדר המושבות החדשה,יעל רום 1,109.5,2023,2860000,6360-277-39,דירה בבית,4,26119
פתח תקווה,הדר המושבות החדשה,437,פתח תקווה,הדר המושבות החדשה,יעל רום 16,152.7,2023,4800000,6360-318-60,דירה בבית,5,31434
פתח תקווה,הדר המושבות החדשה,438,פתח תקווה,הדר המושבות החדשה,בן חור 5,122.59,2023,4230000,6360-312-178,דירה בבית,6,34505
פתח תקווה,הדר המושבות החדשה,439,פתח תקווה,הדר המושבות החדשה,אריה בראון 6,245,2023,6800000,6360-238-18,דירה בבית,6,27755
פתח תקווה,הדר המושבות החדשה,440,פתח תקווה,הדר המושבות החדשה,איסר הראל 6,98.1,2023,2820000,6360-188-14,דירה בבית,4,28746
פתח תקווה,הדר המושבות החדשה,441,פתח תקווה,הדר המושבות החדשה,יעל רום 22,100.55,2023,2930000,6360-300-105,דירה בבית,4,29140
פתח תקווה,הדר המושבות החדשה,442,פתח תקווה,הדר המושבות החדשה,אריה בראון 6,160,2023,4140000,6360-238-19,דירה בבית,6,25875
פתח תקווה,הדר המושבות החדשה,443,פתח תקווה,הדר המושבות החדשה,0,133.5,2023,3600000,6360-198-26,דירה בבית,5,26966
פתח תקווה,הדר המושבות החדשה,444,פתח תקווה,הדר המושבות החדשה,יעל רום 12,124.65,2023,3060000,6360-279-3,דירה בבית,5,24549
פתח תקווה,הדר המושבות החדשה,445,פתח תקווה,הדר המושבות החדשה,אריה בראון 6,160,2023,4195000,6360-238-20,דירה בבית,6,26219
פתח תקווה,הדר המושבות החדשה,446,פתח תקווה,הדר המושבות החדשה,יעל רום 16,122.3,2023,3230000,6360-318-64,דירה בבית,4,26410
פתח תקווה,הדר המושבות החדשה,447,פתח תקווה,הדר המושבות החדשה,אריה בראון 22,97.2,2023,3050000,6360-243-15,דירה בבית,4,31379
פתח תקווה,הדר המושבות החדשה,448,פתח תקווה,הדר המושבות החדשה,אריה בראון 6,244,2023,6600000,6360-238-21,דירה בבית,5,27049
פתח תקווה,הדר המושבות החדשה,449,פתח תקווה,הדר המושבות החדשה,יעל רום 2,134.67,2023,4575000,6376-260-78,דירה בבית,5,33972
פתח תקווה,הדר המושבות החדשה,450,פתח תקווה,הדר המושבות החדשה,0,110.8,2023,3000000,6360-198-71,דירה בבית,4,27076
פתח תקווה,הדר המושבות החדשה,451,פתח תקווה,הדר המושבות החדשה,אריה בראון 6,186,2023,4050000,6360-238-23,דירה בבית,6,21774
פתח תקווה,הדר המושבות החדשה,452,פתח תקווה,הדר המושבות החדשה,בן חור 12,135.35,2023,3720000,6357-52-4,דירה בבית,6,27484
פתח תקווה,הדר המושבות החדשה,453,פתח תקווה,הדר המושבות החדשה,יעל רום 22,104.5,2023,2400000,6360-300-137,דירה בבית,4,22967
פתח תקווה,הדר המושבות החדשה,454,פתח תקווה,הדר המושבות החדשה,מבצע חורב 5,102.77,2023,2850000,6361-528-70,דירה בבית,4,27732
פתח תקווה,הדר המושבות החדשה,455,פתח תקווה,הדר המושבות החדשה,אריה בראון 6,154,2023,4080000,6360-238-25,דירה בבית,6,26494
פתח תקווה,הדר המושבות החדשה,456,פתח תקווה,הדר המושבות החדשה,אריה בראון 6,201,2022,5450000,6360-238-26,דירה בבית,6,27114
פתח תקווה,הדר המושבות החדשה,457,פתח תקווה,הדר המושבות החדשה,בן חור 2,94.95,2022,2800000,6357-87-27,דירה בבית,4,29489
פתח תקווה,הדר המושבות החדשה,459,פתח תקווה,הדר המושבות החדשה,אריה בראון 6,134,2022,4030000,6360-238-27,דירה בבית,6,30075
פתח תקווה,הדר המושבות החדשה,461,פתח תקווה,הדר המושבות החדשה,איתן רפאל 2,105.95,2022,3275000,6360-172-10,דירה בבית,4.5,30911
פתח תקווה,הדר המושבות החדשה,462,פתח תקווה,הדר המושבות החדשה,אלוף רחבעם זאבי 4,111.66,2022,3300000,6360-242-55,דירה בבית,4,29554
פתח תקווה,הדר המושבות החדשה,463,פתח תקווה,הדר המושבות החדשה,יעל רום 19,98.15,2022,2950000,6360-296-47,דירה בבית,4,30056
פתח תקווה,הדר המושבות החדשה,464,פתח תקווה,הדר המושבות החדשה,משה סנה 20,82.1,2022,2500000,6360-284-147,דירה בבית,3,30451
פתח תקווה,הדר המושבות החדשה,465,פתח תקווה,הדר המושבות החדשה,יוני נתניהו 10,126,2022,3100000,6357-103-21,דירה בבית,5,24603
פתח תקווה,הדר המושבות החדשה,466,פתח תקווה,הדר המושבות החדשה,יעל רום 3,132.45,2022,3400000,6360-277-104,דירה בבית,5,25670
פתח תקווה,הדר המושבות החדשה,467,פתח תקווה,הדר המושבות החדשה,יעל רום 22,100.55,2022,2850000,6360-300-142,דירה בבית,4,28344
פתח תקווה,הדר המושבות החדשה,468,פתח תקווה,הדר המושבות החדשה,איתן רפאל 4,115,2022,3190000,6357-136-6,דירה בבית,4.5,27739
פתח תקווה,הדר המושבות החדשה,469,פתח תקווה,הדר המושבות החדשה,יעל רום 4,151.35,2022,2060000,6376-261-58,דירה בבית,5,13611
פתח תקווה,הדר המושבות החדשה,470,פתח תקווה,הדר המושבות החדשה,יוני נתניהו 8,127.25,2022,4125000,6357-58-9,דירה בבית,6,32417
פתח תקווה,הדר המושבות החדשה,471,פתח תקווה,הדר המושבות החדשה,שרגא רפאלי 8,143,2022,4120000,7209-21-78,דירה בבית,6,28811
פתח תקווה,הדר המושבות החדשה,472,פתח תקווה,הדר המושבות החדשה,מבצע חורב 13,100,2022,2400000,6361-479-18,דירה בבית,4,24000
פתח תקווה,הדר המושבות החדשה,473,פתח תקווה,הדר המושבות החדשה,אריה בראון 22,179.4,2022,5200000,6360-243-1,דירת גן,6,28986
פתח תקווה,הדר המושבות החדשה,474,פתח תקווה,הדר המושבות החדשה,אריה בראון 22,96.5,2022,2800000,6360-243-37,דירה בבית,4,29016
פתח תקווה,הדר המושבות החדשה,475,פתח תקווה,הדר המושבות החדשה,איסר הראל 1,125.4,2022,3400000,6360-185-18,דירה בבית,5,27113
פתח תקווה,הדר המושבות החדשה,476,פתח תקווה,הדר המושבות החדשה,שרגא רפאלי 14,94.54,2022,2840000,7209-22-121,דירה בבית,4,30040
פתח תקווה,הדר המושבות החדשה,477,פתח תקווה,הדר המושבות החדשה,איסר הראל 6,95.05,2022,3080000,6360-188-23,דירה בבית,4.5,32404
פתח תקווה,הדר המושבות החדשה,478,פתח תקווה,הדר המושבות החדשה,אלוף רחבעם זאבי 9,107.31,2022,3120000,6360-192-61,דירה בבית,4.5,29075
פתח תקווה,הדר המושבות החדשה,479,פתח תקווה,הדר המושבות החדשה,איסר הראל 6,76.95,2022,2545400,6360-188-4,דירה בבית,3,33079
פתח תקווה,הדר המושבות החדשה,480,פתח תקווה,הדר המושבות החדשה,מבצע יפתח 6,121.7,2022,3125000,6361-529-9,דירה בבית,5,25678
פתח תקווה,הדר המושבות החדשה,481,פתח תקווה,הדר המושבות החדשה,בן חור 10,125.32,2022,4280000,6357-51-30,דירה בבית,6,34153
פתח תקווה,הדר המושבות החדשה,482,פתח תקווה,הדר המושבות החדשה,איתן רפאל 2,113.3,2022,3300000,6360-172-27,דירה בבית,5,29126
פתח תקווה,הדר המושבות החדשה,483,פתח תקווה,הדר המושבות החדשה,יעל רום 1,109.5,2022,3000000,6360-277-27,דירה בבית,4,27397
פתח תקווה,הדר המושבות החדשה,484,פתח תקווה,הדר המושבות החדשה,רבקה גובר 7,104.07,2022,3190000,7209-22-320,דירה בבית,4,30652
פתח תקווה,הדר המושבות החדשה,485,פתח תקווה,הדר המושבות החדשה,יעל רום 9,103.95,2022,3000000,6360-306-115,דירה בבית,4,28860
פתח תקווה,הדר המושבות החדשה,487,פתח תקווה,הדר המושבות החדשה,איסר הראל 6,124.7,2022,3500000,6360-188-62,דירה בבית,5.5,28067
פתח תקווה,הדר המושבות החדשה,489,פתח תקווה,הדר המושבות החדשה,יעל רום 3,132.45,2022,3400000,6360-277-116,דירה בבית,5,25670
פתח תקווה,הדר המושבות החדשה,490,פתח תקווה,הדר המושבות החדשה,שרגא רפאלי 18,138,2022,3450000,7209-26-39,דירה בבית,5,25000
פתח תקווה,הדר המושבות החדשה,491,פתח תקווה,הדר המושבות החדשה,שרגא רפאלי 10,74.98,2022,2650000,7209-22-73,דירה בבית,3,35343
פתח תקווה,הדר המושבות החדשה,492,פתח תקווה,הדר המושבות החדשה,רבקה גובר 9,117.15,2022,3350000,7209-22-218,דירה בבית,5,28596
פתח תקווה,הדר המושבות החדשה,493,פתח תקווה,הדר המושבות החדשה,משה סנה 14,89,2022,2840000,6360-281-124,דירה בבית,4,31910
פתח תקווה,הדר המושבות החדשה,494,פתח תקווה,הדר המושבות החדשה,רבקה גובר 7,95.8,2022,2800000,7209-22-309,דירה בבית,4,29228
פתח תקווה,הדר המושבות החדשה,495,פתח תקווה,הדר המושבות החדשה,משה סנה 12,103.2,2022,743000,6360-281-61,דירה בבית,4,7200
פתח תקווה,הדר המושבות החדשה,496,פתח תקווה,הדר המושבות החדשה,משה סנה 41,92,2022,2915000,6360-187-36,דירה בבית,4,31685
פתח תקווה,הדר המושבות החדשה,497,פתח תקווה,הדר המושבות החדשה,יעל רום 16,129.45,2022,3600000,6360-318-37,דירה בבית,5,27810
פתח תקווה,הדר המושבות החדשה,498,פתח תקווה,הדר המושבות החדשה,משה סנה 39,109.4,2022,3480000,6360-314-49,דירה בבית,5,31810
פתח תקווה,הדר המושבות החדשה,499,פתח תקווה,הדר המושבות החדשה,שרגא רפאלי 8,143,2022,4040000,7209-21-79,דירה בבית,6,28252
פתח תקווה,הדר המושבות החדשה,500,פתח תקווה,הדר המושבות החדשה,מבצע יפתח 2,101.3,2022,2980000,6361-529-207,דירה בבית,4,29418
פתח תקווה,הדר המושבות החדשה,992,פתח תקווה,הדר המושבות החדשה,שרגא רפאלי 11,157.29,2020,2300000,7209-41-88,דירה בבית,5,14623
פתח תקווה,הדר המושבות החדשה,993,פתח תקווה,הדר המושבות החדשה,0,124,2020,2410000,6360-196-2,דירה בבית,5,19435
פתח תקווה,הדר המושבות החדשה,994,פתח תקווה,הדר המושבות החדשה,0,102,2020,1975000,6357-4-67,דירה בבית,4,19363
פתח תקווה,הדר המושבות החדשה,995,פתח תקווה,הדר המושבות החדשה,יעל רום 4,166.85,2020,3120000,6376-261-59,דירה בבית,6,18699
פתח תקווה,הדר המושבות החדשה,996,פתח תקווה,הדר המושבות החדשה,משה פלד 1,150,2020,3889000,6360-225-12,דירה בבית,6,25927
פתח תקווה,הדר המושבות החדשה,997,פתח תקווה,הדר המושבות החדשה,רבקה גובר 7,103.9,2020,2100000,7209-22-310,דירה בבית,4,20212
פתח תקווה,הדר המושבות החדשה,998,פתח תקווה,הדר המושבות החדשה,יעל רום 7,120.1,2020,2680000,6360-305-154,דירה בבית,5,22315
פתח תקווה,הדר המושבות החדשה,999,פתח תקווה,הדר המושבות החדשה,משה סנה 28,124.4,2020,2240000,6360-296-103,דירה בבית,5,18006
פתח תקווה,הדר המושבות החדשה,1000,פתח תקווה,הדר המושבות החדשה,יעל רום 12,121.57,2020,2299000,6360-279-4,דירה בבית,5,18911
פתח תקווה,הדר המושבות החדשה,992,פתח תקווה,הדר המושבות החדשה,שרגא רפאלי 11,157.29,2020,2300000,7209-41-88,דירה בבית,5,14623
פתח תקווה,הדר המושבות החדשה,993,פתח תקווה,הדר המושבות החדשה,0,124,2020,2410000,6360-196-2,דירה בבית,5,19435
פתח תקווה,הדר המושבות החדשה,994,פתח תקווה,הדר המושבות החדשה,0,102,2020,1975000,6357-4-67,דירה בבית,4,19363
פתח תקווה,הדר המושבות החדשה,995,פתח תקווה,הדר המושבות החדשה,יעל רום 4,166.85,2020,3120000,6376-261-59,דירה בבית,6,18699
פתח תקווה,הדר המושבות החדשה,996,פתח תקווה,הדר המושבות החדשה,משה פלד 1,150,2020,3889000,6360-225-12,דירה בבית,6,25927
פתח תקווה,הדר המושבות החדשה,997,פתח תקווה,הדר המושבות החדשה,רבקה גובר 7,103.9,2020,2100000,7209-22-310,דירה בבית,4,20212
פתח תקווה,הדר המושבות החדשה,998,פתח תקווה,הדר המושבות החדשה,יעל רום 7,120.1,2020,2680000,6360-305-154,דירה בבית,5,22315
פתח תקווה,הדר המושבות החדשה,999,פתח תקווה,הדר המושבות החדשה,משה סנה 28,124.4,2020,2240000,6360-296-103,דירה בבית,5,18006
פתח תקווה,הדר המושבות החדשה,1000,פתח תקווה,הדר המושבות החדשה,יעל רום 12,121.57,2020,2299000,6360-279-4,דירה בבית,5,18911
פתח תקווה,הדר המושבות החדשה,992,פתח תקווה,הדר המושבות החדשה,שרגא רפאלי 11,157.29,2020,2300000,7209-41-88,דירה בבית,5,14623
פתח תקווה,הדר המושבות החדשה,993,פתח תקווה,הדר המושבות החדשה,0,124,2020,2410000,6360-196-2,דירה בבית,5,19435
פתח תקווה,הדר המושבות החדשה,994,פתח תקווה,הדר המושבות החדשה,0,102,2020,1975000,6357-4-67,דירה בבית,4,19363
פתח תקווה,הדר המושבות החדשה,995,פתח תקווה,הדר המושבות החדשה,יעל רום 4,166.85,2020,3120000,6376-261-59,דירה בבית,6,18699
פתח תקווה,הדר המושבות החדשה,996,פתח תקווה,הדר המושבות החדשה,משה פלד 1,150,2020,3889000,6360-225-12,דירה בבית,6,25927
פתח תקווה,הדר המושבות החדשה,997,פתח תקווה,הדר המושבות החדשה,רבקה גובר 7,103.9,2020,2100000,7209-22-310,דירה בבית,4,20212
פתח תקווה,הדר המושבות החדשה,998,פתח תקווה,הדר המושבות החדשה,יעל רום 7,120.1,2020,2680000,6360-305-154,דירה בבית,5,22315
פתח תקווה,הדר המושבות החדשה,999,פתח תקווה,הדר המושבות החדשה,משה סנה 28,124.4,2020,2240000,6360-296-103,דירה בבית,5,18006
פתח תקווה,הדר המושבות החדשה,1000,פתח תקווה,הדר המושבות החדשה,יעל רום 12,121.57,2020,2299000,6360-279-4,דירה בבית,5,18911
פתח תקווה,הדר המושבות החדשה,992,פתח תקווה,הדר המושבות החדשה,שרגא רפאלי 11,157.29,2020,2300000,7209-41-88,דירה בבית,5,14623
פתח תקווה,הדר המושבות החדשה,993,פתח תקווה,הדר המושבות החדשה,0,124,2020,2410000,6360-196-2,דירה בבית,5,19435
פתח תקווה,הדר המושבות החדשה,994,פתח תקווה,הדר המושבות החדשה,0,102,2020,1975000,6357-4-67,דירה בבית,4,19363
פתח תקווה,הדר המושבות החדשה,995,פתח תקווה,הדר המושבות החדשה,יעל רום 4,166.85,2020,3120000,6376-261-59,דירה בבית,6,18699
פתח תקווה,הדר המושבות החדשה,996,פתח תקווה,הדר המושבות החדשה,משה פלד 1,150,2020,3889000,6360-225-12,דירה בבית,6,25927
פתח תקווה,הדר המושבות החדשה,997,פתח תקווה,הדר המושבות החדשה,רבקה גובר 7,103.9,2020,2100000,7209-22-310,דירה בבית,4,20212
פתח תקווה,הדר המושבות החדשה,998,פתח תקווה,הדר המושבות החדשה,יעל רום 7,120.1,2020,2680000,6360-305-154,דירה בבית,5,22315
פתח תקווה,הדר המושבות החדשה,999,פתח תקווה,הדר המושבות החדשה,משה סנה 28,124.4,2020,2240000,6360-296-103,דירה בבית,5,18006
פתח תקווה,הדר המושבות החדשה,1000,פתח תקווה,הדר המושבות החדשה,יעל רום 12,121.57,2020,2299000,6360-279-4,דירה בבית,5,18911
פתח תקווה,הדר המושבות החדשה,992,פתח תקווה,הדר המושבות החדשה,שרגא רפאלי 11,157.29,2020,2300000,7209-41-88,דירה בבית,5,14623
פתח תקווה,הדר המושבות החדשה,993,פתח תקווה,הדר המושבות החדשה,0,124,2020,2410000,6360-196-2,דירה בבית,5,19435
פתח תקווה,הדר המושבות החדשה,994,פתח תקווה,הדר המושבות החדשה,0,102,2020,1975000,6357-4-67,דירה בבית,4,19363
פתח תקווה,הדר המושבות החדשה,995,פתח תקווה,הדר המושבות החדשה,יעל רום 4,166.85,2020,3120000,6376-261-59,דירה בבית,6,18699
פתח תקווה,הדר המושבות החדשה,996,פתח תקווה,הדר המושבות החדשה,משה פלד 1,150,2020,3889000,6360-225-12,דירה בבית,6,25927
פתח תקווה,הדר המושבות החדשה,997,פתח תקווה,הדר המושבות החדשה,רבקה גובר 7,103.9,2020,2100000,7209-22-310,דירה בבית,4,20212
פתח תקווה,הדר המושבות החדשה,998,פתח תקווה,הדר המושבות החדשה,יעל רום 7,120.1,2020,2680000,6360-305-154,דירה בבית,5,22315
פתח תקווה,הדר המושבות החדשה,999,פתח תקווה,הדר המושבות החדשה,משה סנה 28,124.4,2020,2240000,6360-296-103,דירה בבית,5,18006
פתח תקווה,הדר המושבות החדשה,1000,פתח תקווה,הדר המושבות החדשה,יעל רום 12,121.57,2020,2299000,6360-279-4,דירה בבית,5,18911
פתח תקווה,הדר המושבות החדשה,992,פתח תקווה,הדר המושבות החדשה,שרגא רפאלי 11,157.29,2020,2300000,7209-41-88,דירה בבית,5,14623
פתח תקווה,הדר המושבות החדשה,993,פתח תקווה,הדר המושבות החדשה,0,124,2020,2410000,6360-196-2,דירה בבית,5,19435
פתח תקווה,הדר המושבות החדשה,994,פתח תקווה,הדר המושבות החדשה,0,102,2020,1975000,6357-4-67,דירה בבית,4,19363
פתח תקווה,הדר המושבות החדשה,995,פתח תקווה,הדר המושבות החדשה,יעל רום 4,166.85,2020,3120000,6376-261-59,דירה בבית,6,18699
פתח תקווה,הדר המושבות החדשה,996,פתח תקווה,הדר המושבות החדשה,משה פלד 1,150,2020,3889000,6360-225-12,דירה בבית,6,25927
פתח תקווה,הדר המושבות החדשה,997,פתח תקווה,הדר המושבות החדשה,רבקה גובר 7,103.9,2020,2100000,7209-22-310,דירה בבית,4,20212
פתח תקווה,הדר המושבות החדשה,998,פתח תקווה,הדר המושבות החדשה,יעל רום 7,120.1,2020,2680000,6360-305-154,דירה בבית,5,22315
פתח תקווה,הדר המושבות החדשה,999,פתח תקווה,הדר המושבות החדשה,משה סנה 28,124.4,2020,2240000,6360-296-103,דירה בבית,5,18006
פתח תקווה,הדר המושבות החדשה,1000,פתח תקווה,הדר המושבות החדשה,יעל רום 12,121.57,2020,2299000,6360-279-4,דירה בבית,5,18911
פתח תקווה,הדר המושבות החדשה,992,פתח תקווה,הדר המושבות החדשה,שרגא רפאלי 11,157.29,2020,2300000,7209-41-88,דירה בבית,5,14623
פתח תקווה,הדר המושבות החדשה,993,פתח תקווה,הדר המושבות החדשה,0,124,2020,2410000,6360-196-2,דירה בבית,5,19435
פתח תקווה,הדר המושבות החדשה,994,פתח תקווה,הדר המושבות החדשה,0,102,2020,1975000,6357-4-67,דירה בבית,4,19363
פתח תקווה,הדר המושבות החדשה,995,פתח תקווה,הדר המושבות החדשה,יעל רום 4,166.85,2020,3120000,6376-261-59,דירה בבית,6,18699
פתח תקווה,הדר המושבות החדשה,996,פתח תקווה,הדר המושבות החדשה,משה פלד 1,150,2020,3889000,6360-225-12,דירה בבית,6,25927
פתח תקווה,הדר המושבות החדשה,997,פתח תקווה,הדר המושבות החדשה,רבקה גובר 7,103.9,2020,2100000,7209-22-310,דירה בבית,4,20212
פתח תקווה,הדר המושבות החדשה,998,פתח תקווה,הדר המושבות החדשה,יעל רום 7,120.1,2020,2680000,6360-305-154,דירה בבית,5,22315
פתח תקווה,הדר המושבות החדשה,999,פתח תקווה,הדר המושבות החדשה,משה סנה 28,124.4,2020,2240000,6360-296-103,דירה בבית,5,18006
פתח תקווה,הדר המושבות החדשה,1000,פתח תקווה,הדר המושבות החדשה,יעל רום 12,121.57,2020,2299000,6360-279-4,דירה בבית,5,18911
פתח תקווה,הדר המושבות החדשה,992,פתח תקווה,הדר המושבות החדשה,שרגא רפאלי 11,157.29,2020,2300000,7209-41-88,דירה בבית,5,14623
פתח תקווה,הדר המושבות החדשה,993,פתח תקווה,הדר המושבות החדשה,0,124,2020,2410000,6360-196-2,דירה בבית,5,19435
פתח תקווה,הדר המושבות החדשה,994,פתח תקווה,הדר המושבות החדשה,0,102,2020,1975000,6357-4-67,דירה בבית,4,19363
פתח תקווה,הדר המושבות החדשה,995,פתח תקווה,הדר המושבות החדשה,יעל רום 4,166.85,2020,3120000,6376-261-59,דירה בבית,6,18699
פתח תקווה,הדר המושבות החדשה,996,פתח תקווה,הדר המושבות החדשה,משה פלד 1,150,2020,3889000,6360-225-12,דירה בבית,6,25927
פתח תקווה,הדר המושבות החדשה,997,פתח תקווה,הדר המושבות החדשה,רבקה גובר 7,103.9,2020,2100000,7209-22-310,דירה בבית,4,20212
פתח תקווה,הדר המושבות החדשה,998,פתח תקווה,הדר המושבות החדשה,יעל רום 7,120.1,2020,2680000,6360-305-154,דירה בבית,5,22315
פתח תקווה,הדר המושבות החדשה,999,פתח תקווה,הדר המושבות החדשה,משה סנה 28,124.4,2020,2240000,6360-296-103,דירה בבית,5,18006
פתח תקווה,הדר המושבות החדשה,1000,פתח תקווה,הדר המושבות החדשה,יעל רום 12,121.57,2020,2299000,6360-279-4,דירה בבית,5,18911
פתח תקווה,הדר המושבות החדשה,992,פתח תקווה,הדר המושבות החדשה,שרגא רפאלי 11,157.29,2020,2300000,7209-41-88,דירה בבית,5,14623
פתח תקווה,הדר המושבות החדשה,993,פתח תקווה,הדר המושבות החדשה,0,124,2020,2410000,6360-196-2,דירה בבית,5,19435
פתח תקווה,הדר המושבות החדשה,994,פתח תקווה,הדר המושבות החדשה,0,102,2020,1975000,6357-4-67,דירה בבית,4,19363
פתח תקווה,הדר המושבות החדשה,995,פתח תקווה,הדר המושבות החדשה,יעל רום 4,166.85,2020,3120000,6376-261-59,דירה בבית,6,18699
פתח תקווה,הדר המושבות החדשה,996,פתח תקווה,הדר המושבות החדשה,משה פלד 1,150,2020,3889000,6360-225-12,דירה בבית,6,25927
פתח תקווה,הדר המושבות החדשה,997,פתח תקווה,הדר המושבות החדשה,רבקה גובר 7,103.9,2020,2100000,7209-22-310,דירה בבית,4,20212
פתח תקווה,הדר המושבות החדשה,998,פתח תקווה,הדר המושבות החדשה,יעל רום 7,120.1,2020,2680000,6360-305-154,דירה בבית,5,22315
פתח תקווה,הדר המושבות החדשה,999,פתח תקווה,הדר המושבות החדשה,משה סנה 28,124.4,2020,2240000,6360-296-103,דירה בבית,5,18006
פתח תקווה,הדר המושבות החדשה,1000,פתח תקווה,הדר המושבות החדשה,יעל רום 12,121.57,2020,2299000,6360-279-4,דירה בבית,5,18911
פתח תקווה,הדר המושבות החדשה,992,פתח תקווה,הדר המושבות החדשה,שרגא רפאלי 11,157.29,2020,2300000,7209-41-88,דירה בבית,5,14623
פתח תקווה,הדר המושבות החדשה,993,פתח תקווה,הדר המושבות החדשה,0,124,2020,2410000,6360-196-2,דירה בבית,5,19435
פתח תקווה,הדר המושבות החדשה,994,פתח תקווה,הדר המושבות החדשה,0,102,2020,1975000,6357-4-67,דירה בבית,4,19363
פתח תקווה,הדר המושבות החדשה,995,פתח תקווה,הדר המושבות החדשה,יעל רום 4,166.85,2020,3120000,6376-261-59,דירה בבית,6,18699
פתח תקווה,הדר המושבות החדשה,996,פתח תקווה,הדר המושבות החדשה,משה פלד 1,150,2020,3889000,6360-225-12,דירה בבית,6,25927
פתח תקווה,הדר המושבות החדשה,997,פתח תקווה,הדר המושבות החדשה,רבקה גובר 7,103.9,2020,2100000,7209-22-310,דירה בבית,4,20212
פתח תקווה,הדר המושבות החדשה,998,פתח תקווה,הדר המושבות החדשה,יעל רום 7,120.1,2020,2680000,6360-305-154,דירה בבית,5,22315
פתח תקווה,הדר המושבות החדשה,999,פתח תקווה,הדר המושבות החדשה,משה סנה 28,124.4,2020,2240000,6360-296-103,דירה בבית,5,18006
פתח תקווה,הדר המושבות החדשה,1000,פתח תקווה,הדר המושבות החדשה,יעל רום 12,121.57,2020,2299000,6360-279-4,דירה בבית,5,18911
פתח תקווה,הדר המושבות החדשה,992,פתח תקווה,הדר המושבות החדשה,שרגא רפאלי 11,157.29,2020,2300000,7209-41-88,דירה בבית,5,14623
פתח תקווה,הדר המושבות החדשה,993,פתח תקווה,הדר המושבות החדשה,0,124,2020,2410000,6360-196-2,דירה בבית,5,19435
פתח תקווה,הדר המושבות החדשה,994,פתח תקווה,הדר המושבות החדשה,0,102,2020,1975000,6357-4-67,דירה בבית,4,19363
פתח תקווה,הדר המושבות החדשה,995,פתח תקווה,הדר המושבות החדשה,יעל רום 4,166.85,2020,3120000,6376-261-59,דירה בבית,6,18699
פתח תקווה,הדר המושבות החדשה,996,פתח תקווה,הדר המושבות החדשה,משה פלד 1,150,2020,3889000,6360-225-12,דירה בבית,6,25927
פתח תקווה,הדר המושבות החדשה,997,פתח תקווה,הדר המושבות החדשה,רבקה גובר 7,103.9,2020,2100000,7209-22-310,דירה בבית,4,20212
פתח תקווה,הדר המושבות החדשה,998,פתח תקווה,הדר המושבות החדשה,יעל רום 7,120.1,2020,2680000,6360-305-154,דירה בבית,5,22315
פתח תקווה,הדר המושבות החדשה,999,פתח תקווה,הדר המושבות החדשה,משה סנה 28,124.4,2020,2240000,6360-296-103,דירה בבית,5,18006
פתח תקווה,הדר המושבות החדשה,1000,פתח תקווה,הדר המושבות החדשה,יעל רום 12,121.57,2020,2299000,6360-279-4,דירה בבית,5,18911
פתח תקווה,הדר המושבות החדשה,992,פתח תקווה,הדר המושבות החדשה,שרגא רפאלי 11,157.29,2020,2300000,7209-41-88,דירה בבית,5,14623
פתח תקווה,הדר המושבות החדשה,993,פתח תקווה,הדר המושבות החדשה,0,124,2020,2410000,6360-196-2,דירה בבית,5,19435
פתח תקווה,הדר המושבות החדשה,994,פתח תקווה,הדר המושבות החדשה,0,102,2020,1975000,6357-4-67,דירה בבית,4,19363
פתח תקווה,הדר המושבות החדשה,995,פתח תקווה,הדר המושבות החדשה,יעל רום 4,166.85,2020,3120000,6376-261-59,דירה בבית,6,18699
פתח תקווה,הדר המושבות החדשה,996,פתח תקווה,הדר המושבות החדשה,משה פלד 1,150,2020,3889000,6360-225-12,דירה בבית,6,25927
פתח תקווה,הדר המושבות החדשה,997,פתח תקווה,הדר המושבות החדשה,רבקה גובר 7,103.9,2020,2100000,7209-22-310,דירה בבית,4,20212
פתח תקווה,הדר המושבות החדשה,998,פתח תקווה,הדר המושבות החדשה,יעל רום 7,120.1,2020,2680000,6360-305-154,דירה בבית,5,22315
פתח תקווה,הדר המושבות החדשה,999,פתח תקווה,הדר המושבות החדשה,משה סנה 28,124.4,2020,2240000,6360-296-103,דירה בבית,5,18006
פתח תקווה,הדר המושבות החדשה,1000,פתח תקווה,הדר המושבות החדשה,יעל רום 12,121.57,2020,2299000,6360-279-4,דירה בבית,5,18911
פתח תקווה,הדר המושבות החדשה,992,פתח תקווה,הדר המושבות החדשה,שרגא רפאלי 11,157.29,2020,2300000,7209-41-88,דירה בבית,5,14623
פתח תקווה,הדר המושבות החדשה,993,פתח תקווה,הדר המושבות החדשה,0,124,2020,2410000,6360-196-2,דירה בבית,5,19435
פתח תקווה,הדר המושבות החדשה,994,פתח תקווה,הדר המושבות החדשה,0,102,2020,1975000,6357-4-67,דירה בבית,4,19363
פתח תקווה,הדר המושבות החדשה,995,פתח תקווה,הדר המושבות החדשה,יעל רום 4,166.85,2020,3120000,6376-261-59,דירה בבית,6,18699
פתח תקווה,הדר המושבות החדשה,996,פתח תקווה,הדר המושבות החדשה,משה פלד 1,150,2020,3889000,6360-225-12,דירה בבית,6,25927
פתח תקווה,הדר המושבות החדשה,997,פתח תקווה,הדר המושבות החדשה,רבקה גובר 7,103.9,2020,2100000,7209-22-310,דירה בבית,4,20212
פתח תקווה,הדר המושבות החדשה,998,פתח תקווה,הדר המושבות החדשה,יעל רום 7,120.1,2020,2680000,6360-305-154,דירה בבית,5,22315
פתח תקווה,הדר המושבות החדשה,999,פתח תקווה,הדר המושבות החדשה,משה סנה 28,124.4,2020,2240000,6360-296-103,דירה בבית,5,18006
פתח תקווה,הדר המושבות החדשה,1000,פתח תקווה,הדר המושבות החדשה,יעל רום 12,121.57,2020,2299000,6360-279-4,דירה בבית,5,18911
פתח תקווה,הדר המושבות החדשה,992,פתח תקווה,הדר המושבות החדשה,שרגא רפאלי 11,157.29,2020,2300000,7209-41-88,דירה בבית,5,14623
פתח תקווה,הדר המושבות החדשה,993,פתח תקווה,הדר המושבות החדשה,0,124,2020,2410000,6360-196-2,דירה בבית,5,19435
פתח תקווה,הדר המושבות החדשה,994,פתח תקווה,הדר המושבות החדשה,0,102,2020,1975000,6357-4-67,דירה בבית,4,19363
פתח תקווה,הדר המושבות החדשה,995,פתח תקווה,הדר המושבות החדשה,יעל רום 4,166.85,2020,3120000,6376-261-59,דירה בבית,6,18699
פתח תקווה,הדר המושבות החדשה,996,פתח תקווה,הדר המושבות החדשה,משה פלד 1,150,2020,3889000,6360-225-12,דירה בבית,6,25927
פתח תקווה,הדר המושבות החדשה,997,פתח תקווה,הדר המושבות החדשה,רבקה גובר 7,103.9,2020,2100000,7209-22-310,דירה בבית,4,20212
פתח תקווה,הדר המושבות החדשה,998,פתח תקווה,הדר המושבות החדשה,יעל רום 7,120.1,2020,2680000,6360-305-154,דירה בבית,5,22315
פתח תקווה,הדר המושבות החדשה,999,פתח תקווה,הדר המושבות החדשה,משה סנה 28,124.4,2020,2240000,6360-296-103,דירה בבית,5,18006
פתח תקווה,הדר המושבות החדשה,1000,פתח תקווה,הדר המושבות החדשה,יעל רום 12,121.57,2020,2299000,6360-279-4,דירה בבית,5,18911
פתח תקווה,הדר המושבות החדשה,992,פתח תקווה,הדר המושבות החדשה,שרגא רפאלי 11,157.29,2020,2300000,7209-41-88,דירה בבית,5,14623
פתח תקווה,הדר המושבות החדשה,993,פתח תקווה,הדר המושבות החדשה,0,124,2020,2410000,6360-196-2,דירה בבית,5,19435
פתח תקווה,הדר המושבות החדשה,994,פתח תקווה,הדר המושבות החדשה,0,102,2020,1975000,6357-4-67,דירה בבית,4,19363
פתח תקווה,הדר המושבות החדשה,995,פתח תקווה,הדר המושבות החדשה,יעל רום 4,166.85,2020,3120000,6376-261-59,דירה בבית,6,18699
פתח תקווה,הדר המושבות החדשה,996,פתח תקווה,הדר המושבות החדשה,משה פלד 1,150,2020,3889000,6360-225-12,דירה בבית,6,25927
פתח תקווה,הדר המושבות החדשה,997,פתח תקווה,הדר המושבות החדשה,רבקה גובר 7,103.9,2020,2100000,7209-22-310,דירה בבית,4,20212
פתח תקווה,הדר המושבות החדשה,998,פתח תקווה,הדר המושבות החדשה,יעל רום 7,120.1,2020,2680000,6360-305-154,דירה בבית,5,22315
פתח תקווה,הדר המושבות החדשה,999,פתח תקווה,הדר המושבות החדשה,משה סנה 28,124.4,2020,2240000,6360-296-103,דירה בבית,5,18006
פתח תקווה,הדר המושבות החדשה,1000,פתח תקווה,הדר המושבות החדשה,יעל רום 12,121.57,2020,2299000,6360-279-4,דירה בבית,5,18911
פתח תקווה,הדר המושבות החדשה,992,פתח תקווה,הדר המושבות החדשה,שרגא רפאלי 11,157.29,2020,2300000,7209-41-88,דירה בבית,5,14623
פתח תקווה,הדר המושבות החדשה,993,פתח תקווה,הדר המושבות החדשה,0,124,2020,2410000,6360-196-2,דירה בבית,5,19435
פתח תקווה,הדר המושבות החדשה,994,פתח תקווה,הדר המושבות החדשה,0,102,2020,1975000,6357-4-67,דירה בבית,4,19363
פתח תקווה,הדר המושבות החדשה,995,פתח תקווה,הדר המושבות החדשה,יעל רום 4,166.85,2020,3120000,6376-261-59,דירה בבית,6,18699
פתח תקווה,הדר המושבות החדשה,996,פתח תקווה,הדר המושבות החדשה,משה פלד 1,150,2020,3889000,6360-225-12,דירה בבית,6,25927
פתח תקווה,הדר המושבות החדשה,997,פתח תקווה,הדר המושבות החדשה,רבקה גובר 7,103.9,2020,2100000,7209-22-310,דירה בבית,4,20212
פתח תקווה,הדר המושבות החדשה,998,פתח תקווה,הדר המושבות החדשה,יעל רום 7,120.1,2020,2680000,6360-305-154,דירה בבית,5,22315
פתח תקווה,הדר המושבות החדשה,999,פתח תקווה,הדר המושבות החדשה,משה סנה 28,124.4,2020,2240000,6360-296-103,דירה בבית,5,18006
פתח תקווה,הדר המושבות החדשה,1000,פתח תקווה,הדר המושבות החדשה,יעל רום 12,121.57,2020,2299000,6360-279-4,דירה בבית,5,18911
פתח תקווה,הדר המושבות החדשה,992,פתח תקווה,הדר המושבות החדשה,שרגא רפאלי 11,157.29,2020,2300000,7209-41-88,דירה בבית,5,14623
פתח תקווה,הדר המושבות החדשה,993,פתח תקווה,הדר המושבות החדשה,0,124,2020,2410000,6360-196-2,דירה בבית,5,19435
פתח תקווה,הדר המושבות החדשה,994,פתח תקווה,הדר המושבות החדשה,0,102,2020,1975000,6357-4-67,דירה בבית,4,19363
פתח תקווה,הדר המושבות החדשה,995,פתח תקווה,הדר המושבות החדשה,יעל רום 4,166.85,2020,3120000,6376-261-59,דירה בבית,6,18699
פתח תקווה,הדר המושבות החדשה,996,פתח תקווה,הדר המושבות החדשה,משה פלד 1,150,2020,3889000,6360-225-12,דירה בבית,6,25927
פתח תקווה,הדר המושבות החדשה,997,פתח תקווה,הדר המושבות החדשה,רבקה גובר 7,103.9,2020,2100000,7209-22-310,דירה בבית,4,20212
פתח תקווה,הדר המושבות החדשה,998,פתח תקווה,הדר המושבות החדשה,יעל רום 7,120.1,2020,2680000,6360-305-154,דירה בבית,5,22315
פתח תקווה,הדר המושבות החדשה,999,פתח תקווה,הדר המושבות החדשה,משה סנה 28,124.4,2020,2240000,6360-296-103,דירה בבית,5,18006
פתח תקווה,הדר המושבות החדשה,1000,פתח תקווה,הדר המושבות החדשה,יעל רום 12,121.57,2020,2299000,6360-279-4,דירה בבית,5,18911
פתח תקווה,הדר המושבות החדשה,992,פתח תקווה,הדר המושבות החדשה,שרגא רפאלי 11,157.29,2020,2300000,7209-41-88,דירה בבית,5,14623
פתח תקווה,הדר המושבות החדשה,993,פתח תקווה,הדר המושבות החדשה,0,124,2020,2410000,6360-196-2,דירה בבית,5,19435
פתח תקווה,הדר המושבות החדשה,994,פתח תקווה,הדר המושבות החדשה,0,102,2020,1975000,6357-4-67,דירה בבית,4,19363
פתח תקווה,הדר המושבות החדשה,995,פתח תקווה,הדר המושבות החדשה,יעל רום 4,166.85,2020,3120000,6376-261-59,דירה בבית,6,18699
פתח תקווה,הדר המושבות החדשה,996,פתח תקווה,הדר המושבות החדשה,משה פלד 1,150,2020,3889000,6360-225-12,דירה בבית,6,25927
פתח תקווה,הדר המושבות החדשה,997,פתח תקווה,הדר המושבות החדשה,רבקה גובר 7,103.9,2020,2100000,7209-22-310,דירה בבית,4,20212
פתח תקווה,הדר המושבות החדשה,998,פתח תקווה,הדר המושבות החדשה,יעל רום 7,120.1,2020,2680000,6360-305-154,דירה בבית,5,22315
פתח תקווה,הדר המושבות החדשה,999,פתח תקווה,הדר המושבות החדשה,משה סנה 28,124.4,2020,2240000,6360-296-103,דירה בבית,5,18006
פתח תקווה,הדר המושבות החדשה,1000,פתח תקווה,הדר המושבות החדשה,יעל רום 12,121.57,2020,2299000,6360-279-4,דירה בבית,5,18911
פתח תקווה,הדר המושבות החדשה,992,פתח תקווה,הדר המושבות החדשה,שרגא רפאלי 11,157.29,2020,2300000,7209-41-88,דירה בבית,5,14623
פתח תקווה,הדר המושבות החדשה,993,פתח תקווה,הדר המושבות החדשה,0,124,2020,2410000,6360-196-2,דירה בבית,5,19435
פתח תקווה,הדר המושבות החדשה,994,פתח תקווה,הדר המושבות החדשה,0,102,2020,1975000,6357-4-67,דירה בבית,4,19363
פתח תקווה,הדר המושבות החדשה,995,פתח תקווה,הדר המושבות החדשה,יעל רום 4,166.85,2020,3120000,6376-261-59,דירה בבית,6,18699
פתח תקווה,הדר המושבות החדשה,996,פתח תקווה,הדר המושבות החדשה,משה פלד 1,150,2020,3889000,6360-225-12,דירה בבית,6,25927
פתח תקווה,הדר המושבות החדשה,997,פתח תקווה,הדר המושבות החדשה,רבקה גובר 7,103.9,2020,2100000,7209-22-310,דירה בבית,4,20212
פתח תקווה,הדר המושבות החדשה,998,פתח תקווה,הדר המושבות החדשה,יעל רום 7,120.1,2020,2680000,6360-305-154,דירה בבית,5,22315
פתח תקווה,הדר המושבות החדשה,999,פתח תקווה,הדר המושבות החדשה,משה סנה 28,124.4,2020,2240000,6360-296-103,דירה בבית,5,18006
פתח תקווה,הדר המושבות החדשה,1000,פתח תקווה,הדר המושבות החדשה,יעל רום 12,121.57,2020,2299000,6360-279-4,דירה בבית,5,18911
פתח תקווה,הדר המושבות החדשה,992,פתח תקווה,הדר המושבות החדשה,שרגא רפאלי 11,157.29,2020,2300000,7209-41-88,דירה בבית,5,14623
פתח תקווה,הדר המושבות החדשה,993,פתח תקווה,הדר המושבות החדשה,0,124,2020,2410000,6360-196-2,דירה בבית,5,19435
פתח תקווה,הדר המושבות החדשה,994,פתח תקווה,הדר המושבות החדשה,0,102,2020,1975000,6357-4-67,דירה בבית,4,19363
פתח תקווה,הדר המושבות החדשה,995,פתח תקווה,הדר המושבות החדשה,יעל רום 4,166.85,2020,3120000,6376-261-59,דירה בבית,6,18699
פתח תקווה,הדר המושבות החדשה,996,פתח תקווה,הדר המושבות החדשה,משה פלד 1,150,2020,3889000,6360-225-12,דירה בבית,6,25927
פתח תקווה,הדר המושבות החדשה,997,פתח תקווה,הדר המושבות החדשה,רבקה גובר 7,103.9,2020,2100000,7209-22-310,דירה בבית,4,20212
פתח תקווה,הדר המושבות החדשה,998,פתח תקווה,הדר המושבות החדשה,יעל רום 7,120.1,2020,2680000,6360-305-154,דירה בבית,5,22315
פתח תקווה,הדר המושבות החדשה,999,פתח תקווה,הדר המושבות החדשה,משה סנה 28,124.4,2020,2240000,6360-296-103,דירה בבית,5,18006
פתח תקווה,הדר המושבות החדשה,1000,פתח תקווה,הדר המושבות החדשה,יעל רום 12,121.57,2020,2299000,6360-279-4,דירה בבית,5,18911
פתח תקווה,הדר המושבות החדשה,992,פתח תקווה,הדר המושבות החדשה,שרגא רפאלי 11,157.29,2020,2300000,7209-41-88,דירה בבית,5,14623
פתח תקווה,הדר המושבות החדשה,993,פתח תקווה,הדר המושבות החדשה,0,124,2020,2410000,6360-196-2,דירה בבית,5,19435
פתח תקווה,הדר המושבות החדשה,994,פתח תקווה,הדר המושבות החדשה,0,102,2020,1975000,6357-4-67,דירה בבית,4,19363
פתח תקווה,הדר המושבות החדשה,995,פתח תקווה,הדר המושבות החדשה,יעל רום 4,166.85,2020,3120000,6376-261-59,דירה בבית,6,18699
פתח תקווה,הדר המושבות החדשה,996,פתח תקווה,הדר המושבות החדשה,משה פלד 1,150,2020,3889000,6360-225-12,דירה בבית,6,25927
פתח תקווה,הדר המושבות החדשה,997,פתח תקווה,הדר המושבות החדשה,רבקה גובר 7,103.9,2020,2100000,7209-22-310,דירה בבית,4,20212
פתח תקווה,הדר המושבות החדשה,998,פתח תקווה,הדר המושבות החדשה,יעל רום 7,120.1,2020,2680000,6360-305-154,דירה בבית,5,22315
פתח תקווה,הדר המושבות החדשה,999,פתח תקווה,הדר המושבות החדשה,משה סנה 28,124.4,2020,2240000,6360-296-103,דירה בבית,5,18006
פתח תקווה,הדר המושבות החדשה,1000,פתח תקווה,הדר המושבות החדשה,יעל רום 12,121.57,2020,2299000,6360-279-4,דירה בבית,5,18911
פתח תקווה,הדר המושבות החדשה,992,פתח תקווה,הדר המושבות החדשה,שרגא רפאלי 11,157.29,2020,2300000,7209-41-88,דירה בבית,5,14623
פתח תקווה,הדר המושבות החדשה,993,פתח תקווה,הדר המושבות החדשה,0,124,2020,2410000,6360-196-2,דירה בבית,5,19435
פתח תקווה,הדר המושבות החדשה,994,פתח תקווה,הדר המושבות החדשה,0,102,2020,1975000,6357-4-67,דירה בבית,4,19363
פתח תקווה,הדר המושבות החדשה,995,פתח תקווה,הדר המושבות החדשה,יעל רום 4,166.85,2020,3120000,6376-261-59,דירה בבית,6,18699
פתח תקווה,הדר המושבות החדשה,996,פתח תקווה,הדר המושבות החדשה,משה פלד 1,150,2020,3889000,6360-225-12,דירה בבית,6,25927
פתח תקווה,הדר המושבות החדשה,997,פתח תקווה,הדר המושבות החדשה,רבקה גובר 7,103.9,2020,2100000,7209-22-310,דירה בבית,4,20212
פתח תקווה,הדר המושבות החדשה,998,פתח תקווה,הדר המושבות החדשה,יעל רום 7,120.1,2020,2680000,6360-305-154,דירה בבית,5,22315
פתח תקווה,הדר המושבות החדשה,999,פתח תקווה,הדר המושבות החדשה,משה סנה 28,124.4,2020,2240000,6360-296-103,דירה בבית,5,18006
פתח תקווה,הדר המושבות החדשה,1000,פתח תקווה,הדר המושבות החדשה,יעל רום 12,121.57,2020,2299000,6360-279-4,דירה בבית,5,18911
פתח תקווה,הדר המושבות החדשה,992,פתח תקווה,הדר המושבות החדשה,שרגא רפאלי 11,157.29,2020,2300000,7209-41-88,דירה בבית,5,14623
פתח תקווה,הדר המושבות החדשה,993,פתח תקווה,הדר המושבות החדשה,0,124,2020,2410000,6360-196-2,דירה בבית,5,19435
פתח תקווה,הדר המושבות החדשה,994,פתח תקווה,הדר המושבות החדשה,0,102,2020,1975000,6357-4-67,דירה בבית,4,19363
פתח תקווה,הדר המושבות החדשה,995,פתח תקווה,הדר המושבות החדשה,יעל רום 4,166.85,2020,3120000,6376-261-59,דירה בבית,6,18699
פתח תקווה,הדר המושבות החדשה,996,פתח תקווה,הדר המושבות החדשה,משה פלד 1,150,2020,3889000,6360-225-12,דירה בבית,6,25927
פתח תקווה,הדר המושבות החדשה,997,פתח תקווה,הדר המושבות החדשה,רבקה גובר 7,103.9,2020,2100000,7209-22-310,דירה בבית,4,20212
פתח תקווה,הדר המושבות החדשה,998,פתח תקווה,הדר המושבות החדשה,יעל רום 7,120.1,2020,2680000,6360-305-154,דירה בבית,5,22315
פתח תקווה,הדר המושבות החדשה,999,פתח תקווה,הדר המושבות החדשה,משה סנה 28,124.4,2020,2240000,6360-296-103,דירה בבית,5,18006
פתח תקווה,הדר המושבות החדשה,1000,פתח תקווה,הדר המושבות החדשה,יעל רום 12,121.57,2020,2299000,6360-279-4,דירה בבית,5,18911
פתח תקווה,הדר המושבות החדשה,992,פתח תקווה,הדר המושבות החדשה,שרגא רפאלי 11,157.29,2020,2300000,7209-41-88,דירה בבית,5,14623
פתח תקווה,הדר המושבות החדשה,993,פתח תקווה,הדר המושבות החדשה,0,124,2020,2410000,6360-196-2,דירה בבית,5,19435
פתח תקווה,הדר המושבות החדשה,994,פתח תקווה,הדר המושבות החדשה,0,102,2020,1975000,6357-4-67,דירה בבית,4,19363
פתח תקווה,הדר המושבות החדשה,995,פתח תקווה,הדר המושבות החדשה,יעל רום 4,166.85,2020,3120000,6376-261-59,דירה בבית,6,18699
פתח תקווה,הדר המושבות החדשה,996,פתח תקווה,הדר המושבות החדשה,משה פלד 1,150,2020,3889000,6360-225-12,דירה בבית,6,25927
פתח תקווה,הדר המושבות החדשה,997,פתח תקווה,הדר המושבות החדשה,רבקה גובר 7,103.9,2020,2100000,7209-22-310,דירה בבית,4,20212
פתח תקווה,הדר המושבות החדשה,998,פתח תקווה,הדר המושבות החדשה,יעל רום 7,120.1,2020,2680000,6360-305-154,דירה בבית,5,22315
פתח תקווה,הדר המושבות החדשה,999,פתח תקווה,הדר המושבות החדשה,משה סנה 28,124.4,2020,2240000,6360-296-103,דירה בבית,5,18006
פתח תקווה,הדר המושבות החדשה,1000,פתח תקווה,הדר המושבות החדשה,יעל רום 12,121.57,2020,2299000,6360-279-4,דירה בבית,5,18911
פתח תקווה,הדר המושבות החדשה,992,פתח תקווה,הדר המושבות החדשה,שרגא רפאלי 11,157.29,2020,2300000,7209-41-88,דירה בבית,5,14623
פתח תקווה,הדר המושבות החדשה,993,פתח תקווה,הדר המושבות החדשה,0,124,2020,2410000,6360-196-2,דירה בבית,5,19435
פתח תקווה,הדר המושבות החדשה,994,פתח תקווה,הדר המושבות החדשה,0,102,2020,1975000,6357-4-67,דירה בבית,4,19363
פתח תקווה,הדר המושבות החדשה,995,פתח תקווה,הדר המושבות החדשה,יעל רום 4,166.85,2020,3120000,6376-261-59,דירה בבית,6,18699
פתח תקווה,הדר המושבות החדשה,996,פתח תקווה,הדר המושבות החדשה,משה פלד 1,150,2020,3889000,6360-225-12,דירה בבית,6,25927
פתח תקווה,הדר המושבות החדשה,997,פתח תקווה,הדר המושבות החדשה,רבקה גובר 7,103.9,2020,2100000,7209-22-310,דירה בבית,4,20212
פתח תקווה,הדר המושבות החדשה,998,פתח תקווה,הדר המושבות החדשה,יעל רום 7,120.1,2020,2680000,6360-305-154,דירה בבית,5,22315
פתח תקווה,הדר המושבות החדשה,999,פתח תקווה,הדר המושבות החדשה,משה סנה 28,124.4,2020,2240000,6360-296-103,דירה בבית,5,18006
פתח תקווה,הדר המושבות החדשה,1000,פתח תקווה,הדר המושבות החדשה,יעל רום 12,121.57,2020,2299000,6360-279-4,דירה בבית,5,18911
פתח תקווה,הדר המושבות החדשה,992,פתח תקווה,הדר המושבות החדשה,שרגא רפאלי 11,157.29,2020,2300000,7209-41-88,דירה בבית,5,14623
פתח תקווה,הדר המושבות החדשה,993,פתח תקווה,הדר המושבות החדשה,0,124,2020,2410000,6360-196-2,דירה בבית,5,19435
פתח תקווה,הדר המושבות החדשה,994,פתח תקווה,הדר המושבות החדשה,0,102,2020,1975000,6357-4-67,דירה בבית,4,19363
פתח תקווה,הדר המושבות החדשה,995,פתח תקווה,הדר המושבות החדשה,יעל רום 4,166.85,2020,3120000,6376-261-59,דירה בבית,6,18699
פתח תקווה,הדר המושבות החדשה,996,פתח תקווה,הדר המושבות החדשה,משה פלד 1,150,2020,3889000,6360-225-12,דירה בבית,6,25927
פתח תקווה,הדר המושבות החדשה,997,פתח תקווה,הדר המושבות החדשה,רבקה גובר 7,103.9,2020,2100000,7209-22-310,דירה בבית,4,20212
פתח תקווה,הדר המושבות החדשה,998,פתח תקווה,הדר המושבות החדשה,יעל רום 7,120.1,2020,2680000,6360-305-154,דירה בבית,5,22315
פתח תקווה,הדר המושבות החדשה,999,פתח תקווה,הדר המושבות החדשה,משה סנה 28,124.4,2020,2240000,6360-296-103,דירה בבית,5,18006
פתח תקווה,הדר המושבות החדשה,1000,פתח תקווה,הדר המושבות החדשה,יעל רום 12,121.57,2020,2299000,6360-279-4,דירה בבית,5,18911
פתח תקווה,הדר המושבות החדשה,992,פתח תקווה,הדר המושבות החדשה,שרגא רפאלי 11,157.29,2020,2300000,7209-41-88,דירה בבית,5,14623
פתח תקווה,הדר המושבות החדשה,993,פתח תקווה,הדר המושבות החדשה,0,124,2020,2410000,6360-196-2,דירה בבית,5,19435
פתח תקווה,הדר המושבות החדשה,994,פתח תקווה,הדר המושבות החדשה,0,102,2020,1975000,6357-4-67,דירה בבית,4,19363
פתח תקווה,הדר המושבות החדשה,995,פתח תקווה,הדר המושבות החדשה,יעל רום 4,166.85,2020,3120000,6376-261-59,דירה בבית,6,18699
פתח תקווה,הדר המושבות החדשה,996,פתח תקווה,הדר המושבות החדשה,משה פלד 1,150,2020,3889000,6360-225-12,דירה בבית,6,25927
פתח תקווה,הדר המושבות החדשה,997,פתח תקווה,הדר המושבות החדשה,רבקה גובר 7,103.9,2020,2100000,7209-22-310,דירה בבית,4,20212
פתח תקווה,הדר המושבות החדשה,998,פתח תקווה,הדר המושבות החדשה,יעל רום 7,120.1,2020,2680000,6360-305-154,דירה בבית,5,22315
פתח תקווה,הדר המושבות החדשה,999,פתח תקווה,הדר המושבות החדשה,משה סנה 28,124.4,2020,2240000,6360-296-103,דירה בבית,5,18006
פתח תקווה,הדר המושבות החדשה,1000,פתח תקווה,הדר המושבות החדשה,יעל רום 12,121.57,2020,2299000,6360-279-4,דירה בבית,5,18911
פתח תקווה,הדר המושבות החדשה,992,פתח תקווה,הדר המושבות החדשה,שרגא רפאלי 11,157.29,2020,2300000,7209-41-88,דירה בבית,5,14623
פתח תקווה,הדר המושבות החדשה,993,פתח תקווה,הדר המושבות החדשה,0,124,2020,2410000,6360-196-2,דירה בבית,5,19435
פתח תקווה,הדר המושבות החדשה,994,פתח תקווה,הדר המושבות החדשה,0,102,2020,1975000,6357-4-67,דירה בבית,4,19363
פתח תקווה,הדר המושבות החדשה,995,פתח תקווה,הדר המושבות החדשה,יעל רום 4,166.85,2020,3120000,6376-261-59,דירה בבית,6,18699
פתח תקווה,הדר המושבות החדשה,996,פתח תקווה,הדר המושבות החדשה,משה פלד 1,150,2020,3889000,6360-225-12,דירה בבית,6,25927
פתח תקווה,הדר המושבות החדשה,997,פתח תקווה,הדר המושבות החדשה,רבקה גובר 7,103.9,2020,2100000,7209-22-310,דירה בבית,4,20212
פתח תקווה,הדר המושבות החדשה,998,פתח תקווה,הדר המושבות החדשה,יעל רום 7,120.1,2020,2680000,6360-305-154,דירה בבית,5,22315
פתח תקווה,הדר המושבות החדשה,999,פתח תקווה,הדר המושבות החדשה,משה סנה 28,124.4,2020,2240000,6360-296-103,דירה בבית,5,18006
פתח תקווה,הדר המושבות החדשה,1000,פתח תקווה,הדר המושבות החדשה,יעל רום 12,121.57,2020,2299000,6360-279-4,דירה בבית,5,18911
פתח תקווה,הדר המושבות החדשה,992,פתח תקווה,הדר המושבות החדשה,שרגא רפאלי 11,157.29,2020,2300000,7209-41-88,דירה בבית,5,14623
פתח תקווה,הדר המושבות החדשה,993,פתח תקווה,הדר המושבות החדשה,0,124,2020,2410000,6360-196-2,דירה בבית,5,19435
פתח תקווה,הדר המושבות החדשה,994,פתח תקווה,הדר המושבות החדשה,0,102,2020,1975000,6357-4-67,דירה בבית,4,19363
פתח תקווה,הדר המושבות החדשה,995,פתח תקווה,הדר המושבות החדשה,יעל רום 4,166.85,2020,3120000,6376-261-59,דירה בבית,6,18699
פתח תקווה,הדר המושבות החדשה,996,פתח תקווה,הדר המושבות החדשה,משה פלד 1,150,2020,3889000,6360-225-12,דירה בבית,6,25927
פתח תקווה,הדר המושבות החדשה,997,פתח תקווה,הדר המושבות החדשה,רבקה גובר 7,103.9,2020,2100000,7209-22-310,דירה בבית,4,20212
פתח תקווה,הדר המושבות החדשה,998,פתח תקווה,הדר המושבות החדשה,יעל רום 7,120.1,2020,2680000,6360-305-154,דירה בבית,5,22315
פתח תקווה,הדר המושבות החדשה,999,פתח תקווה,הדר המושבות החדשה,משה סנה 28,124.4,2020,2240000,6360-296-103,דירה בבית,5,18006
פתח תקווה,הדר המושבות החדשה,1000,פתח תקווה,הדר המושבות החדשה,יעל רום 12,121.57,2020,2299000,6360-279-4,דירה בבית,5,18911
פתח תקווה,הדר המושבות החדשה,992,פתח תקווה,הדר המושבות החדשה,שרגא רפאלי 11,157.29,2020,2300000,7209-41-88,דירה בבית,5,14623
פתח תקווה,הדר המושבות החדשה,993,פתח תקווה,הדר המושבות החדשה,0,124,2020,2410000,6360-196-2,דירה בבית,5,19435
פתח תקווה,הדר המושבות החדשה,994,פתח תקווה,הדר המושבות החדשה,0,102,2020,1975000,6357-4-67,דירה בבית,4,19363
פתח תקווה,הדר המושבות החדשה,995,פתח תקווה,הדר המושבות החדשה,יעל רום 4,166.85,2020,3120000,6376-261-59,דירה בבית,6,18699
פתח תקווה,הדר המושבות החדשה,996,פתח תקווה,הדר המושבות החדשה,משה פלד 1,150,2020,3889000,6360-225-12,דירה בבית,6,25927
פתח תקווה,הדר המושבות החדשה,997,פתח תקווה,הדר המושבות החדשה,רבקה גובר 7,103.9,2020,2100000,7209-22-310,דירה בבית,4,20212
פתח תקווה,הדר המושבות החדשה,998,פתח תקווה,הדר המושבות החדשה,יעל רום 7,120.1,2020,2680000,6360-305-154,דירה בבית,5,22315
פתח תקווה,הדר המושבות החדשה,999,פתח תקווה,הדר המושבות החדשה,משה סנה 28,124.4,2020,2240000,6360-296-103,דירה בבית,5,18006
פתח תקווה,הדר המושבות החדשה,1000,פתח תקווה,הדר המושבות החדשה,יעל רום 12,121.57,2020,2299000,6360-279-4,דירה בבית,5,18911
פתח תקווה,הדר המושבות החדשה,992,פתח תקווה,הדר המושבות החדשה,שרגא רפאלי 11,157.29,2020,2300000,7209-41-88,דירה בבית,5,14623
פתח תקווה,הדר המושבות החדשה,993,פתח תקווה,הדר המושבות החדשה,0,124,2020,2410000,6360-196-2,דירה בבית,5,19435
פתח תקווה,הדר המושבות החדשה,994,פתח תקווה,הדר המושבות החדשה,0,102,2020,1975000,6357-4-67,דירה בבית,4,19363
פתח תקווה,הדר המושבות החדשה,995,פתח תקווה,הדר המושבות החדשה,יעל רום 4,166.85,2020,3120000,6376-261-59,דירה בבית,6,18699
פתח תקווה,הדר המושבות החדשה,996,פתח תקווה,הדר המושבות החדשה,משה פלד 1,150,2020,3889000,6360-225-12,דירה בבית,6,25927
פתח תקווה,הדר המושבות החדשה,997,פתח תקווה,הדר המושבות החדשה,רבקה גובר 7,103.9,2020,2100000,7209-22-310,דירה בבית,4,20212
פתח תקווה,הדר המושבות החדשה,998,פתח תקווה,הדר המושבות החדשה,יעל רום 7,120.1,2020,2680000,6360-305-154,דירה בבית,5,22315
פתח תקווה,הדר המושבות החדשה,999,פתח תקווה,הדר המושבות החדשה,משה סנה 28,124.4,2020,2240000,6360-296-103,דירה בבית,5,18006
פתח תקווה,הדר המושבות החדשה,1000,פתח תקווה,הדר המושבות החדשה,יעל רום 12,121.57,2020,2299000,6360-279-4,דירה בבית,5,18911
פתח תקווה,הדר המושבות החדשה,992,פתח תקווה,הדר המושבות החדשה,שרגא רפאלי 11,157.29,2020,2300000,7209-41-88,דירה בבית,5,14623
פתח תקווה,הדר המושבות החדשה,993,פתח תקווה,הדר המושבות החדשה,0,124,2020,2410000,6360-196-2,דירה בבית,5,19435
פתח תקווה,הדר המושבות החדשה,994,פתח תקווה,הדר המושבות החדשה,0,102,2020,1975000,6357-4-67,דירה בבית,4,19363
פתח תקווה,הדר המושבות החדשה,995,פתח תקווה,הדר המושבות החדשה,יעל רום 4,166.85,2020,3120000,6376-261-59,דירה בבית,6,18699
פתח תקווה,הדר המושבות החדשה,996,פתח תקווה,הדר המושבות החדשה,משה פלד 1,150,2020,3889000,6360-225-12,דירה בבית,6,25927
פתח תקווה,הדר המושבות החדשה,997,פתח תקווה,הדר המושבות החדשה,רבקה גובר 7,103.9,2020,2100000,7209-22-310,דירה בבית,4,20212
פתח תקווה,הדר המושבות החדשה,998,פתח תקווה,הדר המושבות החדשה,יעל רום 7,120.1,2020,2680000,6360-305-154,דירה בבית,5,22315
פתח תקווה,הדר המושבות החדשה,999,פתח תקווה,הדר המושבות החדשה,משה סנה 28,124.4,2020,2240000,6360-296-103,דירה בבית,5,18006
פתח תקווה,הדר המושבות החדשה,1000,פתח תקווה,הדר המושבות החדשה,יעל רום 12,121.57,2020,2299000,6360-279-4,דירה בבית,5,18911
פתח תקווה,הדר המושבות החדשה,992,פתח תקווה,הדר המושבות החדשה,שרגא רפאלי 11,157.29,2020,2300000,7209-41-88,דירה בבית,5,14623
פתח תקווה,הדר המושבות החדשה,993,פתח תקווה,הדר המושבות החדשה,0,124,2020,2410000,6360-196-2,דירה בבית,5,19435
פתח תקווה,הדר המושבות החדשה,994,פתח תקווה,הדר המושבות החדשה,0,102,2020,1975000,6357-4-67,דירה בבית,4,19363
פתח תקווה,הדר המושבות החדשה,995,פתח תקווה,הדר המושבות החדשה,יעל רום 4,166.85,2020,3120000,6376-261-59,דירה בבית,6,18699
פתח תקווה,הדר המושבות החדשה,996,פתח תקווה,הדר המושבות החדשה,משה פלד 1,150,2020,3889000,6360-225-12,דירה בבית,6,25927
פתח תקווה,הדר המושבות החדשה,997,פתח תקווה,הדר המושבות החדשה,רבקה גובר 7,103.9,2020,2100000,7209-22-310,דירה בבית,4,20212
פתח תקווה,הדר המושבות החדשה,998,פתח תקווה,הדר המושבות החדשה,יעל רום 7,120.1,2020,2680000,6360-305-154,דירה בבית,5,22315
פתח תקווה,הדר המושבות החדשה,999,פתח תקווה,הדר המושבות החדשה,משה סנה 28,124.4,2020,2240000,6360-296-103,דירה בבית,5,18006
פתח תקווה,הדר המושבות החדשה,1000,פתח תקווה,הדר המושבות החדשה,יעל רום 12,121.57,2020,2299000,6360-279-4,דירה בבית,5,18911
פתח תקווה,הדר המושבות החדשה,992,פתח תקווה,הדר המושבות החדשה,שרגא רפאלי 11,157.29,2020,2300000,7209-41-88,דירה בבית,5,14623
פתח תקווה,הדר המושבות החדשה,993,פתח תקווה,הדר המושבות החדשה,0,124,2020,2410000,6360-196-2,דירה בבית,5,19435
פתח תקווה,הדר המושבות החדשה,994,פתח תקווה,הדר המושבות החדשה,0,102,2020,1975000,6357-4-67,דירה בבית,4,19363
פתח תקווה,הדר המושבות החדשה,995,פתח תקווה,הדר המושבות החדשה,יעל רום 4,166.85,2020,3120000,6376-261-59,דירה בבית,6,18699
פתח תקווה,הדר המושבות החדשה,996,פתח תקווה,הדר המושבות החדשה,משה פלד 1,150,2020,3889000,6360-225-12,דירה בבית,6,25927
פתח תקווה,הדר המושבות החדשה,997,פתח תקווה,הדר המושבות החדשה,רבקה גובר 7,103.9,2020,2100000,7209-22-310,דירה בבית,4,20212
פתח תקווה,הדר המושבות החדשה,998,פתח תקווה,הדר המושבות החדשה,יעל רום 7,120.1,2020,2680000,6360-305-154,דירה בבית,5,22315
פתח תקווה,הדר המושבות החדשה,999,פתח תקווה,הדר המושבות החדשה,משה סנה 28,124.4,2020,2240000,6360-296-103,דירה בבית,5,18006
פתח תקווה,הדר המושבות החדשה,1000,פתח תקווה,הדר המושבות החדשה,יעל רום 12,121.57,2020,2299000,6360-279-4,דירה בבית,5,18911
פתח תקווה,הדר המושבות החדשה,992,פתח תקווה,הדר המושבות החדשה,שרגא רפאלי 11,157.29,2020,2300000,7209-41-88,דירה בבית,5,14623
פתח תקווה,הדר המושבות החדשה,993,פתח תקווה,הדר המושבות החדשה,0,124,2020,2410000,6360-196-2,דירה בבית,5,19435
פתח תקווה,הדר המושבות החדשה,994,פתח תקווה,הדר המושבות החדשה,0,102,2020,1975000,6357-4-67,דירה בבית,4,19363
פתח תקווה,הדר המושבות החדשה,995,פתח תקווה,הדר המושבות החדשה,יעל רום 4,166.85,2020,3120000,6376-261-59,דירה בבית,6,18699
פתח תקווה,הדר המושבות החדשה,996,פתח תקווה,הדר המושבות החדשה,משה פלד 1,150,2020,3889000,6360-225-12,דירה בבית,6,25927
פתח תקווה,הדר המושבות החדשה,997,פתח תקווה,הדר המושבות החדשה,רבקה גובר 7,103.9,2020,2100000,7209-22-310,דירה בבית,4,20212
פתח תקווה,הדר המושבות החדשה,998,פתח תקווה,הדר המושבות החדשה,יעל רום 7,120.1,2020,2680000,6360-305-154,דירה בבית,5,22315
פתח תקווה,הדר המושבות החדשה,999,פתח תקווה,הדר המושבות החדשה,משה סנה 28,124.4,2020,2240000,6360-296-103,דירה בבית,5,18006
פתח תקווה,הדר המושבות החדשה,1000,פתח תקווה,הדר המושבות החדשה,יעל רום 12,121.57,2020,2299000,6360-279-4,דירה בבית,5,18911
פתח תקווה,הדר המושבות החדשה,992,פתח תקווה,הדר המושבות החדשה,שרגא רפאלי 11,157.29,2020,2300000,7209-41-88,דירה בבית,5,14623
פתח תקווה,הדר המושבות החדשה,993,פתח תקווה,הדר המושבות החדשה,0,124,2020,2410000,6360-196-2,דירה בבית,5,19435
פתח תקווה,הדר המושבות החדשה,994,פתח תקווה,הדר המושבות החדשה,0,102,2020,1975000,6357-4-67,דירה בבית,4,19363
פתח תקווה,הדר המושבות החדשה,995,פתח תקווה,הדר המושבות החדשה,יעל רום 4,166.85,2020,3120000,6376-261-59,דירה בבית,6,18699
פתח תקווה,הדר המושבות החדשה,996,פתח תקווה,הדר המושבות החדשה,משה פלד 1,150,2020,3889000,6360-225-12,דירה בבית,6,25927
פתח תקווה,הדר המושבות החדשה,997,פתח תקווה,הדר המושבות החדשה,רבקה גובר 7,103.9,2020,2100000,7209-22-310,דירה בבית,4,20212
פתח תקווה,הדר המושבות החדשה,998,פתח תקווה,הדר המושבות החדשה,יעל רום 7,120.1,2020,2680000,6360-305-154,דירה בבית,5,22315
פתח תקווה,הדר המושבות החדשה,999,פתח תקווה,הדר המושבות החדשה,משה סנה 28,124.4,2020,2240000,6360-296-103,דירה בבית,5,18006
פתח תקווה,הדר המושבות החדשה,1000,פתח תקווה,הדר המושבות החדשה,יעל רום 12,121.57,2020,2299000,6360-279-4,דירה בבית,5,18911
פתח תקווה,הדר המושבות החדשה,992,פתח תקווה,הדר המושבות החדשה,שרגא רפאלי 11,157.29,2020,2300000,7209-41-88,דירה בבית,5,14623
פתח תקווה,הדר המושבות החדשה,993,פתח תקווה,הדר המושבות החדשה,0,124,2020,2410000,6360-196-2,דירה בבית,5,19435
פתח תקווה,הדר המושבות החדשה,994,פתח תקווה,הדר המושבות החדשה,0,102,2020,1975000,6357-4-67,דירה בבית,4,19363
פתח תקווה,הדר המושבות החדשה,995,פתח תקווה,הדר המושבות החדשה,יעל רום 4,166.85,2020,3120000,6376-261-59,דירה בבית,6,18699
פתח תקווה,הדר המושבות החדשה,996,פתח תקווה,הדר המושבות החדשה,משה פלד 1,150,2020,3889000,6360-225-12,דירה בבית,6,25927
פתח תקווה,הדר המושבות החדשה,997,פתח תקווה,הדר המושבות החדשה,רבקה גובר 7,103.9,2020,2100000,7209-22-310,דירה בבית,4,20212
פתח תקווה,הדר המושבות החדשה,998,פתח תקווה,הדר המושבות החדשה,יעל רום 7,120.1,2020,2680000,6360-305-154,דירה בבית,5,22315
פתח תקווה,הדר המושבות החדשה,999,פתח תקווה,הדר המושבות החדשה,משה סנה 28,124.4,2020,2240000,6360-296-103,דירה בבית,5,18006
פתח תקווה,הדר המושבות החדשה,1000,פתח תקווה,הדר המושבות החדשה,יעל רום 12,121.57,2020,2299000,6360-279-4,דירה בבית,5,18911
פתח תקווה,הדר המושבות החדשה,992,פתח תקווה,הדר המושבות החדשה,שרגא רפאלי 11,157.29,2020,2300000,7209-41-88,דירה בבית,5,14623
פתח תקווה,הדר המושבות החדשה,993,פתח תקווה,הדר המושבות החדשה,0,124,2020,2410000,6360-196-2,דירה בבית,5,19435
פתח תקווה,הדר המושבות החדשה,994,פתח תקווה,הדר המושבות החדשה,0,102,2020,1975000,6357-4-67,דירה בבית,4,19363
פתח תקווה,הדר המושבות החדשה,995,פתח תקווה,הדר המושבות החדשה,יעל רום 4,166.85,2020,3120000,6376-261-59,דירה בבית,6,18699
פתח תקווה,הדר המושבות החדשה,996,פתח תקווה,הדר המושבות החדשה,משה פלד 1,150,2020,3889000,6360-225-12,דירה בבית,6,25927
פתח תקווה,הדר המושבות החדשה,997,פתח תקווה,הדר המושבות החדשה,רבקה גובר 7,103.9,2020,2100000,7209-22-310,דירה בבית,4,20212
פתח תקווה,הדר המושבות החדשה,998,פתח תקווה,הדר המושבות החדשה,יעל רום 7,120.1,2020,2680000,6360-305-154,דירה בבית,5,22315
פתח תקווה,הדר המושבות החדשה,999,פתח תקווה,הדר המושבות החדשה,משה סנה 28,124.4,2020,2240000,6360-296-103,דירה בבית,5,18006
פתח תקווה,הדר המושבות החדשה,1000,פתח תקווה,הדר המושבות החדשה,יעל רום 12,121.57,2020,2299000,6360-279-4,דירה בבית,5,18911
פתח תקווה,הדר המושבות החדשה,992,פתח תקווה,הדר המושבות החדשה,שרגא רפאלי 11,157.29,2020,2300000,7209-41-88,דירה בבית,5,14623
פתח תקווה,הדר המושבות החדשה,993,פתח תקווה,הדר המושבות החדשה,0,124,2020,2410000,6360-196-2,דירה בבית,5,19435
פתח תקווה,הדר המושבות החדשה,994,פתח תקווה,הדר המושבות החדשה,0,102,2020,1975000,6357-4-67,דירה בבית,4,19363
פתח תקווה,הדר המושבות החדשה,995,פתח תקווה,הדר המושבות החדשה,יעל רום 4,166.85,2020,3120000,6376-261-59,דירה בבית,6,18699
פתח תקווה,הדר המושבות החדשה,996,פתח תקווה,הדר המושבות החדשה,משה פלד 1,150,2020,3889000,6360-225-12,דירה בבית,6,25927
פתח תקווה,הדר המושבות החדשה,997,פתח תקווה,הדר המושבות החדשה,רבקה גובר 7,103.9,2020,2100000,7209-22-310,דירה בבית,4,20212
פתח תקווה,הדר המושבות החדשה,998,פתח תקווה,הדר המושבות החדשה,יעל רום 7,120.1,2020,2680000,6360-305-154,דירה בבית,5,22315
פתח תקווה,הדר המושבות החדשה,999,פתח תקווה,הדר המושבות החדשה,משה סנה 28,124.4,2020,2240000,6360-296-103,דירה בבית,5,18006
פתח תקווה,הדר המושבות החדשה,1000,פתח תקווה,הדר המושבות החדשה,יעל רום 12,121.57,2020,2299000,6360-279-4,דירה בבית,5,18911
פתח תקווה,הדר המושבות החדשה,992,פתח תקווה,הדר המושבות החדשה,שרגא רפאלי 11,157.29,2020,2300000,7209-41-88,דירה בבית,5,14623
פתח תקווה,הדר המושבות החדשה,993,פתח תקווה,הדר המושבות החדשה,0,124,2020,2410000,6360-196-2,דירה בבית,5,19435
פתח תקווה,הדר המושבות החדשה,994,פתח תקווה,הדר המושבות החדשה,0,102,2020,1975000,6357-4-67,דירה בבית,4,19363
פתח תקווה,הדר המושבות החדשה,995,פתח תקווה,הדר המושבות החדשה,יעל רום 4,166.85,2020,3120000,6376-261-59,דירה בבית,6,18699
פתח תקווה,הדר המושבות החדשה,996,פתח תקווה,הדר המושבות החדשה,משה פלד 1,150,2020,3889000,6360-225-12,דירה בבית,6,25927
פתח תקווה,הדר המושבות החדשה,997,פתח תקווה,הדר המושבות החדשה,רבקה גובר 7,103.9,2020,2100000,7209-22-310,דירה בבית,4,20212
פתח תקווה,הדר המושבות החדשה,998,פתח תקווה,הדר המושבות החדשה,יעל רום 7,120.1,2020,2680000,6360-305-154,דירה בבית,5,22315
פתח תקווה,הדר המושבות החדשה,999,פתח תקווה,הדר המושבות החדשה,משה סנה 28,124.4,2020,2240000,6360-296-103,דירה בבית,5,18006
פתח תקווה,הדר המושבות החדשה,1000,פתח תקווה,הדר המושבות החדשה,יעל רום 12,121.57,2020,2299000,6360-279-4,דירה בבית,5,18911
פתח תקווה,הדר המושבות החדשה,992,פתח תקווה,הדר המושבות החדשה,שרגא רפאלי 11,157.29,2020,2300000,7209-41-88,דירה בבית,5,14623
פתח תקווה,הדר המושבות החדשה,993,פתח תקווה,הדר המושבות החדשה,0,124,2020,2410000,6360-196-2,דירה בבית,5,19435
פתח תקווה,הדר המושבות החדשה,994,פתח תקווה,הדר המושבות החדשה,0,102,2020,1975000,6357-4-67,דירה בבית,4,19363
פתח תקווה,הדר המושבות החדשה,995,פתח תקווה,הדר המושבות החדשה,יעל רום 4,166.85,2020,3120000,6376-261-59,דירה בבית,6,18699
פתח תקווה,הדר המושבות החדשה,996,פתח תקווה,הדר המושבות החדשה,משה פלד 1,150,2020,3889000,6360-225-12,דירה בבית,6,25927
פתח תקווה,הדר המושבות החדשה,997,פתח תקווה,הדר המושבות החדשה,רבקה גובר 7,103.9,2020,2100000,7209-22-310,דירה בבית,4,20212
פתח תקווה,הדר המושבות החדשה,998,פתח תקווה,הדר המושבות החדשה,יעל רום 7,120.1,2020,2680000,6360-305-154,דירה בבית,5,22315
פתח תקווה,הדר המושבות החדשה,999,פתח תקווה,הדר המושבות החדשה,משה סנה 28,124.4,2020,2240000,6360-296-103,דירה בבית,5,18006
פתח תקווה,הדר המושבות החדשה,1000,פתח תקווה,הדר המושבות החדשה,יעל רום 12,121.57,2020,2299000,6360-279-4,דירה בבית,5,18911
פתח תקווה,הדר המושבות החדשה,992,פתח תקווה,הדר המושבות החדשה,שרגא רפאלי 11,157.29,2020,2300000,7209-41-88,דירה בבית,5,14623
פתח תקווה,הדר המושבות החדשה,993,פתח תקווה,הדר המושבות החדשה,0,124,2020,2410000,6360-196-2,דירה בבית,5,19435
פתח תקווה,הדר המושבות החדשה,994,פתח תקווה,הדר המושבות החדשה,0,102,2020,1975000,6357-4-67,דירה בבית,4,19363
פתח תקווה,הדר המושבות החדשה,995,פתח תקווה,הדר המושבות החדשה,יעל רום 4,166.85,2020,3120000,6376-261-59,דירה בבית,6,18699
פתח תקווה,הדר המושבות החדשה,996,פתח תקווה,הדר המושבות החדשה,משה פלד 1,150,2020,3889000,6360-225-12,דירה בבית,6,25927
פתח תקווה,הדר המושבות החדשה,997,פתח תקווה,הדר המושבות החדשה,רבקה גובר 7,103.9,2020,2100000,7209-22-310,דירה בבית,4,20212
פתח תקווה,הדר המושבות החדשה,998,פתח תקווה,הדר המושבות החדשה,יעל רום 7,120.1,2020,2680000,6360-305-154,דירה בבית,5,22315
פתח תקווה,הדר המושבות החדשה,999,פתח תקווה,הדר המושבות החדשה,משה סנה 28,124.4,2020,2240000,6360-296-103,דירה בבית,5,18006
פתח תקווה,הדר המושבות החדשה,1000,פתח תקווה,הדר המושבות החדשה,יעל רום 12,121.57,2020,2299000,6360-279-4,דירה בבית,5,18911
פתח תקווה,הדר המושבות החדשה,992,פתח תקווה,הדר המושבות החדשה,שרגא רפאלי 11,157.29,2020,2300000,7209-41-88,דירה בבית,5,14623
פתח תקווה,הדר המושבות החדשה,993,פתח תקווה,הדר המושבות החדשה,0,124,2020,2410000,6360-196-2,דירה בבית,5,19435
פתח תקווה,הדר המושבות החדשה,994,פתח תקווה,הדר המושבות החדשה,0,102,2020,1975000,6357-4-67,דירה בבית,4,19363
פתח תקווה,הדר המושבות החדשה,995,פתח תקווה,הדר המושבות החדשה,יעל רום 4,166.85,2020,3120000,6376-261-59,דירה בבית,6,18699
פתח תקווה,הדר המושבות החדשה,996,פתח תקווה,הדר המושבות החדשה,משה פלד 1,150,2020,3889000,6360-225-12,דירה בבית,6,25927
פתח תקווה,הדר המושבות החדשה,997,פתח תקווה,הדר המושבות החדשה,רבקה גובר 7,103.9,2020,2100000,7209-22-310,דירה בבית,4,20212
פתח תקווה,הדר המושבות החדשה,998,פתח תקווה,הדר המושבות החדשה,יעל רום 7,120.1,2020,2680000,6360-305-154,דירה בבית,5,22315
פתח תקווה,הדר המושבות החדשה,999,פתח תקווה,הדר המושבות החדשה,משה סנה 28,124.4,2020,2240000,6360-296-103,דירה בבית,5,18006
פתח תקווה,הדר המושבות החדשה,1000,פתח תקווה,הדר המושבות החדשה,יעל רום 12,121.57,2020,2299000,6360-279-4,דירה בבית,5,18911
פתח תקווה,הדר המושבות החדשה,992,פתח תקווה,הדר המושבות החדשה,שרגא רפאלי 11,157.29,2020,2300000,7209-41-88,דירה בבית,5,14623
פתח תקווה,הדר המושבות החדשה,993,פתח תקווה,הדר המושבות החדשה,0,124,2020,2410000,6360-196-2,דירה בבית,5,19435
פתח תקווה,הדר המושבות החדשה,994,פתח תקווה,הדר המושבות החדשה,0,102,2020,1975000,6357-4-67,דירה בבית,4,19363
פתח תקווה,הדר המושבות החדשה,995,פתח תקווה,הדר המושבות החדשה,יעל רום 4,166.85,2020,3120000,6376-261-59,דירה בבית,6,18699
פתח תקווה,הדר המושבות החדשה,996,פתח תקווה,הדר המושבות החדשה,משה פלד 1,150,2020,3889000,6360-225-12,דירה בבית,6,25927
פתח תקווה,הדר המושבות החדשה,997,פתח תקווה,הדר המושבות החדשה,רבקה גובר 7,103.9,2020,2100000,7209-22-310,דירה בבית,4,20212
פתח תקווה,הדר המושבות החדשה,998,פתח תקווה,הדר המושבות החדשה,יעל רום 7,120.1,2020,2680000,6360-305-154,דירה בבית,5,22315
פתח תקווה,הדר המושבות החדשה,999,פתח תקווה,הדר המושבות החדשה,משה סנה 28,124.4,2020,2240000,6360-296-103,דירה בבית,5,18006
פתח תקווה,הדר המושבות החדשה,1000,פתח תקווה,הדר המושבות החדשה,יעל רום 12,121.57,2020,2299000,6360-279-4,דירה בבית,5,18911
פתח תקווה,הדר המושבות החדשה,992,פתח תקווה,הדר המושבות החדשה,שרגא רפאלי 11,157.29,2020,2300000,7209-41-88,דירה בבית,5,14623
פתח תקווה,הדר המושבות החדשה,993,פתח תקווה,הדר המושבות החדשה,0,124,2020,2410000,6360-196-2,דירה בבית,5,19435
פתח תקווה,הדר המושבות החדשה,994,פתח תקווה,הדר המושבות החדשה,0,102,2020,1975000,6357-4-67,דירה בבית,4,19363
פתח תקווה,הדר המושבות החדשה,995,פתח תקווה,הדר המושבות החדשה,יעל רום 4,166.85,2020,3120000,6376-261-59,דירה בבית,6,18699
פתח תקווה,הדר המושבות החדשה,996,פתח תקווה,הדר המושבות החדשה,משה פלד 1,150,2020,3889000,6360-225-12,דירה בבית,6,25927
פתח תקווה,הדר המושבות החדשה,997,פתח תקווה,הדר המושבות החדשה,רבקה גובר 7,103.9,2020,2100000,7209-22-310,דירה בבית,4,20212
פתח תקווה,הדר המושבות החדשה,998,פתח תקווה,הדר המושבות החדשה,יעל רום 7,120.1,2020,2680000,6360-305-154,דירה בבית,5,22315
פתח תקווה,הדר המושבות החדשה,999,פתח תקווה,הדר המושבות החדשה,משה סנה 28,124.4,2020,2240000,6360-296-103,דירה בבית,5,18006
פתח תקווה,הדר המושבות החדשה,1000,פתח תקווה,הדר המושבות החדשה,יעל רום 12,121.57,2020,2299000,6360-279-4,דירה בבית,5,18911
פתח תקווה,הדר המושבות החדשה,992,פתח תקווה,הדר המושבות החדשה,שרגא רפאלי 11,157.29,2020,2300000,7209-41-88,דירה בבית,5,14623
פתח תקווה,הדר המושבות החדשה,993,פתח תקווה,הדר המושבות החדשה,0,124,2020,2410000,6360-196-2,דירה בבית,5,19435
פתח תקווה,הדר המושבות החדשה,994,פתח תקווה,הדר המושבות החדשה,0,102,2020,1975000,6357-4-67,דירה בבית,4,19363
פתח תקווה,הדר המושבות החדשה,995,פתח תקווה,הדר המושבות החדשה,יעל רום 4,166.85,2020,3120000,6376-261-59,דירה בבית,6,18699
פתח תקווה,הדר המושבות החדשה,996,פתח תקווה,הדר המושבות החדשה,משה פלד 1,150,2020,3889000,6360-225-12,דירה בבית,6,25927
פתח תקווה,הדר המושבות החדשה,997,פתח תקווה,הדר המושבות החדשה,רבקה גובר 7,103.9,2020,2100000,7209-22-310,דירה בבית,4,20212
פתח תקווה,הדר המושבות החדשה,998,פתח תקווה,הדר המושבות החדשה,יעל רום 7,120.1,2020,2680000,6360-305-154,דירה בבית,5,22315
פתח תקווה,הדר המושבות החדשה,999,פתח תקווה,הדר המושבות החדשה,משה סנה 28,124.4,2020,2240000,6360-296-103,דירה בבית,5,18006
פתח תקווה,הדר המושבות החדשה,1000,פתח תקווה,הדר המושבות החדשה,יעל רום 12,121.57,2020,2299000,6360-279-4,דירה בבית,5,18911
פתח תקווה,הדר המושבות החדשה,992,פתח תקווה,הדר המושבות החדשה,שרגא רפאלי 11,157.29,2020,2300000,7209-41-88,דירה בבית,5,14623
פתח תקווה,הדר המושבות החדשה,993,פתח תקווה,הדר המושבות החדשה,0,124,2020,2410000,6360-196-2,דירה בבית,5,19435
פתח תקווה,הדר המושבות החדשה,994,פתח תקווה,הדר המושבות החדשה,0,102,2020,1975000,6357-4-67,דירה בבית,4,19363
פתח תקווה,הדר המושבות החדשה,995,פתח תקווה,הדר המושבות החדשה,יעל רום 4,166.85,2020,3120000,6376-261-59,דירה בבית,6,18699
פתח תקווה,הדר המושבות החדשה,996,פתח תקווה,הדר המושבות החדשה,משה פלד 1,150,2020,3889000,6360-225-12,דירה בבית,6,25927
פתח תקווה,הדר המושבות החדשה,997,פתח תקווה,הדר המושבות החדשה,רבקה גובר 7,103.9,2020,2100000,7209-22-310,דירה בבית,4,20212
פתח תקווה,הדר המושבות החדשה,998,פתח תקווה,הדר המושבות החדשה,יעל רום 7,120.1,2020,2680000,6360-305-154,דירה בבית,5,22315
פתח תקווה,הדר המושבות החדשה,999,פתח תקווה,הדר המושבות החדשה,משה סנה 28,124.4,2020,2240000,6360-296-103,דירה בבית,5,18006
פתח תקווה,הדר המושבות החדשה,1000,פתח תקווה,הדר המושבות החדשה,יעל רום 12,121.57,2020,2299000,6360-279-4,דירה בבית,5,18911
פתח תקווה,הדר המושבות החדשה,992,פתח תקווה,הדר המושבות החדשה,שרגא רפאלי 11,157.29,2020,2300000,7209-41-88,דירה בבית,5,14623
פתח תקווה,הדר המושבות החדשה,993,פתח תקווה,הדר המושבות החדשה,0,124,2020,2410000,6360-196-2,דירה בבית,5,19435
פתח תקווה,הדר המושבות החדשה,994,פתח תקווה,הדר המושבות החדשה,0,102,2020,1975000,6357-4-67,דירה בבית,4,19363
פתח תקווה,הדר המושבות החדשה,995,פתח תקווה,הדר המושבות החדשה,יעל רום 4,166.85,2020,3120000,6376-261-59,דירה בבית,6,18699
פתח תקווה,הדר המושבות החדשה,996,פתח תקווה,הדר המושבות החדשה,משה פלד 1,150,2020,3889000,6360-225-12,דירה בבית,6,25927
פתח תקווה,הדר המושבות החדשה,997,פתח תקווה,הדר המושבות החדשה,רבקה גובר 7,103.9,2020,2100000,7209-22-310,דירה בבית,4,20212
פתח תקווה,הדר המושבות החדשה,998,פתח תקווה,הדר המושבות החדשה,יעל רום 7,120.1,2020,2680000,6360-305-154,דירה בבית,5,22315
פתח תקווה,הדר המושבות החדשה,999,פתח תקווה,הדר המושבות החדשה,משה סנה 28,124.4,2020,2240000,6360-296-103,דירה בבית,5,18006
פתח תקווה,הדר המושבות החדשה,1000,פתח תקווה,הדר המושבות החדשה,יעל רום 12,121.57,2020,2299000,6360-279-4,דירה בבית,5,18911
פתח תקווה,הדר המושבות החדשה,992,פתח תקווה,הדר המושבות החדשה,שרגא רפאלי 11,157.29,2020,2300000,7209-41-88,דירה בבית,5,14623
פתח תקווה,הדר המושבות החדשה,993,פתח תקווה,הדר המושבות החדשה,0,124,2020,2410000,6360-196-2,דירה בבית,5,19435
פתח תקווה,הדר המושבות החדשה,994,פתח תקווה,הדר המושבות החדשה,0,102,2020,1975000,6357-4-67,דירה בבית,4,19363
פתח תקווה,הדר המושבות החדשה,995,פתח תקווה,הדר המושבות החדשה,יעל רום 4,166.85,2020,3120000,6376-261-59,דירה בבית,6,18699
פתח תקווה,הדר המושבות החדשה,996,פתח תקווה,הדר המושבות החדשה,משה פלד 1,150,2020,3889000,6360-225-12,דירה בבית,6,25927
פתח תקווה,הדר המושבות החדשה,997,פתח תקווה,הדר המושבות החדשה,רבקה גובר 7,103.9,2020,2100000,7209-22-310,דירה בבית,4,20212
פתח תקווה,הדר המושבות החדשה,998,פתח תקווה,הדר המושבות החדשה,יעל רום 7,120.1,2020,2680000,6360-305-154,דירה בבית,5,22315
פתח תקווה,הדר המושבות החדשה,999,פתח תקווה,הדר המושבות החדשה,משה סנה 28,124.4,2020,2240000,6360-296-103,דירה בבית,5,18006
פתח תקווה,הדר המושבות החדשה,1000,פתח תקווה,הדר המושבות החדשה,יעל רום 12,121.57,2020,2299000,6360-279-4,דירה בבית,5,18911
פתח תקווה,הדר המושבות החדשה,992,פתח תקווה,הדר המושבות החדשה,שרגא רפאלי 11,157.29,2020,2300000,7209-41-88,דירה בבית,5,14623
פתח תקווה,הדר המושבות החדשה,993,פתח תקווה,הדר המושבות החדשה,0,124,2020,2410000,6360-196-2,דירה בבית,5,19435
פתח תקווה,הדר המושבות החדשה,994,פתח תקווה,הדר המושבות החדשה,0,102,2020,1975000,6357-4-67,דירה בבית,4,19363
פתח תקווה,הדר המושבות החדשה,995,פתח תקווה,הדר המושבות החדשה,יעל רום 4,166.85,2020,3120000,6376-261-59,דירה בבית,6,18699
פתח תקווה,הדר המושבות החדשה,996,פתח תקווה,הדר המושבות החדשה,משה פלד 1,150,2020,3889000,6360-225-12,דירה בבית,6,25927
פתח תקווה,הדר המושבות החדשה,997,פתח תקווה,הדר המושבות החדשה,רבקה גובר 7,103.9,2020,2100000,7209-22-310,דירה בבית,4,20212
פתח תקווה,הדר המושבות החדשה,998,פתח תקווה,הדר המושבות החדשה,יעל רום 7,120.1,2020,2680000,6360-305-154,דירה בבית,5,22315
פתח תקווה,הדר המושבות החדשה,999,פתח תקווה,הדר המושבות החדשה,משה סנה 28,124.4,2020,2240000,6360-296-103,דירה בבית,5,18006
פתח תקווה,הדר המושבות החדשה,1000,פתח תקווה,הדר המושבות החדשה,יעל רום 12,121.57,2020,2299000,6360-279-4,דירה בבית,5,18911
