city,neighborhood,transaction_id,שם העיר,שם השכונה,address,area_sqm,transaction_date,transaction_price,block,property_type,rooms,price_per_sqm
מודיעין-מכבים-רעות,אבני חן,1,מודיעין-מכבים-רעות,אבני חן,תכלת 7,98.34,2025,3720000,5872-25-7,דירה בבית,4,37828
מודיעין-מכבים-רעות,אבני חן,2,מודיעין-מכבים-רעות,אבני חן,תכלת 12,127,2025,4837000,5872-21-9,דירה בבית,6,38087
מודיעין-מכבים-רעות,אבני חן,3,מודיעין-מכבים-רעות,אבני חן,אודם 29,79,2025,2540000,5871-11-23,דירה בבית,3,32152
מודיעין-מכבים-רעות,אבני חן,4,מודיעין-מכבים-רעות,אבני חן,תכלת 65,77,2025,2650000,5871-52-6,דירה בבית,3,34416
מודיעין-מכבים-רעות,אבני חן,6,מודיעין-מכבים-רעות,אבני חן,מגדל ים 4,113.4,2025,3400000,5868-15-37,דירה בבית,4,29982
מודיעין-מכבים-רעות,אבני חן,8,מודיעין-מכבים-רעות,אבני חן,מגדל ים 7,89,2025,2772000,5871-4-46,דירה בבית,4,31146
מודיעין-מכבים-רעות,אבני חן,9,מודיעין-מכבים-רעות,אבני חן,אודם 29,118,2025,3390000,5871-11-3,דירה בבית,4,28729
מודיעין-מכבים-רעות,אבני חן,11,מודיעין-מכבים-רעות,אבני חן,שני 68,119.7,2025,4520000,5871-46-5,דירה בבית,6,37761
מודיעין-מכבים-רעות,אבני חן,12,מודיעין-מכבים-רעות,אבני חן,תכלת 2,91,2025,2950000,5872-29-24,דירה בבית,4,32418
מודיעין-מכבים-רעות,אבני חן,14,מודיעין-מכבים-רעות,אבני חן,מגדל ים 4,112.9,2025,3040000,5868-15-7,דירה בבית,4,26926
מודיעין-מכבים-רעות,אבני חן,15,מודיעין-מכבים-רעות,אבני חן,לשם 63,76.3,2025,2800000,5871-30-49,דירה בבית,3,36697
מודיעין-מכבים-רעות,אבני חן,16,מודיעין-מכבים-רעות,אבני חן,תכלת 69,99.3,2025,3420000,5871-51-8,דירה בבית,5,34441
מודיעין-מכבים-רעות,אבני חן,17,מודיעין-מכבים-רעות,אבני חן,מגדל המנורה 2,106.2,2025,3450000,5872-19-186,דירה בבית,4,32486
מודיעין-מכבים-רעות,אבני חן,18,מודיעין-מכבים-רעות,אבני חן,אודם 22,87,2025,2800000,5871-6-8,דירה בבית,4,32184
מודיעין-מכבים-רעות,אבני חן,19,מודיעין-מכבים-רעות,אבני חן,לשם 69,116.1,2025,3422000,5870-23-12,דירה בבית,5,29475
מודיעין-מכבים-רעות,אבני חן,20,מודיעין-מכבים-רעות,אבני חן,שני 60,126.6,2025,4600000,5871-53-6,דירה בבית,6,36335
מודיעין-מכבים-רעות,אבני חן,21,מודיעין-מכבים-רעות,אבני חן,ענבר 11,85,2025,3040000,5870-13-7,דירה בבית,4,35765
מודיעין-מכבים-רעות,אבני חן,22,מודיעין-מכבים-רעות,אבני חן,מגדל המנורה 2,106.2,2025,3560000,5872-19-34,דירה בבית,4,33522
מודיעין-מכבים-רעות,אבני חן,24,מודיעין-מכבים-רעות,אבני חן,תכלת 54,94,2024,3040000,5871-24-41,דירה בבית,4,32340
מודיעין-מכבים-רעות,אבני חן,25,מודיעין-מכבים-רעות,אבני חן,תכלת 79,104,2024,2900000,5871-39-22,דירה בבית,4,27885
מודיעין-מכבים-רעות,אבני חן,26,מודיעין-מכבים-רעות,אבני חן,שני 6,98.15,2024,3025000,5874-34-6,דירה בבית,4,30820
מודיעין-מכבים-רעות,אבני חן,28,מודיעין-מכבים-רעות,אבני חן,אודם 23,99.6,2024,3170000,5870-20-4,דירה בבית,4,31827
מודיעין-מכבים-רעות,אבני חן,29,מודיעין-מכבים-רעות,אבני חן,עמק זבולון 69,100.2,2024,2770000,5868-30-10,דירה בבית,4,27645
מודיעין-מכבים-רעות,אבני חן,30,מודיעין-מכבים-רעות,אבני חן,תרשיש 19,132.97,2024,4950000,5868-53-5,דירה בבית,5,37226
מודיעין-מכבים-רעות,אבני חן,32,מודיעין-מכבים-רעות,אבני חן,אבני החושן 17,98.4,2024,3130000,5871-58-7,דירה בבית,5,31809
מודיעין-מכבים-רעות,אבני חן,34,מודיעין-מכבים-רעות,אבני חן,מגדל המנורה 2,75.75,2024,2850000,5872-19-38,דירה בבית,3,37624
מודיעין-מכבים-רעות,אבני חן,36,מודיעין-מכבים-רעות,אבני חן,אבני החושן 7,91,2024,3220000,5872-29-11,דירה בבית,4,35385
מודיעין-מכבים-רעות,אבני חן,37,מודיעין-מכבים-רעות,אבני חן,תרשיש 34,108.1,2024,4025000,5871-9-13,דירה בבית,5,37234
מודיעין-מכבים-רעות,אבני חן,39,מודיעין-מכבים-רעות,אבני חן,אבני החושן 68,128.95,2024,4950000,5868-27-33,דירה בבית,5,38387
מודיעין-מכבים-רעות,אבני חן,40,מודיעין-מכבים-רעות,אבני חן,יהלום 56,129,2024,4800000,5868-24-36,דירה בבית,5,37209
מודיעין-מכבים-רעות,אבני חן,41,מודיעין-מכבים-רעות,אבני חן,מגדל המנורה 2,106.2,2024,3500000,5872-19-168,דירה בבית,4,32957
מודיעין-מכבים-רעות,אבני חן,42,מודיעין-מכבים-רעות,אבני חן,תרשיש 12,109,2024,3775000,5868-38-34,דירה בבית,4.5,34633
מודיעין-מכבים-רעות,אבני חן,43,מודיעין-מכבים-רעות,אבני חן,ענבר 12,92,2024,3020000,5869-44-14,דירה בבית,4,32826
מודיעין-מכבים-רעות,אבני חן,44,מודיעין-מכבים-רעות,אבני חן,עמק זבולון 69,93.45,2024,2820000,5868-30-12,דירה בבית,4,30177
מודיעין-מכבים-רעות,אבני חן,45,מודיעין-מכבים-רעות,אבני חן,תרשיש 42,103.9,2024,3441000,5871-50-32,דירה בבית,5,33118
מודיעין-מכבים-רעות,אבני חן,46,מודיעין-מכבים-רעות,אבני חן,בדולח 9,91,2024,2600000,5871-13-39,דירה בבית,3.5,28571
מודיעין-מכבים-רעות,אבני חן,47,מודיעין-מכבים-רעות,אבני חן,מגדל המנורה 2,106.05,2024,1550000,5872-19-14,דירה בבית,4,14616
מודיעין-מכבים-רעות,אבני חן,48,מודיעין-מכבים-רעות,אבני חן,תרשיש 9,87,2024,2740000,5869-41-5,דירה בבית,4,31494
מודיעין-מכבים-רעות,אבני חן,49,מודיעין-מכבים-רעות,אבני חן,ענבר 8,90,2024,2950000,5869-45-19,דירה בבית,4,32778
מודיעין-מכבים-רעות,אבני חן,50,מודיעין-מכבים-רעות,אבני חן,בדולח 8,102,2024,3130000,5871-28-28,דירה בבית,3,30686
מודיעין-מכבים-רעות,אבני חן,51,מודיעין-מכבים-רעות,אבני חן,תכלת 12,129,2024,4250000,5872-21-20,דירה בבית,5,32946
מודיעין-מכבים-רעות,אבני חן,52,מודיעין-מכבים-רעות,אבני חן,לשם 59,82,2024,2600000,5871-30-18,דירה בבית,3,31707
מודיעין-מכבים-רעות,אבני חן,53,מודיעין-מכבים-רעות,אבני חן,יהלום 34,93.4,2024,3150000,5869-33-9,דירה בבית,4,33726
מודיעין-מכבים-רעות,אבני חן,54,מודיעין-מכבים-רעות,אבני חן,ענבר 9,82.7,2024,2825000,5870-14-26,דירה בבית,4,34160
מודיעין-מכבים-רעות,אבני חן,55,מודיעין-מכבים-רעות,אבני חן,אודם 29,72,2024,2580000,5871-11-27,דירה בבית,3,35833
מודיעין-מכבים-רעות,אבני חן,56,מודיעין-מכבים-רעות,אבני חן,מגדל המנורה 43,98.4,2024,3050000,5871-58-26,דירה בבית,5,30996
מודיעין-מכבים-רעות,אבני חן,57,מודיעין-מכבים-רעות,אבני חן,שני 7,128.4,2024,4600000,5874-26-4,דירת גן,5,35826
מודיעין-מכבים-רעות,אבני חן,58,מודיעין-מכבים-רעות,אבני חן,תרשיש 38,117.45,2024,4525000,5871-50-9,דירת גן,5,38527
מודיעין-מכבים-רעות,אבני חן,59,מודיעין-מכבים-רעות,אבני חן,שני 20,95,2024,2975000,5874-29-11,דירה בבית,4,31316
מודיעין-מכבים-רעות,אבני חן,61,מודיעין-מכבים-רעות,אבני חן,תכלת 50,94,2024,3120000,5871-24-21,דירה בבית,4,33191
מודיעין-מכבים-רעות,אבני חן,62,מודיעין-מכבים-רעות,אבני חן,נופך 36,88,2024,2820000,5869-39-5,דירה בבית,4,32045
מודיעין-מכבים-רעות,אבני חן,63,מודיעין-מכבים-רעות,אבני חן,תרשיש 65,136.65,2024,4720000,5868-42-6,דירה בבית,5,34541
מודיעין-מכבים-רעות,אבני חן,64,מודיעין-מכבים-רעות,אבני חן,תרשיש 61,158.05,2024,5500000,5868-43-10,קוטג' דו משפחתי,6,34799
מודיעין-מכבים-רעות,אבני חן,66,מודיעין-מכבים-רעות,אבני חן,תרשיש 16,119,2024,4025000,5868-38-60,דירה בבית,4,33824
מודיעין-מכבים-רעות,אבני חן,67,מודיעין-מכבים-רעות,אבני חן,אבני החושן 17,98.8,2024,2950000,5871-58-8,דירה בבית,5,29858
מודיעין-מכבים-רעות,אבני חן,68,מודיעין-מכבים-רעות,אבני חן,מגדל המנורה 2,106.2,2024,2917000,5872-19-53,דירה בבית,4,27467
מודיעין-מכבים-רעות,אבני חן,69,מודיעין-מכבים-רעות,אבני חן,תרשיש 31,133.61,2024,4900000,5868-50-8,דירה בבית,5,36674
מודיעין-מכבים-רעות,אבני חן,70,מודיעין-מכבים-רעות,אבני חן,מגדל ים 6,111.6,2024,3100000,5868-15-94,דירה בבית,4,27778
מודיעין-מכבים-רעות,אבני חן,72,מודיעין-מכבים-רעות,אבני חן,לשם 71,112.3,2024,3600000,5870-23-39,דירה בבית,5,32057
מודיעין-מכבים-רעות,אבני חן,74,מודיעין-מכבים-רעות,אבני חן,בדולח 7,94,2024,2985000,5871-13-6,דירה בבית,4,31755
מודיעין-מכבים-רעות,אבני חן,76,מודיעין-מכבים-רעות,אבני חן,שני 15,125.7,2024,4650000,5874-24-7,דירה בבית,5,36993
מודיעין-מכבים-רעות,אבני חן,77,מודיעין-מכבים-רעות,אבני חן,ענבר 8,101,2024,2800000,5869-45-15,דירה בבית,4,27723
מודיעין-מכבים-רעות,אבני חן,78,מודיעין-מכבים-רעות,אבני חן,אודם 29,118,2024,3065000,5871-11-5,דירה בבית,4.5,25975
מודיעין-מכבים-רעות,אבני חן,79,מודיעין-מכבים-רעות,אבני חן,אבני החושן 23,102.85,2024,2800000,5871-60-56,דירה בבית,4.5,27224
מודיעין-מכבים-רעות,אבני חן,80,מודיעין-מכבים-רעות,אבני חן,מגדל המנורה 43,98.4,2024,3200000,5871-58-27,דירה בבית,5,32520
מודיעין-מכבים-רעות,אבני חן,83,מודיעין-מכבים-רעות,אבני חן,תרשיש 57,133.39,2024,4640000,5868-44-2,דירה בבית,5,34785
מודיעין-מכבים-רעות,אבני חן,84,מודיעין-מכבים-רעות,אבני חן,תרשיש 14,122,2023,4135000,5868-38-23,דירת גן,5,33893
מודיעין-מכבים-רעות,אבני חן,85,מודיעין-מכבים-רעות,אבני חן,לשם 63,91,2023,2740000,5871-30-36,דירה בבית,4,30110
מודיעין-מכבים-רעות,אבני חן,87,מודיעין-מכבים-רעות,אבני חן,תרשיש 38,92.9,2023,2950000,5871-50-14,דירה בבית,4,31755
מודיעין-מכבים-רעות,אבני חן,88,מודיעין-מכבים-רעות,אבני חן,יהלום 15,106.7,2023,3230000,5870-14-15,דירה בבית,5,30272
מודיעין-מכבים-רעות,אבני חן,89,מודיעין-מכבים-רעות,אבני חן,מגדל ים 4,114.1,2023,3000000,5868-15-3,דירה בבית,4,26293
מודיעין-מכבים-רעות,אבני חן,90,מודיעין-מכבים-רעות,אבני חן,לשם 71,97.3,2023,2815000,5870-23-44,דירה בבית,4,28931
מודיעין-מכבים-רעות,אבני חן,91,מודיעין-מכבים-רעות,אבני חן,מגדל המנורה 43,98.8,2023,2900000,5871-58-35,דירה בבית,4.5,29352
מודיעין-מכבים-רעות,אבני חן,92,מודיעין-מכבים-רעות,אבני חן,בדולח 9,79,2023,2675000,5871-13-53,דירה בבית,3,33861
מודיעין-מכבים-רעות,אבני חן,93,מודיעין-מכבים-רעות,אבני חן,תכלת 89,75.04,2023,2350000,5871-22-23,דירה בבית,3,31317
מודיעין-מכבים-רעות,אבני חן,94,מודיעין-מכבים-רעות,אבני חן,תכלת 69,76.6,2023,2325000,5871-51-15,דירה בבית,3,30352
מודיעין-מכבים-רעות,אבני חן,96,מודיעין-מכבים-רעות,אבני חן,ענבר 11,85,2023,2740000,5870-13-8,דירה בבית,4,32235
מודיעין-מכבים-רעות,אבני חן,97,מודיעין-מכבים-רעות,אבני חן,תכלת 38,100.9,2023,2850000,5871-60-27,דירה בבית,4.5,28246
מודיעין-מכבים-רעות,אבני חן,98,מודיעין-מכבים-רעות,אבני חן,מגדל המנורה 2,75.75,2023,2670000,5872-19-6,דירה בבית,3,35248
מודיעין-מכבים-רעות,אבני חן,99,מודיעין-מכבים-רעות,אבני חן,אבני החושן 49,99,2023,1475000,5871-22-31,דירה בבית,4,14899
מודיעין-מכבים-רעות,אבני חן,100,מודיעין-מכבים-רעות,אבני חן,תרשיש 75,101,2023,2900000,5871-11-34,דירה בבית,4,28713
מודיעין-מכבים-רעות,אבני חן,101,מודיעין-מכבים-רעות,אבני חן,תכלת 53,106.85,2023,2850000,5874-38-13,דירה בבית,4,26673
מודיעין-מכבים-רעות,אבני חן,102,מודיעין-מכבים-רעות,אבני חן,תרשיש 38,105.65,2023,3000000,5871-50-4,דירה בבית,5,28396
מודיעין-מכבים-רעות,אבני חן,104,מודיעין-מכבים-רעות,אבני חן,תרשיש 42,97.15,2023,2770000,5871-50-33,דירה בבית,4,28513
מודיעין-מכבים-רעות,אבני חן,105,מודיעין-מכבים-רעות,אבני חן,תרשיש 27,82.79,2023,2600000,5868-51-11,דירה בבית,3,31405
מודיעין-מכבים-רעות,אבני חן,106,מודיעין-מכבים-רעות,אבני חן,נופך 45,75,2023,2420000,5869-43-28,דירה בבית,4,32267
מודיעין-מכבים-רעות,אבני חן,107,מודיעין-מכבים-רעות,אבני חן,עמק זבולון 35,98.43,2023,2800000,5869-23-4,דירה בבית,4,28447
מודיעין-מכבים-רעות,אבני חן,108,מודיעין-מכבים-רעות,אבני חן,בדולח 23,106,2023,4000000,5871-4-22,דירה בבית,5,37736
מודיעין-מכבים-רעות,אבני חן,109,מודיעין-מכבים-רעות,אבני חן,תכלת 41,91.2,2023,2630000,5874-28-12,דירה בבית,4,28838
מודיעין-מכבים-רעות,אבני חן,110,מודיעין-מכבים-רעות,אבני חן,עמק זבולון 55,96.3,2023,3600000,5869-34-7,דירת גן,4,37383
מודיעין-מכבים-רעות,אבני חן,111,מודיעין-מכבים-רעות,אבני חן,מגדל ים 4,105.2,2023,3000000,5868-15-23,דירה בבית,4,28517
מודיעין-מכבים-רעות,אבני חן,112,מודיעין-מכבים-רעות,אבני חן,אודם 14,89.8,2023,2750000,5870-16-12,דירה בבית,4,30624
מודיעין-מכבים-רעות,אבני חן,113,מודיעין-מכבים-רעות,אבני חן,תכלת 38,101.35,2023,2850000,5871-60-21,דירה בבית,5,28120
מודיעין-מכבים-רעות,אבני חן,114,מודיעין-מכבים-רעות,אבני חן,תכלת 61,125.3,2023,3600000,5874-36-11,דירה בבית,4,28731
מודיעין-מכבים-רעות,אבני חן,115,מודיעין-מכבים-רעות,אבני חן,אודם 22,87,2023,2630000,5871-6-26,דירה בבית,4,30230
מודיעין-מכבים-רעות,אבני חן,116,מודיעין-מכבים-רעות,אבני חן,תכלת 79,105,2023,2910000,5871-39-20,דירה בבית,4,27714
מודיעין-מכבים-רעות,אבני חן,117,מודיעין-מכבים-רעות,אבני חן,שני 28,99.3,2023,3400000,5874-39-22,דירה בבית,4,34240
מודיעין-מכבים-רעות,אבני חן,118,מודיעין-מכבים-רעות,אבני חן,תכלת 56,84.6,2023,3150000,5871-24-62,דירה בבית,4,37234
מודיעין-מכבים-רעות,אבני חן,119,מודיעין-מכבים-רעות,אבני חן,תרשיש 65,80.75,2023,2380000,5868-42-11,דירה בבית,3,29474
מודיעין-מכבים-רעות,אבני חן,121,מודיעין-מכבים-רעות,אבני חן,מגדל המנורה 5,119,2023,4600000,5872-28-8,דירת גן,5,38655
מודיעין-מכבים-רעות,אבני חן,122,מודיעין-מכבים-רעות,אבני חן,ענבר 10,86,2023,2900000,5869-44-4,דירה בבית,4,33721
מודיעין-מכבים-רעות,אבני חן,123,מודיעין-מכבים-רעות,אבני חן,אבני החושן 49,92.47,2023,2750000,5871-22-29,דירה בבית,4,29739
מודיעין-מכבים-רעות,אבני חן,124,מודיעין-מכבים-רעות,אבני חן,ענבר 11,103.6,2023,3350000,5870-13-15,דירה בבית,5,32336
מודיעין-מכבים-רעות,אבני חן,125,מודיעין-מכבים-רעות,אבני חן,מגדל המנורה 11,95.5,2023,3600000,5872-21-44,דירה בבית,4,37696
מודיעין-מכבים-רעות,אבני חן,126,מודיעין-מכבים-רעות,אבני חן,יהלום 12,89.4,2023,3200000,5870-33-18,דירה בבית,4,35794
מודיעין-מכבים-רעות,אבני חן,127,מודיעין-מכבים-רעות,אבני חן,מגדל ים 6,111.2,2023,3050000,5868-15-81,דירה בבית,4,27428
מודיעין-מכבים-רעות,אבני חן,128,מודיעין-מכבים-רעות,אבני חן,תכלת 38,99.75,2023,3300000,5871-60-19,דירה בבית,5,33083
מודיעין-מכבים-רעות,אבני חן,129,מודיעין-מכבים-רעות,אבני חן,מגדל המנורה 2,106.2,2023,3390000,5872-19-62,דירה בבית,4,31921
מודיעין-מכבים-רעות,אבני חן,130,מודיעין-מכבים-רעות,אבני חן,יהלום 59,115.3,2023,4346000,5868-34-6,דירה בבית,5,37693
מודיעין-מכבים-רעות,אבני חן,131,מודיעין-מכבים-רעות,אבני חן,תכלת 69,75.9,2023,2600000,5871-51-14,דירה בבית,3,34256
מודיעין-מכבים-רעות,אבני חן,132,מודיעין-מכבים-רעות,אבני חן,תכלת 60,111.1,2023,3525000,5871-24-83,דירה בבית,5,31728
מודיעין-מכבים-רעות,אבני חן,133,מודיעין-מכבים-רעות,אבני חן,תכלת 87,101.99,2023,3570000,5871-22-10,דירה בבית,4,35003
מודיעין-מכבים-רעות,אבני חן,134,מודיעין-מכבים-רעות,אבני חן,תרשיש 75,118,2023,3200000,5871-11-31,דירה בבית,4.5,27119
מודיעין-מכבים-רעות,אבני חן,135,מודיעין-מכבים-רעות,אבני חן,מגדל ים 23,90.39,2023,2400000,5868-46-9,דירה בבית,4,26552
מודיעין-מכבים-רעות,אבני חן,136,מודיעין-מכבים-רעות,אבני חן,ענבר 6,90,2023,3295000,5869-45-7,דירה בבית,4,36611
מודיעין-מכבים-רעות,אבני חן,137,מודיעין-מכבים-רעות,אבני חן,ענבר 8,90,2023,2860000,5869-45-21,דירה בבית,4,31778
מודיעין-מכבים-רעות,אבני חן,138,מודיעין-מכבים-רעות,אבני חן,תרשיש 34,89.9,2023,2625000,5871-9-9,דירה בבית,4,29199
מודיעין-מכבים-רעות,אבני חן,139,מודיעין-מכבים-רעות,אבני חן,תכלת 37,130.05,2023,4000000,5874-30-12,דירה בבית,5,30757
מודיעין-מכבים-רעות,אבני חן,140,מודיעין-מכבים-רעות,אבני חן,תרשיש 53,133.42,2023,4450000,5868-45-2,דירה בבית,5,33353
מודיעין-מכבים-רעות,אבני חן,141,מודיעין-מכבים-רעות,אבני חן,תרשיש 19,90.39,2023,2970000,5868-53-10,דירה בבית,4,32858
מודיעין-מכבים-רעות,אבני חן,142,מודיעין-מכבים-רעות,אבני חן,שני 12,123.81,2023,3965000,5874-31-13,דירה בבית,5,32025
מודיעין-מכבים-רעות,אבני חן,143,מודיעין-מכבים-רעות,אבני חן,בדולח 23,71,2023,2490000,5871-4-11,דירה בבית,3,35070
מודיעין-מכבים-רעות,אבני חן,144,מודיעין-מכבים-רעות,אבני חן,עמק זבולון 31,93.6,2023,3100000,5870-63-4,דירה בבית,4,33120
מודיעין-מכבים-רעות,אבני חן,145,מודיעין-מכבים-רעות,אבני חן,אודם 23,97.3,2023,3065000,5870-20-27,דירה בבית,4,31501
מודיעין-מכבים-רעות,אבני חן,146,מודיעין-מכבים-רעות,אבני חן,יהלום 18,102.26,2022,3880000,5869-23-19,דירת גן,4,37942
מודיעין-מכבים-רעות,אבני חן,147,מודיעין-מכבים-רעות,אבני חן,בדולח 7,115,2022,3420000,5871-13-3,דירה בבית,4.5,29739
מודיעין-מכבים-רעות,אבני חן,149,מודיעין-מכבים-רעות,אבני חן,תרשיש 42,105.35,2022,3080000,5871-50-31,דירה בבית,5,29236
מודיעין-מכבים-רעות,אבני חן,150,מודיעין-מכבים-רעות,אבני חן,עמק זבולון 39,110.15,2022,3615000,5869-24-1,דירה בבית,4,32819
מודיעין-מכבים-רעות,אבני חן,151,מודיעין-מכבים-רעות,אבני חן,בדולח 23,86,2022,2840000,5871-4-30,דירה בבית,4,33023
מודיעין-מכבים-רעות,אבני חן,152,מודיעין-מכבים-רעות,אבני חן,שני 19,134.6,2022,5000000,5874-23-7,דירת גן,5,37147
מודיעין-מכבים-רעות,אבני חן,153,מודיעין-מכבים-רעות,אבני חן,יהלום 34,93.4,2022,3070000,5869-33-10,דירה בבית,4,32869
מודיעין-מכבים-רעות,אבני חן,154,מודיעין-מכבים-רעות,אבני חן,תכלת 45,96.2,2022,3125000,5874-39-8,דירה בבית,4,32484
מודיעין-מכבים-רעות,אבני חן,156,מודיעין-מכבים-רעות,אבני חן,תרשיש 31,80.57,2022,2612000,5868-50-12,דירה בבית,3,32419
מודיעין-מכבים-רעות,אבני חן,157,מודיעין-מכבים-רעות,אבני חן,תכלת 81,105,2022,3140000,5871-39-13,דירה בבית,4,29905
מודיעין-מכבים-רעות,אבני חן,158,מודיעין-מכבים-רעות,אבני חן,מגדל ים 4,113.3,2022,3250000,5868-15-19,דירה בבית,4,28685
מודיעין-מכבים-רעות,אבני חן,159,מודיעין-מכבים-רעות,אבני חן,אודם 29,118,2022,3320000,5871-11-24,דירה בבית,4.5,28136
מודיעין-מכבים-רעות,אבני חן,160,מודיעין-מכבים-רעות,אבני חן,אודם 21,81.7,2022,2660000,5870-20-46,דירה בבית,3,32558
מודיעין-מכבים-רעות,אבני חן,163,מודיעין-מכבים-רעות,אבני חן,מגדל ים 6,112.2,2022,3300000,5868-15-106,דירה בבית,4,29412
מודיעין-מכבים-רעות,אבני חן,164,מודיעין-מכבים-רעות,אבני חן,מגדל ים 6,114,2022,3400000,5868-15-80,דירה בבית,4,29825
מודיעין-מכבים-רעות,אבני חן,165,מודיעין-מכבים-רעות,אבני חן,יהלום 63,104.8,2022,3790000,5868-33-18,דירה בבית,4,36164
מודיעין-מכבים-רעות,אבני חן,166,מודיעין-מכבים-רעות,אבני חן,מגדל המנורה 2,106.2,2022,3330000,5872-19-163,דירה בבית,4,31356
מודיעין-מכבים-רעות,אבני חן,167,מודיעין-מכבים-רעות,אבני חן,לשם 59,102,2022,3435000,5871-30-7,דירה בבית,4,33676
מודיעין-מכבים-רעות,אבני חן,168,מודיעין-מכבים-רעות,אבני חן,תכלת 45,111.6,2022,3900000,5874-39-7,דירה בבית,4,34946
מודיעין-מכבים-רעות,אבני חן,169,מודיעין-מכבים-רעות,אבני חן,תכלת 12,138.5,2022,4450000,5872-21-18,דירה בבית,5,32130
מודיעין-מכבים-רעות,אבני חן,170,מודיעין-מכבים-רעות,אבני חן,מגדל המנורה 2,106.05,2022,3680000,5872-19-122,דירה בבית,4,34701
מודיעין-מכבים-רעות,אבני חן,171,מודיעין-מכבים-רעות,אבני חן,מגדל המנורה 2,108.1,2022,3800000,5872-19-179,דירה בבית,5,35153
מודיעין-מכבים-רעות,אבני חן,172,מודיעין-מכבים-רעות,אבני חן,תכלת 21,145.55,2022,5200000,5874-32-3,דירת גן,5,35727
מודיעין-מכבים-רעות,אבני חן,173,מודיעין-מכבים-רעות,אבני חן,תכלת 77,104,2022,3090000,5871-39-30,דירה בבית,4,29712
מודיעין-מכבים-רעות,אבני חן,174,מודיעין-מכבים-רעות,אבני חן,אבני החושן 45,113.7,2022,4270000,5871-22-25,דירה בבית,5,37555
מודיעין-מכבים-רעות,אבני חן,176,מודיעין-מכבים-רעות,אבני חן,מגדל המנורה 2,82.8,2022,2800000,5872-19-15,דירה בבית,3,33816
מודיעין-מכבים-רעות,אבני חן,177,מודיעין-מכבים-רעות,אבני חן,מגדל ים 6,114.2,2022,3200000,5868-15-87,דירה בבית,4,28021
מודיעין-מכבים-רעות,אבני חן,178,מודיעין-מכבים-רעות,אבני חן,שני 36,131.9,2022,4950000,5874-38-1,דירה בבית,5,37528
מודיעין-מכבים-רעות,אבני חן,179,מודיעין-מכבים-רעות,אבני חן,בדולח 9,86,2022,3180000,5871-13-36,דירה בבית,4,36977
מודיעין-מכבים-רעות,אבני חן,180,מודיעין-מכבים-רעות,אבני חן,בדולח 9,67,2022,2521000,5871-13-55,דירה בבית,3,37627
מודיעין-מכבים-רעות,אבני חן,181,מודיעין-מכבים-רעות,אבני חן,מגדל ים 6,120,2022,4000000,5868-15-98,דירה בבית,4,33333
מודיעין-מכבים-רעות,אבני חן,183,מודיעין-מכבים-רעות,אבני חן,תרשיש 5,90,2022,3250000,5869-42-2,דירה בבית,4,36111
מודיעין-מכבים-רעות,אבני חן,184,מודיעין-מכבים-רעות,אבני חן,תכלת 38,104.85,2022,3075000,5871-60-5,דירה בבית,5,29328
מודיעין-מכבים-רעות,אבני חן,186,מודיעין-מכבים-רעות,אבני חן,אבני החושן 12,107.7,2022,3460000,5870-85-9,דירה בבית,5,32126
מודיעין-מכבים-רעות,אבני חן,187,מודיעין-מכבים-רעות,אבני חן,ענבר 10,92,2022,2825000,5869-44-5,דירה בבית,4,30707
מודיעין-מכבים-רעות,אבני חן,188,מודיעין-מכבים-רעות,אבני חן,מגדל המנורה 2,106.2,2022,3260000,5872-19-97,דירה בבית,4,30697
מודיעין-מכבים-רעות,אבני חן,190,מודיעין-מכבים-רעות,אבני חן,תרשיש 42,75,2022,2480000,5871-50-28,דירה בבית,3,33067
מודיעין-מכבים-רעות,אבני חן,191,מודיעין-מכבים-רעות,אבני חן,שני 22,95,2022,2800000,5874-29-5,דירה בבית,4,29474
מודיעין-מכבים-רעות,אבני חן,192,מודיעין-מכבים-רעות,אבני חן,ענבר 13,85.3,2022,3300000,5870-13-1,דירה בבית,4,38687
מודיעין-מכבים-רעות,אבני חן,194,מודיעין-מכבים-רעות,אבני חן,בדולח 7,115,2022,3160000,5871-13-7,דירה בבית,4,27478
מודיעין-מכבים-רעות,אבני חן,195,מודיעין-מכבים-רעות,אבני חן,יהלום 42,88,2022,3250000,5869-37-12,דירה בבית,4,36932
מודיעין-מכבים-רעות,אבני חן,196,מודיעין-מכבים-רעות,אבני חן,לשם 63,89,2022,2550000,5871-30-39,דירה בבית,4,28652
מודיעין-מכבים-רעות,אבני חן,197,מודיעין-מכבים-רעות,אבני חן,תרשיש 61,158.05,2022,5280000,5868-43-9,דירת,5,33407
מודיעין-מכבים-רעות,אבני חן,198,מודיעין-מכבים-רעות,אבני חן,יהלום 32,69.6,2022,2440000,5869-32-18,דירה בבית,3,35057
מודיעין-מכבים-רעות,אבני חן,200,מודיעין-מכבים-רעות,אבני חן,אבני החושן 5,91,2022,2700000,5872-29-18,דירה בבית,4,29670
מודיעין-מכבים-רעות,אבני חן,201,מודיעין-מכבים-רעות,אבני חן,בדולח 7,136,2022,3800000,5871-13-15,דירה בבית,6,27941
מודיעין-מכבים-רעות,אבני חן,202,מודיעין-מכבים-רעות,אבני חן,תכלת 38,101.2,2022,3400000,5871-60-10,דירה בבית,4,33597
מודיעין-מכבים-רעות,אבני חן,203,מודיעין-מכבים-רעות,אבני חן,עמק זבולון 59,90.8,2022,2960000,5869-36-12,דירה בבית,4,32599
מודיעין-מכבים-רעות,אבני חן,204,מודיעין-מכבים-רעות,אבני חן,תכלת 69,75.3,2022,2430000,5871-51-20,דירה בבית,3,32271
מודיעין-מכבים-רעות,אבני חן,205,מודיעין-מכבים-רעות,אבני חן,תרשיש 30,100.7,2022,2840000,5868-32-8,דירה בבית,4,28203
מודיעין-מכבים-רעות,אבני חן,206,מודיעין-מכבים-רעות,אבני חן,מגדל המנורה 31,123.55,2022,3860000,5871-56-1,דירה בבית,5,31242
מודיעין-מכבים-רעות,אבני חן,207,מודיעין-מכבים-רעות,אבני חן,תכלת 54,84.6,2022,2950000,5871-24-36,דירה בבית,4,34870
מודיעין-מכבים-רעות,אבני חן,208,מודיעין-מכבים-רעות,אבני חן,תכלת 15,127.25,2022,3500000,5874-33-12,דירה בבית,5,27505
מודיעין-מכבים-רעות,אבני חן,209,מודיעין-מכבים-רעות,אבני חן,לשם 59,102,2022,2897000,5871-30-28,דירה בבית,4,28402
מודיעין-מכבים-רעות,אבני חן,210,מודיעין-מכבים-רעות,אבני חן,לשם 69,81.4,2022,2330000,5870-23-32,דירה בבית,3,28624
מודיעין-מכבים-רעות,אבני חן,211,מודיעין-מכבים-רעות,אבני חן,תרשיש 75,96,2022,2850000,5871-11-32,דירה בבית,4,29688
מודיעין-מכבים-רעות,אבני חן,212,מודיעין-מכבים-רעות,אבני חן,תכלת 53,131.9,2022,4480000,5874-38-2,דירה בבית,5,33965
מודיעין-מכבים-רעות,אבני חן,213,מודיעין-מכבים-רעות,אבני חן,שני 78,120.4,2022,4100000,5871-46-12,דירת גן,6,34053
מודיעין-מכבים-רעות,אבני חן,214,מודיעין-מכבים-רעות,אבני חן,אבני החושן 66,128.95,2022,4550000,5868-27-4,דירה בבית,5,35285
מודיעין-מכבים-רעות,אבני חן,215,מודיעין-מכבים-רעות,אבני חן,תכלת 79,105,2022,2800000,5871-39-21,דירה בבית,4,26667
מודיעין-מכבים-רעות,אבני חן,216,מודיעין-מכבים-רעות,אבני חן,יהלום 15,78.9,2022,2040000,5870-14-12,דירה בבית,3,25856
מודיעין-מכבים-רעות,אבני חן,217,מודיעין-מכבים-רעות,אבני חן,יהלום 54,80.35,2022,2610000,5868-24-6,דירה בבית,3,32483
מודיעין-מכבים-רעות,אבני חן,218,מודיעין-מכבים-רעות,אבני חן,תרשיש 30,106.5,2022,2830000,5868-32-9,דירה בבית,4,26573
מודיעין-מכבים-רעות,אבני חן,219,מודיעין-מכבים-רעות,אבני חן,יהלום 8,102.8,2022,3610000,5870-64-13,דירת גן,4,35117
מודיעין-מכבים-רעות,אבני חן,220,מודיעין-מכבים-רעות,אבני חן,יהלום 11,71.1,2022,2055000,5870-54-20,דירה בבית,3,28903
מודיעין-מכבים-רעות,אבני חן,221,מודיעין-מכבים-רעות,אבני חן,תרשיש 38,100.2,2022,2550000,5871-50-5,דירה בבית,4,25449
מודיעין-מכבים-רעות,אבני חן,222,מודיעין-מכבים-רעות,אבני חן,מגדל ים 4,115,2022,2850000,5868-15-40,דירה בבית,4,24783
מודיעין-מכבים-רעות,אבני חן,224,מודיעין-מכבים-רעות,אבני חן,מגדל המנורה 2,92.5,2022,2740000,5872-19-3,דירה בבית,3,29622
מודיעין-מכבים-רעות,אבני חן,225,מודיעין-מכבים-רעות,אבני חן,לשם 59,118,2022,2800000,5871-30-24,דירה בבית,4,23729
מודיעין-מכבים-רעות,אבני חן,226,מודיעין-מכבים-רעות,אבני חן,תכלת 81,110.4,2022,3480000,5871-39-11,דירה בבית,5,31522
מודיעין-מכבים-רעות,אבני חן,227,מודיעין-מכבים-רעות,אבני חן,בדולח 4,93.8,2022,3100000,5871-28-30,דירת גן,4,33049
מודיעין-מכבים-רעות,אבני חן,229,מודיעין-מכבים-רעות,אבני חן,בדולח 23,86,2022,2340000,5871-4-18,דירה בבית,4,27209
מודיעין-מכבים-רעות,אבני חן,230,מודיעין-מכבים-רעות,אבני חן,שני 68,119.7,2022,4350000,5871-46-2,דירת גן,7,36341
מודיעין-מכבים-רעות,אבני חן,231,מודיעין-מכבים-רעות,אבני חן,מגדל ים 6,113.8,2022,2525000,5868-15-65,דירה בבית,4,22188
מודיעין-מכבים-רעות,אבני חן,232,מודיעין-מכבים-רעות,אבני חן,תכלת 45,94,2021,3152000,5874-39-9,דירה בבית,4,33532
מודיעין-מכבים-רעות,אבני חן,233,מודיעין-מכבים-רעות,אבני חן,תרשיש 42,139.65,2021,3200000,5871-50-35,דירה בבית,5,22914
מודיעין-מכבים-רעות,אבני חן,234,מודיעין-מכבים-רעות,אבני חן,תרשיש 45,99.87,2021,2780000,5868-47-4,דירה בבית,4,27836
מודיעין-מכבים-רעות,אבני חן,235,מודיעין-מכבים-רעות,אבני חן,לשם 63,118,2021,2850000,5871-30-33,דירה בבית,4,24153
מודיעין-מכבים-רעות,אבני חן,236,מודיעין-מכבים-רעות,אבני חן,אודם 29,75.3,2021,2215000,5871-11-21,דירת גן,3,29416
מודיעין-מכבים-רעות,אבני חן,237,מודיעין-מכבים-רעות,אבני חן,פטדה 16,136.3,2021,4312000,5870-74-2,קוטג' דו משפחתי,5,31636
מודיעין-מכבים-רעות,אבני חן,238,מודיעין-מכבים-רעות,אבני חן,מגדל המנורה 2,106.2,2021,3345000,5872-19-36,דירה בבית,4,31497
מודיעין-מכבים-רעות,אבני חן,239,מודיעין-מכבים-רעות,אבני חן,נופך 45,88,2021,2400000,5869-43-24,דירה בבית,4,27273
מודיעין-מכבים-רעות,אבני חן,240,מודיעין-מכבים-רעות,אבני חן,אבני החושן 66,105,2021,3130000,5868-27-11,קוטג' דו משפחתי,4,29810
מודיעין-מכבים-רעות,אבני חן,241,מודיעין-מכבים-רעות,אבני חן,אבני החושן 23,100.5,2021,2540000,5871-60-44,דירה בבית,4,25274
מודיעין-מכבים-רעות,אבני חן,242,מודיעין-מכבים-רעות,אבני חן,עמק זבולון 63,93.3,2021,2480000,5869-38-10,דירה בבית,4,26581
מודיעין-מכבים-רעות,אבני חן,243,מודיעין-מכבים-רעות,אבני חן,נופך 5,125,2021,4100000,5869-63-1,קוטג' דו משפחתי,6,32800
מודיעין-מכבים-רעות,אבני חן,244,מודיעין-מכבים-רעות,אבני חן,לשם 63,100.3,2021,3350000,5871-30-29,דירת גן,4,33400
מודיעין-מכבים-רעות,אבני חן,245,מודיעין-מכבים-רעות,אבני חן,תרשיש 42,117.45,2021,3350000,5871-50-20,דירה בבית,5,28523
מודיעין-מכבים-רעות,אבני חן,246,מודיעין-מכבים-רעות,אבני חן,תכלת 54,120.2,2021,3510000,5871-24-28,דירה בבית,5,29201
מודיעין-מכבים-רעות,אבני חן,247,מודיעין-מכבים-רעות,אבני חן,יהלום 21,85,2021,2399000,5869-42-11,דירה בבית,4,28224
מודיעין-מכבים-רעות,אבני חן,248,מודיעין-מכבים-רעות,אבני חן,אבני החושן 23,102.65,2021,2450000,5871-60-37,דירה בבית,5,23868
מודיעין-מכבים-רעות,אבני חן,249,מודיעין-מכבים-רעות,אבני חן,שני 33,132.6,2021,3600000,5874-20-5,דירה בבית,5,27149
מודיעין-מכבים-רעות,אבני חן,250,מודיעין-מכבים-רעות,אבני חן,תרשיש 22,113.1,2021,3200000,5868-36-7,דירה בבית,5,28294
מודיעין-מכבים-רעות,אבני חן,251,מודיעין-מכבים-רעות,אבני חן,אודם 22,90,2021,1080000,5871-6-16,דירה בבית,4,12000
מודיעין-מכבים-רעות,אבני חן,252,מודיעין-מכבים-רעות,אבני חן,עמק זבולון 21,95,2021,2680000,5870-65-1,דירה בבית,4,28211
מודיעין-מכבים-רעות,אבני חן,253,מודיעין-מכבים-רעות,אבני חן,תרשיש 34,113.2,2021,2860000,5871-9-14,דירת גן,5,25265
מודיעין-מכבים-רעות,אבני חן,254,מודיעין-מכבים-רעות,אבני חן,תרשיש 7,90,2021,2540000,5869-41-16,דירה בבית,4,28222
מודיעין-מכבים-רעות,אבני חן,255,מודיעין-מכבים-רעות,אבני חן,יהלום 69,100.7,2021,3070000,5868-32-16,קוטג' דו משפחתי,4,30487
מודיעין-מכבים-רעות,אבני חן,256,מודיעין-מכבים-רעות,אבני חן,תכלת 38,101.05,2021,2400000,5871-60-22,דירה בבית,4,23751
מודיעין-מכבים-רעות,אבני חן,257,מודיעין-מכבים-רעות,אבני חן,לשם 69,114.2,2021,2720000,5870-23-3,דירה בבית,5,23818
מודיעין-מכבים-רעות,אבני חן,258,מודיעין-מכבים-רעות,אבני חן,0,119,2021,3100000,5868-41-1,דירה בבית,5,26050
מודיעין-מכבים-רעות,אבני חן,259,מודיעין-מכבים-רעות,אבני חן,יהלום 24,92.9,2021,2346000,5869-30-3,דירה בבית,4,25253
מודיעין-מכבים-רעות,אבני חן,260,מודיעין-מכבים-רעות,אבני חן,מגדל ים 4,112.7,2021,2600000,5868-15-47,דירה בבית,4,23070
מודיעין-מכבים-רעות,אבני חן,261,מודיעין-מכבים-רעות,אבני חן,מגדל ים 7,91,2021,2260000,5871-4-44,דירה בבית,4,24835
מודיעין-מכבים-רעות,אבני חן,262,מודיעין-מכבים-רעות,אבני חן,תכלת 87,90.5,2021,2390000,5871-22-15,דירה בבית,4,26409
מודיעין-מכבים-רעות,אבני חן,263,מודיעין-מכבים-רעות,אבני חן,מגדל ים 4,116,2021,2840000,5868-15-58,דירה בבית,4,24483
מודיעין-מכבים-רעות,אבני חן,264,מודיעין-מכבים-רעות,אבני חן,תכלת 38,99.55,2021,2280000,5871-60-8,דירה בבית,5,22903
מודיעין-מכבים-רעות,אבני חן,265,מודיעין-מכבים-רעות,אבני חן,לשם 69,97.3,2021,2180000,5870-23-30,דירה בבית,4,22405
מודיעין-מכבים-רעות,אבני חן,266,מודיעין-מכבים-רעות,אבני חן,תכלת 56,111.1,2021,2820000,5871-24-67,דירה בבית,5,25383
מודיעין-מכבים-רעות,אבני חן,267,מודיעין-מכבים-רעות,אבני חן,יהלום 110,95.75,2021,2330000,5871-49-16,דירה בבית,4,24334
מודיעין-מכבים-רעות,אבני חן,268,מודיעין-מכבים-רעות,אבני חן,מגדל ים 6,112.8,2021,2150000,5868-15-73,דירה בבית,4,19060
מודיעין-מכבים-רעות,אבני חן,269,מודיעין-מכבים-רעות,אבני חן,תכלת 50,94.4,2021,2540000,5871-24-5,דירה בבית,4,26907
מודיעין-מכבים-רעות,אבני חן,270,מודיעין-מכבים-רעות,אבני חן,תרשיש 34,96,2021,2280000,5871-9-8,דירה בבית,4,23750
מודיעין-מכבים-רעות,אבני חן,271,מודיעין-מכבים-רעות,אבני חן,שני 22,95,2021,2500000,5874-29-3,דירה בבית,4,26316
מודיעין-מכבים-רעות,אבני חן,272,מודיעין-מכבים-רעות,אבני חן,אבני החושן 72,80.35,2021,2400000,5868-27-46,דירה בבית,3,29869
מודיעין-מכבים-רעות,אבני חן,273,מודיעין-מכבים-רעות,אבני חן,תכלת 2,95,2021,2310000,5872-29-22,דירה בבית,4,24316
מודיעין-מכבים-רעות,אבני חן,274,מודיעין-מכבים-רעות,אבני חן,עמק זבולון 65,88.9,2021,2555000,5868-31-1,דירת גן,4,28740
מודיעין-מכבים-רעות,אבני חן,275,מודיעין-מכבים-רעות,אבני חן,יהלום 40,88,2021,2550000,5869-35-6,דירה בבית,4,28977
מודיעין-מכבים-רעות,אבני חן,276,מודיעין-מכבים-רעות,אבני חן,תכלת 81,105,2021,2350000,5871-39-12,דירה בבית,4,22381
מודיעין-מכבים-רעות,אבני חן,277,מודיעין-מכבים-רעות,אבני חן,אבני החושן 12,78.2,2021,2000000,5870-85-7,דירה בבית,3,25575
מודיעין-מכבים-רעות,אבני חן,278,מודיעין-מכבים-רעות,אבני חן,יהלום 36,88.1,2021,2342000,5869-33-5,דירה בבית,4,26583
מודיעין-מכבים-רעות,אבני חן,279,מודיעין-מכבים-רעות,אבני חן,תכלת 50,84.6,2021,2270000,5871-24-14,דירה בבית,4,26832
מודיעין-מכבים-רעות,אבני חן,280,מודיעין-מכבים-רעות,אבני חן,שבו 4,116.45,2021,2310000,5868-31-10,דירה בבית,5,19837
מודיעין-מכבים-רעות,אבני חן,281,מודיעין-מכבים-רעות,אבני חן,נופך 8,125,2021,4450000,5869-52-2,דירה בבית,6,35600
מודיעין-מכבים-רעות,אבני חן,282,מודיעין-מכבים-רעות,אבני חן,עמק זבולון 7,98.15,2021,2130000,5872-27-5,דירה בבית,4,21701
מודיעין-מכבים-רעות,אבני חן,283,מודיעין-מכבים-רעות,אבני חן,אבני החושן 68,128.85,2021,3950000,5868-27-35,דירת גן,5,30656
מודיעין-מכבים-רעות,אבני חן,284,מודיעין-מכבים-רעות,אבני חן,אודם 29,80,2021,1885000,5871-11-16,דירה בבית,3,23563
מודיעין-מכבים-רעות,אבני חן,285,מודיעין-מכבים-רעות,אבני חן,תכלת 75,104,2021,2260000,5871-39-38,דירה בבית,4,21731
מודיעין-מכבים-רעות,אבני חן,286,מודיעין-מכבים-רעות,אבני חן,בדולח 7,96,2021,2900000,5871-13-20,דירה בבית,4,30208
מודיעין-מכבים-רעות,אבני חן,287,מודיעין-מכבים-רעות,אבני חן,תכלת 81,104,2021,2250000,5871-39-14,דירה בבית,4,21635
מודיעין-מכבים-רעות,אבני חן,288,מודיעין-מכבים-רעות,אבני חן,יהלום 16,99.39,2021,2290000,5869-23-16,דירה בבית,4,23041
מודיעין-מכבים-רעות,אבני חן,289,מודיעין-מכבים-רעות,אבני חן,תכלת 7,98.34,2021,2200000,5872-25-9,דירה בבית,4,22371
מודיעין-מכבים-רעות,אבני חן,290,מודיעין-מכבים-רעות,אבני חן,עמק זבולון 49,88.1,2021,2125000,5869-32-6,דירה בבית,4,24120
מודיעין-מכבים-רעות,אבני חן,292,מודיעין-מכבים-רעות,אבני חן,בדולח 4,91,2021,2300000,5871-28-36,דירה בבית,4,25275
מודיעין-מכבים-רעות,אבני חן,293,מודיעין-מכבים-רעות,אבני חן,ישפה 13,139.6,2021,4450000,5870-51-1,קוטג' דו משפחתי,6,31877
מודיעין-מכבים-רעות,אבני חן,294,מודיעין-מכבים-רעות,אבני חן,בדולח 4,76.3,2021,2100000,5871-28-49,דירה בבית,3,27523
מודיעין-מכבים-רעות,אבני חן,296,מודיעין-מכבים-רעות,אבני חן,תכלת 5,98.34,2021,2730000,5872-25-2,דירה בבית,4,27761
מודיעין-מכבים-רעות,אבני חן,297,מודיעין-מכבים-רעות,אבני חן,יהלום 63,106.2,2021,2800000,5868-33-17,קוטג' דו משפחתי,4,26365
מודיעין-מכבים-רעות,אבני חן,298,מודיעין-מכבים-רעות,אבני חן,תכלת 87,90.59,2021,2155000,5871-22-3,דירה בבית,4,23788
מודיעין-מכבים-רעות,אבני חן,299,מודיעין-מכבים-רעות,אבני חן,שני 20,95,2021,2339000,5874-29-10,דירה בבית,4,24621
מודיעין-מכבים-רעות,אבני חן,300,מודיעין-מכבים-רעות,אבני חן,מגדל המנורה 3,95,2021,2200000,5872-29-3,דירה בבית,4,23158
מודיעין-מכבים-רעות,אבני חן,301,מודיעין-מכבים-רעות,אבני חן,תכלת 50,102.3,2021,1439000,5871-24-3,דירה בבית,4,14066
מודיעין-מכבים-רעות,אבני חן,303,מודיעין-מכבים-רעות,אבני חן,0,140,2021,3075000,5868-41-2,דירה בבית,5,21964
מודיעין-מכבים-רעות,אבני חן,304,מודיעין-מכבים-רעות,אבני חן,שני 64,126.6,2021,1865000,5871-53-11,דירה בבית,6,14731
מודיעין-מכבים-רעות,אבני חן,305,מודיעין-מכבים-רעות,אבני חן,תרשיש 34,93.1,2021,2000000,5871-9-16,דירה בבית,4,21482
מודיעין-מכבים-רעות,אבני חן,306,מודיעין-מכבים-רעות,אבני חן,שני 64,126.5,2021,3450000,5871-53-10,דירת גן,5,27273
מודיעין-מכבים-רעות,אבני חן,307,מודיעין-מכבים-רעות,אבני חן,בדולח 7,75,2021,1900000,5871-13-23,דירה בבית,3,25333
מודיעין-מכבים-רעות,אבני חן,308,מודיעין-מכבים-רעות,אבני חן,תרשיש 34,110.8,2021,2275000,5871-9-17,דירה בבית,5,20532
מודיעין-מכבים-רעות,אבני חן,309,מודיעין-מכבים-רעות,אבני חן,שני 48,131.9,2021,3350000,5874-36-10,קוטג' דו משפחתי,5,25398
מודיעין-מכבים-רעות,אבני חן,310,מודיעין-מכבים-רעות,אבני חן,אבני החושן 68,117.25,2021,2635000,5868-27-27,דירה בבית,4,22473
מודיעין-מכבים-רעות,אבני חן,311,מודיעין-מכבים-רעות,אבני חן,שני 2,98.34,2021,2630000,5874-35-7,דירת גן,4,26744
מודיעין-מכבים-רעות,אבני חן,312,מודיעין-מכבים-רעות,אבני חן,תרשיש 7,86,2021,1980000,5869-41-15,דירה בבית,5,23023
מודיעין-מכבים-רעות,אבני חן,313,מודיעין-מכבים-רעות,אבני חן,תכלת 5,98.15,2021,2200000,5872-25-6,דירה בבית,4,22415
מודיעין-מכבים-רעות,אבני חן,314,מודיעין-מכבים-רעות,אבני חן,יהלום 4,103,2021,3250000,5870-66-2,דירת גן,4,31553
מודיעין-מכבים-רעות,אבני חן,315,מודיעין-מכבים-רעות,אבני חן,תכלת 56,89,2021,2530000,5871-24-50,דירה בבית,4,28427
מודיעין-מכבים-רעות,אבני חן,316,מודיעין-מכבים-רעות,אבני חן,לשם 63,81,2021,1850000,5871-30-40,דירה בבית,3,22840
מודיעין-מכבים-רעות,אבני חן,317,מודיעין-מכבים-רעות,אבני חן,מגדל ים 4,107.3,2021,2300000,5868-15-52,דירה בבית,4,21435
מודיעין-מכבים-רעות,אבני חן,318,מודיעין-מכבים-רעות,אבני חן,תכלת 75,110.4,2021,2925000,5871-39-35,דירה בבית,5,26495
מודיעין-מכבים-רעות,אבני חן,319,מודיעין-מכבים-רעות,אבני חן,תכלת 45,107,2021,3350000,5874-39-10,דירה בבית,5,31308
מודיעין-מכבים-רעות,אבני חן,320,מודיעין-מכבים-רעות,אבני חן,תרשיש 65,90.21,2021,2240000,5868-42-9,דירה בבית,4,24831
מודיעין-מכבים-רעות,אבני חן,321,מודיעין-מכבים-רעות,אבני חן,תרשיש 31,134.84,2021,3300000,5868-50-2,דירה בבית,5,24473
מודיעין-מכבים-רעות,אבני חן,322,מודיעין-מכבים-רעות,אבני חן,תכלת 12,127,2021,3150000,5872-21-10,דירת גן,5,24803
מודיעין-מכבים-רעות,אבני חן,323,מודיעין-מכבים-רעות,אבני חן,אבני החושן 45,92.32,2021,2025000,5871-22-22,דירה בבית,4,21935
מודיעין-מכבים-רעות,אבני חן,324,מודיעין-מכבים-רעות,אבני חן,עמק זבולון 67,109.5,2021,2570000,5868-30-1,דירה בבית,5,23470
מודיעין-מכבים-רעות,אבני חן,325,מודיעין-מכבים-רעות,אבני חן,מגדל ים 35,134.84,2021,3125000,5868-49-1,דירה בבית,5,23176
מודיעין-מכבים-רעות,אבני חן,326,מודיעין-מכבים-רעות,אבני חן,אבני החושן 36,76.05,2021,1787000,5871-50-44,דירה בבית,3,23498
מודיעין-מכבים-רעות,אבני חן,327,מודיעין-מכבים-רעות,אבני חן,מגדל ים 6,114,2021,2275000,5868-15-108,דירה בבית,4,19956
מודיעין-מכבים-רעות,אבני חן,328,מודיעין-מכבים-רעות,אבני חן,בדולח 7,115,2021,2445000,5871-13-26,דירה בבית,4,21261
מודיעין-מכבים-רעות,אבני חן,329,מודיעין-מכבים-רעות,אבני חן,שני 7,126.8,2021,3400000,5874-26-10,דירה בבית,5,26814
מודיעין-מכבים-רעות,אבני חן,330,מודיעין-מכבים-רעות,אבני חן,ענבר 10,90,2021,2080000,5869-44-9,דירה בבית,4,23111
מודיעין-מכבים-רעות,אבני חן,331,מודיעין-מכבים-רעות,אבני חן,בדולח 8,100.3,2021,2365000,5871-28-22,דירה בבית,4,23579
מודיעין-מכבים-רעות,אבני חן,332,מודיעין-מכבים-רעות,אבני חן,עמק זבולון 37,98.75,2021,2275000,5869-24-12,דירה בבית,4,23038
מודיעין-מכבים-רעות,אבני חן,333,מודיעין-מכבים-רעות,אבני חן,אודם 16,76.3,2021,1680000,5870-16-6,דירה בבית,3,22018
מודיעין-מכבים-רעות,אבני חן,334,מודיעין-מכבים-רעות,אבני חן,תכלת 50,94,2021,2240000,5871-24-9,דירה בבית,4,23830
מודיעין-מכבים-רעות,אבני חן,335,מודיעין-מכבים-רעות,אבני חן,תכלת 56,102.1,2021,2600000,5871-24-51,דירת גן,4,25465
מודיעין-מכבים-רעות,אבני חן,336,מודיעין-מכבים-רעות,אבני חן,ענבר 14,92,2021,2285000,5869-43-5,דירה בבית,4,24837
מודיעין-מכבים-רעות,אבני חן,337,מודיעין-מכבים-רעות,אבני חן,תכלת 54,94,2021,2200000,5871-24-38,דירה בבית,4,23404
מודיעין-מכבים-רעות,אבני חן,338,מודיעין-מכבים-רעות,אבני חן,תרשיש 18,109.3,2021,2800000,5868-37-11,דירת גן,5,25618
מודיעין-מכבים-רעות,אבני חן,339,מודיעין-מכבים-רעות,אבני חן,לשם 63,102,2021,2420000,5871-30-35,דירה בבית,4,23725
מודיעין-מכבים-רעות,אבני חן,340,מודיעין-מכבים-רעות,אבני חן,יהלום 32,69.6,2021,1850000,5869-32-5,דירה בבית,3,26580
מודיעין-מכבים-רעות,אבני חן,341,מודיעין-מכבים-רעות,אבני חן,מגדל המנורה 43,98.8,2021,2775000,5871-58-33,דירה בבית,5,28087
מודיעין-מכבים-רעות,אבני חן,342,מודיעין-מכבים-רעות,אבני חן,תכלת 38,100.4,2021,2175000,5871-60-13,דירה בבית,5,21663
מודיעין-מכבים-רעות,אבני חן,343,מודיעין-מכבים-רעות,אבני חן,אבני החושן 40,123.6,2021,3150000,5871-49-3,קוטג' דו משפחתי,5,25485
מודיעין-מכבים-רעות,אבני חן,344,מודיעין-מכבים-רעות,אבני חן,תכלת 38,101,2021,2825000,5871-60-1,דירת גן,4,27970
מודיעין-מכבים-רעות,אבני חן,345,מודיעין-מכבים-רעות,אבני חן,תרשיש 53,132.64,2021,3470000,5868-45-6,דירה בבית,5,26161
מודיעין-מכבים-רעות,אבני חן,346,מודיעין-מכבים-רעות,אבני חן,אבני החושן 10,93.8,2021,2130000,5870-86-18,דירה בבית,4,22708
מודיעין-מכבים-רעות,אבני חן,347,מודיעין-מכבים-רעות,אבני חן,אודם 29,101.3,2021,2385000,5871-11-22,דירת גן,4,23544
מודיעין-מכבים-רעות,אבני חן,348,מודיעין-מכבים-רעות,אבני חן,תרשיש 9,101,2021,2940000,5869-41-3,דירת גן,5,29109
מודיעין-מכבים-רעות,אבני חן,349,מודיעין-מכבים-רעות,אבני חן,אודם 23,98.2,2021,1800000,5870-20-29,דירה בבית,4,18330
מודיעין-מכבים-רעות,אבני חן,350,מודיעין-מכבים-רעות,אבני חן,תכלת 21,145.55,2021,3850000,5874-32-4,דירת גן,5,26451
מודיעין-מכבים-רעות,אבני חן,351,מודיעין-מכבים-רעות,אבני חן,שני 49,132.4,2021,3980000,5871-47-1,דירת גן,5,30060
מודיעין-מכבים-רעות,אבני חן,352,מודיעין-מכבים-רעות,אבני חן,שני 78,119.7,2021,3625000,5871-46-13,דירת גן,5,30284
מודיעין-מכבים-רעות,אבני חן,353,מודיעין-מכבים-רעות,אבני חן,שני 28,107.4,2021,2860000,5874-39-24,דירה בבית,5,26629
מודיעין-מכבים-רעות,אבני חן,354,מודיעין-מכבים-רעות,אבני חן,יהלום 44,94.2,2021,2140000,5869-37-5,דירה בבית,4,22718
מודיעין-מכבים-רעות,אבני חן,355,מודיעין-מכבים-רעות,אבני חן,ענבר 12,101,2021,2465000,5869-44-12,דירת גן,5,24406
מודיעין-מכבים-רעות,אבני חן,356,מודיעין-מכבים-רעות,אבני חן,שני 47,130.2,2021,3575000,5871-47-10,דירת גן,5,27458
מודיעין-מכבים-רעות,אבני חן,357,מודיעין-מכבים-רעות,אבני חן,תכלת 54,114.8,2021,2525000,5871-24-37,דירה בבית,5,21995
מודיעין-מכבים-רעות,אבני חן,358,מודיעין-מכבים-רעות,אבני חן,מגדל ים 7,72,2021,825000,5871-4-48,דירה בבית,3,11458
מודיעין-מכבים-רעות,אבני חן,359,מודיעין-מכבים-רעות,אבני חן,לשם 71,113.2,2021,2180000,5870-23-40,דירה בבית,5,19258
מודיעין-מכבים-רעות,אבני חן,360,מודיעין-מכבים-רעות,אבני חן,יהלום 38,88,2021,2250000,5869-35-12,דירה בבית,4,25568
מודיעין-מכבים-רעות,אבני חן,361,מודיעין-מכבים-רעות,אבני חן,עמק זבולון 61,90.8,2021,2120000,5869-38-6,דירה בבית,4,23348
מודיעין-מכבים-רעות,אבני חן,362,מודיעין-מכבים-רעות,אבני חן,אודם 10,91.8,2021,2070000,5870-17-13,דירה בבית,4,22549
מודיעין-מכבים-רעות,אבני חן,363,מודיעין-מכבים-רעות,אבני חן,ענבר 12,92,2021,2140000,5869-44-17,דירה בבית,4,23261
מודיעין-מכבים-רעות,אבני חן,364,מודיעין-מכבים-רעות,אבני חן,תרשיש 11,92,2021,2070000,5869-40-11,דירה בבית,4,22500
מודיעין-מכבים-רעות,אבני חן,365,מודיעין-מכבים-רעות,אבני חן,נופך 45,91,2021,2225000,5869-43-20,דירה בבית,4,24451
מודיעין-מכבים-רעות,אבני חן,366,מודיעין-מכבים-רעות,אבני חן,אבני החושן 15,98.6,2021,2080000,5871-58-14,דירה בבית,4,21095
מודיעין-מכבים-רעות,אבני חן,367,מודיעין-מכבים-רעות,אבני חן,תרשיש 18,113.4,2020,2950000,5868-37-8,דירת גן,5,26014
מודיעין-מכבים-רעות,אבני חן,368,מודיעין-מכבים-רעות,אבני חן,ענבר 6,75,2020,1930000,5869-45-6,דירה בבית,4,25733
מודיעין-מכבים-רעות,אבני חן,369,מודיעין-מכבים-רעות,אבני חן,לשם 71,81.7,2020,1720000,5870-23-46,דירה בבית,3,21053
מודיעין-מכבים-רעות,אבני חן,370,מודיעין-מכבים-רעות,אבני חן,תכלת 87,78.89,2020,1850000,5871-22-7,דירה בבית,4,23450
מודיעין-מכבים-רעות,אבני חן,371,מודיעין-מכבים-רעות,אבני חן,שני 4,98.34,2020,2190000,5874-35-3,דירה בבית,4,22270
מודיעין-מכבים-רעות,אבני חן,372,מודיעין-מכבים-רעות,אבני חן,שני 41,129.9,2020,3435000,5871-48-4,דירה בבית,5,26443
מודיעין-מכבים-רעות,אבני חן,373,מודיעין-מכבים-רעות,אבני חן,אבני החושן 23,101.45,2020,1950000,5871-60-51,דירה בבית,4.5,19221
מודיעין-מכבים-רעות,אבני חן,374,מודיעין-מכבים-רעות,אבני חן,בדולח 8,118,2020,2350000,5871-28-24,דירה בבית,4.5,19915
מודיעין-מכבים-רעות,אבני חן,375,מודיעין-מכבים-רעות,אבני חן,תרשיש 75,118,2020,2400000,5871-11-33,דירה בבית,4.5,20339
מודיעין-מכבים-רעות,אבני חן,376,מודיעין-מכבים-רעות,אבני חן,מגדל המנורה 2,106.7,2020,2700000,5872-19-89,דירה בבית,4.5,25305
מודיעין-מכבים-רעות,אבני חן,377,מודיעין-מכבים-רעות,אבני חן,שני 44,131.9,2020,3250000,5874-37-2,דירה בבית,5,24640
מודיעין-מכבים-רעות,אבני חן,378,מודיעין-מכבים-רעות,אבני חן,עמק זבולון 15,89.6,2020,1810000,5872-24-4,דירה בבית,3,20201
מודיעין-מכבים-רעות,אבני חן,379,מודיעין-מכבים-רעות,אבני חן,ענבר 6,74,2020,1970000,5869-45-1,דירה בבית,4,26622
מודיעין-מכבים-רעות,אבני חן,380,מודיעין-מכבים-רעות,אבני חן,תכלת 65,83.2,2020,2040000,5871-52-2,דירה בבית,3,24519
מודיעין-מכבים-רעות,אבני חן,381,מודיעין-מכבים-רעות,אבני חן,ענבר 16,101,2020,2430000,5869-43-12,דירה בבית,5,24059
מודיעין-מכבים-רעות,אבני חן,382,מודיעין-מכבים-רעות,אבני חן,תרשיש 18,114.6,2020,3000000,5868-37-4,דירה בבית,5,26178
מודיעין-מכבים-רעות,אבני חן,383,מודיעין-מכבים-רעות,אבני חן,אבני החושן 17,98.4,2020,2265000,5871-58-10,דירה בבית,5,23018
מודיעין-מכבים-רעות,אבני חן,384,מודיעין-מכבים-רעות,אבני חן,תרשיש 53,133.39,2020,3255000,5868-45-7,דירה בבית,5,24402
מודיעין-מכבים-רעות,אבני חן,385,מודיעין-מכבים-רעות,אבני חן,עמק זבולון 23,101.4,2020,2600000,5870-64-7,דירה בבית,4,25641
מודיעין-מכבים-רעות,אבני חן,386,מודיעין-מכבים-רעות,אבני חן,שני 39,125.3,2020,3500000,5871-48-14,דירה בבית,5,27933
מודיעין-מכבים-רעות,אבני חן,387,מודיעין-מכבים-רעות,אבני חן,תכלת 60,120.2,2020,3000000,5871-24-74,דירת גן,5,24958
מודיעין-מכבים-רעות,אבני חן,388,מודיעין-מכבים-רעות,אבני חן,תכלת 50,94,2020,2150000,5871-24-12,דירה בבית,4,22872
מודיעין-מכבים-רעות,אבני חן,389,מודיעין-מכבים-רעות,אבני חן,תרשיש 53,133.42,2020,3300000,5868-45-5,קוטג' דו משפחתי,5,24734
מודיעין-מכבים-רעות,אבני חן,390,מודיעין-מכבים-רעות,אבני חן,עמק זבולון 11,98.34,2020,2500000,5872-26-2,דירה בבית,4,25422
מודיעין-מכבים-רעות,אבני חן,391,מודיעין-מכבים-רעות,אבני חן,בדולח 8,68,2020,1870000,5871-28-16,דירה בבית,3,27500
מודיעין-מכבים-רעות,אבני חן,392,מודיעין-מכבים-רעות,אבני חן,ישפה 25,139.6,2020,3910000,5870-48-1,קוטג' דו משפחתי,5,28009
מודיעין-מכבים-רעות,אבני חן,393,מודיעין-מכבים-רעות,אבני חן,אודם 29,106,2020,1210000,5871-11-7,דירה בבית,4,11415
מודיעין-מכבים-רעות,אבני חן,394,מודיעין-מכבים-רעות,אבני חן,יהלום 10,103.4,2020,2150000,5870-33-10,דירה בבית,4,20793
מודיעין-מכבים-רעות,אבני חן,395,מודיעין-מכבים-רעות,אבני חן,מגדל ים 6,111.4,2020,2200000,5868-15-77,דירה בבית,4,19749
מודיעין-מכבים-רעות,אבני חן,396,מודיעין-מכבים-רעות,אבני חן,0,128,2020,2865000,5868-39-1,דירת גן,5,22383
מודיעין-מכבים-רעות,אבני חן,397,מודיעין-מכבים-רעות,אבני חן,בדולח 9,66,2020,1740000,5871-13-47,דירה בבית,3,26364
מודיעין-מכבים-רעות,אבני חן,398,מודיעין-מכבים-רעות,אבני חן,בדולח 4,67,2020,1715000,5871-28-47,דירה בבית,3,25597
מודיעין-מכבים-רעות,אבני חן,399,מודיעין-מכבים-רעות,אבני חן,שני 34,131.9,2020,3400000,5874-38-5,דירת גן,5,25777
מודיעין-מכבים-רעות,אבני חן,400,מודיעין-מכבים-רעות,אבני חן,0,140,2020,2800000,5868-39-2,דירה בבית,5.5,20000
מודיעין-מכבים-רעות,אבני חן,401,מודיעין-מכבים-רעות,אבני חן,יהלום 104,123.6,2020,2990000,5871-49-12,דירה בבית,5,24191
מודיעין-מכבים-רעות,אבני חן,402,מודיעין-מכבים-רעות,אבני חן,שני 62,124,2020,3150000,5871-53-2,דירה בבית,5,25403
מודיעין-מכבים-רעות,אבני חן,403,מודיעין-מכבים-רעות,אבני חן,לשם 69,82.1,2020,1800000,5870-23-10,דירה בבית,3,21924
מודיעין-מכבים-רעות,אבני חן,404,מודיעין-מכבים-רעות,אבני חן,יהלום 11,71.1,2020,1680000,5870-54-21,דירה בבית,3,23629
מודיעין-מכבים-רעות,אבני חן,405,מודיעין-מכבים-רעות,אבני חן,אודם 29,84,2020,1750000,5871-11-25,דירה בבית,3,20833
מודיעין-מכבים-רעות,אבני חן,406,מודיעין-מכבים-רעות,אבני חן,יהלום 12,99.8,2020,2900000,5870-33-14,דירה בבית,4,29058
מודיעין-מכבים-רעות,אבני חן,407,מודיעין-מכבים-רעות,אבני חן,תכלת 69,108.5,2020,2300000,5871-51-6,דירה בבית,5,21198
מודיעין-מכבים-רעות,אבני חן,408,מודיעין-מכבים-רעות,אבני חן,נופך 43,125,2020,4160000,5869-54-2,קוטג' דו משפחתי,6,33280
מודיעין-מכבים-רעות,אבני חן,409,מודיעין-מכבים-רעות,אבני חן,אודם 22,90,2020,2050000,5871-6-17,דירה בבית,4,22778
מודיעין-מכבים-רעות,אבני חן,410,מודיעין-מכבים-רעות,אבני חן,אבני החושן 23,100.6,2020,2050000,5871-60-32,דירה בבית,4,20378
מודיעין-מכבים-רעות,אבני חן,411,מודיעין-מכבים-רעות,אבני חן,בדולח 7,92.3,2020,2400000,5871-13-2,דירת גן,4,26002
מודיעין-מכבים-רעות,אבני חן,412,מודיעין-מכבים-רעות,אבני חן,תכלת 57,108,2020,2420000,5874-37-11,דירת גן,4,22407
מודיעין-מכבים-רעות,אבני חן,413,מודיעין-מכבים-רעות,אבני חן,שני 17,126,2020,3200000,5874-24-12,דירה בבית,5,25397
מודיעין-מכבים-רעות,אבני חן,414,מודיעין-מכבים-רעות,אבני חן,תכלת 21,145.55,2020,3660000,5874-32-5,דירה בבית,5,25146
מודיעין-מכבים-רעות,אבני חן,415,מודיעין-מכבים-רעות,אבני חן,תכלת 38,104.9,2020,2135000,5871-60-4,דירה בבית,4,20353
מודיעין-מכבים-רעות,אבני חן,416,מודיעין-מכבים-רעות,אבני חן,אבני החושן 68,81.45,2020,2200000,5868-27-30,דירת גן,3,27010
מודיעין-מכבים-רעות,אבני חן,417,מודיעין-מכבים-רעות,אבני חן,עמק זבולון 17,96,2020,2450000,5870-35-2,דירה בבית,4,25521
מודיעין-מכבים-רעות,אבני חן,418,מודיעין-מכבים-רעות,אבני חן,תרשיש 65,91.16,2020,2250000,5868-42-10,דירה בבית,4,24682
מודיעין-מכבים-רעות,אבני חן,419,מודיעין-מכבים-רעות,אבני חן,מגדל המנורה 25,123.8,2020,2930000,5871-55-2,דירה בבית,5,23667
מודיעין-מכבים-רעות,אבני חן,420,מודיעין-מכבים-רעות,אבני חן,מגדל המנורה 3,100,2020,2350000,5872-29-1,דירה בבית,4,23500
מודיעין-מכבים-רעות,אבני חן,421,מודיעין-מכבים-רעות,אבני חן,אבני החושן 23,101.05,2020,1960000,5871-60-35,דירה בבית,4.5,19396
מודיעין-מכבים-רעות,אבני חן,422,מודיעין-מכבים-רעות,אבני חן,בדולח 8,72,2020,1580000,5871-28-23,דירה בבית,3,21944
מודיעין-מכבים-רעות,אבני חן,423,מודיעין-מכבים-רעות,אבני חן,תכלת 56,94,2020,2300000,5871-24-69,דירה בבית,4,24468
מודיעין-מכבים-רעות,אבני חן,424,מודיעין-מכבים-רעות,אבני חן,מגדל ים 4,112.8,2020,2215000,5868-15-26,דירה בבית,4,19637
מודיעין-מכבים-רעות,אבני חן,425,מודיעין-מכבים-רעות,אבני חן,אודם 23,114.2,2020,2500000,5870-20-3,דירה בבית,5,21891
מודיעין-מכבים-רעות,אבני חן,426,מודיעין-מכבים-רעות,אבני חן,תרשיש 65,133.39,2020,2950000,5868-42-2,דירה בבית,5,22116
מודיעין-מכבים-רעות,אבני חן,427,מודיעין-מכבים-רעות,אבני חן,בדולח 8,88,2020,1950000,5871-28-11,דירה בבית,3.5,22159
מודיעין-מכבים-רעות,אבני חן,428,מודיעין-מכבים-רעות,אבני חן,תכלת 38,100.75,2020,2100000,5871-60-24,דירה בבית,4,20844
מודיעין-מכבים-רעות,אבני חן,429,מודיעין-מכבים-רעות,אבני חן,שני 43,129.9,2020,3600000,5871-44-11,דירה בבית,5.5,27714
מודיעין-מכבים-רעות,אבני חן,430,מודיעין-מכבים-רעות,אבני חן,מגדל המנורה 3,98,2020,2130000,5872-29-15,דירה בבית,4,21735
מודיעין-מכבים-רעות,אבני חן,431,מודיעין-מכבים-רעות,אבני חן,תרשיש 9,90,2020,2050000,5869-41-7,דירה בבית,4,22778
מודיעין-מכבים-רעות,אבני חן,432,מודיעין-מכבים-רעות,אבני חן,ענבר 9,94,2020,2200000,5870-14-24,דירה בבית,4,23404
מודיעין-מכבים-רעות,אבני חן,433,מודיעין-מכבים-רעות,אבני חן,אודם 22,85,2020,2032000,5871-6-12,דירה בבית,4,23906
מודיעין-מכבים-רעות,אבני חן,434,מודיעין-מכבים-רעות,אבני חן,תרשיש 38,92.85,2020,2100000,5871-50-12,דירה בבית,4,22617
מודיעין-מכבים-רעות,אבני חן,435,מודיעין-מכבים-רעות,אבני חן,שני 39,129.2,2020,3450000,5871-48-9,דירת גן,5,26703
מודיעין-מכבים-רעות,אבני חן,436,מודיעין-מכבים-רעות,אבני חן,תרשיש 16,122,2020,2850000,5868-38-4,דירה בבית,5,23361
מודיעין-מכבים-רעות,אבני חן,437,מודיעין-מכבים-רעות,אבני חן,תכלת 50,94,2020,2150000,5871-24-18,דירה בבית,4,22872
מודיעין-מכבים-רעות,אבני חן,438,מודיעין-מכבים-רעות,אבני חן,עמק זבולון 25,89.4,2020,2240000,5870-64-5,דירה בבית,4,25056
מודיעין-מכבים-רעות,אבני חן,439,מודיעין-מכבים-רעות,אבני חן,שני 58,126.8,2020,3020000,5871-54-13,דירה בבית,5.5,23817
מודיעין-מכבים-רעות,אבני חן,440,מודיעין-מכבים-רעות,אבני חן,שני 28,99.3,2020,2500000,5874-39-27,דירה בבית,4,25176
מודיעין-מכבים-רעות,אבני חן,441,מודיעין-מכבים-רעות,אבני חן,תכלת 38,101.2,2020,2615000,5871-60-28,דירה בבית,5,25840
מודיעין-מכבים-רעות,אבני חן,442,מודיעין-מכבים-רעות,אבני חן,שני 7,126.4,2020,3030000,5874-26-2,דירת,5,23972
מודיעין-מכבים-רעות,אבני חן,443,מודיעין-מכבים-רעות,אבני חן,תרשיש 75,106,2020,2415000,5871-11-35,דירה בבית,4.5,22783
מודיעין-מכבים-רעות,אבני חן,444,מודיעין-מכבים-רעות,אבני חן,יהלום 5,76.9,2020,1900000,5870-72-14,דירה בבית,3,24707
מודיעין-מכבים-רעות,אבני חן,445,מודיעין-מכבים-רעות,אבני חן,שני 39,125.8,2020,3546000,5871-48-13,דירה בבית,5,28188
מודיעין-מכבים-רעות,אבני חן,446,מודיעין-מכבים-רעות,אבני חן,יהלום 69,101.5,2020,2900000,5868-32-11,דירת גן,4,28571
מודיעין-מכבים-רעות,אבני חן,447,מודיעין-מכבים-רעות,אבני חן,תרשיש 38,140.85,2020,2765000,5871-50-8,דירה בבית,5,19631
מודיעין-מכבים-רעות,אבני חן,448,מודיעין-מכבים-רעות,אבני חן,שני 19,133.3,2020,3300000,5874-23-1,דירה בבית,6,24756
מודיעין-מכבים-רעות,אבני חן,449,מודיעין-מכבים-רעות,אבני חן,תכלת 1,85.95,2020,1670000,5872-24-11,דירה בבית,3,19430
מודיעין-מכבים-רעות,אבני חן,450,מודיעין-מכבים-רעות,אבני חן,אודם 8,85,2020,2065000,5870-54-4,דירה בבית,4,24294
מודיעין-מכבים-רעות,אבני חן,451,מודיעין-מכבים-רעות,אבני חן,בדולח 4,67,2020,1735000,5871-28-41,דירה בבית,3,25896
מודיעין-מכבים-רעות,אבני חן,452,מודיעין-מכבים-רעות,אבני חן,שני 45,129.9,2020,3600000,5871-44-2,קוטג' דו משפחתי,5,27714
מודיעין-מכבים-רעות,אבני חן,453,מודיעין-מכבים-רעות,אבני חן,יהלום 21,85,2020,1625000,5869-42-8,דירה בבית,4,19118
מודיעין-מכבים-רעות,אבני חן,454,מודיעין-מכבים-רעות,אבני חן,יהלום 15,106.7,2020,2230000,5870-14-10,דירה בבית,5,20900
מודיעין-מכבים-רעות,אבני חן,455,מודיעין-מכבים-רעות,אבני חן,מגדל המנורה 43,101.9,2020,2240000,5871-58-38,דירה בבית,4,21982
מודיעין-מכבים-רעות,אבני חן,456,מודיעין-מכבים-רעות,אבני חן,יהלום 15,83.8,2020,2005000,5870-14-9,דירה בבית,4,23926
מודיעין-מכבים-רעות,אבני חן,457,מודיעין-מכבים-רעות,אבני חן,תרשיש 31,133.61,2020,3240000,5868-50-4,דירת גן,5,24250
מודיעין-מכבים-רעות,אבני חן,458,מודיעין-מכבים-רעות,אבני חן,תכלת 69,99.3,2020,2100000,5871-51-3,דירה בבית,4,21148
מודיעין-מכבים-רעות,אבני חן,459,מודיעין-מכבים-רעות,אבני חן,יהלום 56,131.65,2020,3400000,5868-24-41,קוטג' דו משפחתי,5,25826
מודיעין-מכבים-רעות,אבני חן,460,מודיעין-מכבים-רעות,אבני חן,אודם 29,67,2020,1700000,5871-11-19,דירה בבית,3,25373
מודיעין-מכבים-רעות,אבני חן,461,מודיעין-מכבים-רעות,אבני חן,יהלום 8,102.8,2020,2557000,5870-64-14,דירת גן,4,24874
מודיעין-מכבים-רעות,אבני חן,462,מודיעין-מכבים-רעות,אבני חן,ענבר 13,67.2,2020,1650000,5870-13-5,דירה בבית,3,24554
מודיעין-מכבים-רעות,אבני חן,463,מודיעין-מכבים-רעות,אבני חן,לשם 69,99.6,2020,2170000,5870-23-4,דירה בבית,4,21787
מודיעין-מכבים-רעות,אבני חן,464,מודיעין-מכבים-רעות,אבני חן,אבני החושן 4,103,2020,2760000,5870-35-7,דירה בבית,4,26796
מודיעין-מכבים-רעות,אבני חן,465,מודיעין-מכבים-רעות,אבני חן,תכלת 56,97.7,2020,2470000,5871-24-53,דירה בבית,4,25281
מודיעין-מכבים-רעות,אבני חן,466,מודיעין-מכבים-רעות,אבני חן,מגדל המנורה 2,133,2020,3380000,5872-19-171,דירה בבית,5,25414
מודיעין-מכבים-רעות,אבני חן,467,מודיעין-מכבים-רעות,אבני חן,יהלום 6,90,2020,2150000,5870-66-12,דירה בבית,4,23889
מודיעין-מכבים-רעות,אבני חן,468,מודיעין-מכבים-רעות,אבני חן,לשם 59,100.3,2019,2290000,5871-30-22,קוטג' דו משפחתי,5,22832
מודיעין-מכבים-רעות,אבני חן,469,מודיעין-מכבים-רעות,אבני חן,תכלת 87,102.14,2019,2645000,5871-22-11,דירה בבית,4,25896
מודיעין-מכבים-רעות,אבני חן,470,מודיעין-מכבים-רעות,אבני חן,תכלת 67,100.1,2019,2280000,5871-52-18,דירה בבית,5,22777
מודיעין-מכבים-רעות,אבני חן,471,מודיעין-מכבים-רעות,אבני חן,מגדל ים 7,124,2019,2840000,5871-4-52,דירה בבית,5,22903
מודיעין-מכבים-רעות,אבני חן,472,מודיעין-מכבים-רעות,אבני חן,תרשיש 75,106,2019,2350000,5871-11-56,דירה בבית,4.5,22170
מודיעין-מכבים-רעות,אבני חן,473,מודיעין-מכבים-רעות,אבני חן,תכלת 67,102.5,2019,2550000,5871-52-12,דירה בבית,4,24878
מודיעין-מכבים-רעות,אבני חן,474,מודיעין-מכבים-רעות,אבני חן,תכלת 10,95,2019,2300000,5872-21-29,דירה בבית,4,24211
מודיעין-מכבים-רעות,אבני חן,475,מודיעין-מכבים-רעות,אבני חן,פטדה 4,141.1,2019,4100000,5870-77-2,קוטג' דו משפחתי,6,29057
מודיעין-מכבים-רעות,אבני חן,476,מודיעין-מכבים-רעות,אבני חן,ענבר 14,92,2019,2000000,5869-43-8,דירה בבית,4,21739
מודיעין-מכבים-רעות,אבני חן,477,מודיעין-מכבים-רעות,אבני חן,אודם 8,85,2019,2060000,5870-54-3,דירה בבית,4,24235
מודיעין-מכבים-רעות,אבני חן,478,מודיעין-מכבים-רעות,אבני חן,תרשיש 31,133.26,2019,3500000,5868-50-5,דירת גן,5,26264
מודיעין-מכבים-רעות,אבני חן,479,מודיעין-מכבים-רעות,אבני חן,תרשיש 22,115.3,2019,2555000,5868-36-11,דירה בבית,4.5,22160
מודיעין-מכבים-רעות,אבני חן,480,מודיעין-מכבים-רעות,אבני חן,יהלום 36,88.1,2019,2179000,5869-33-6,דירה בבית,4,24733
מודיעין-מכבים-רעות,אבני חן,481,מודיעין-מכבים-רעות,אבני חן,אבני החושן 72,81.45,2019,2050000,5868-27-50,דירה בבית,4,25169
מודיעין-מכבים-רעות,אבני חן,482,מודיעין-מכבים-רעות,אבני חן,עמק זבולון 43,95.1,2019,2830000,5869-31-8,דירה בבית,5,29758
מודיעין-מכבים-רעות,אבני חן,483,מודיעין-מכבים-רעות,אבני חן,תרשיש 39,95.92,2019,2575000,5868-48-6,דירה בבית,4,26845
מודיעין-מכבים-רעות,אבני חן,484,מודיעין-מכבים-רעות,אבני חן,שני 52,131.9,2019,3475000,5874-36-1,קוטג' דו משפחתי,5,26346
מודיעין-מכבים-רעות,אבני חן,485,מודיעין-מכבים-רעות,אבני חן,יהלום 10,89.4,2019,2150000,5870-33-11,דירה בבית,4,24049
מודיעין-מכבים-רעות,אבני חן,486,מודיעין-מכבים-רעות,אבני חן,מגדל ים 4,114.3,2019,2200000,5868-15-8,דירה בבית,4,19248
מודיעין-מכבים-רעות,אבני חן,487,מודיעין-מכבים-רעות,אבני חן,יהלום 8,73.6,2019,1810000,5870-64-18,דירה בבית,3,24592
מודיעין-מכבים-רעות,אבני חן,488,מודיעין-מכבים-רעות,אבני חן,עמק זבולון 11,98.15,2019,1915000,5872-26-6,דירה בבית,4,19511
מודיעין-מכבים-רעות,אבני חן,489,מודיעין-מכבים-רעות,אבני חן,שני 17,126.3,2019,3300000,5874-24-9,דירת גן,5,26128
מודיעין-מכבים-רעות,אבני חן,490,מודיעין-מכבים-רעות,אבני חן,עמק זבולון 41,92.9,2019,2142000,5869-30-12,דירה בבית,4,23057
מודיעין-מכבים-רעות,אבני חן,491,מודיעין-מכבים-רעות,אבני חן,יהלום 32,69.6,2019,1700000,5869-32-11,דירה בבית,3,24425
מודיעין-מכבים-רעות,אבני חן,492,מודיעין-מכבים-רעות,אבני חן,תכלת 87,90.59,2019,2250000,5871-22-4,דירה בבית,4,24837
מודיעין-מכבים-רעות,אבני חן,493,מודיעין-מכבים-רעות,אבני חן,אודם 29,77.3,2019,1849000,5871-11-10,דירה בבית,3,23920
מודיעין-מכבים-רעות,אבני חן,494,מודיעין-מכבים-רעות,אבני חן,אודם 14,91.8,2019,2080000,5870-16-9,דירה בבית,4,22658
מודיעין-מכבים-רעות,אבני חן,495,מודיעין-מכבים-רעות,אבני חן,יהלום 4,103,2019,2800000,5870-66-1,דירה בבית,4,27184
מודיעין-מכבים-רעות,אבני חן,496,מודיעין-מכבים-רעות,אבני חן,יהלום 59,120.3,2019,2750000,5868-34-4,דירה בבית,5.5,22860
מודיעין-מכבים-רעות,אבני חן,497,מודיעין-מכבים-רעות,אבני חן,יהלום 65,108.3,2019,2700000,5868-33-14,דירה בבית,4,24931
מודיעין-מכבים-רעות,אבני חן,498,מודיעין-מכבים-רעות,אבני חן,יהלום 63,101.5,2019,2755000,5868-33-21,דירה בבית,4,27143
מודיעין-מכבים-רעות,אבני חן,499,מודיעין-מכבים-רעות,אבני חן,תרשיש 18,112.2,2019,2650000,5868-37-2,דירת גן,4.5,23619
מודיעין-מכבים-רעות,אבני חן,500,מודיעין-מכבים-רעות,אבני חן,מגדל ים 23,143,2019,3550000,5868-46-13,דירה בבית,5,24825
מודיעין-מכבים-רעות,אבני חן,501,מודיעין-מכבים-רעות,אבני חן,בדולח 4,81,2019,1729000,5871-28-46,דירה בבית,3,21346
מודיעין-מכבים-רעות,אבני חן,502,מודיעין-מכבים-רעות,אבני חן,תרשיש 16,119,2019,2750000,5868-38-61,דירת גן,4,23109
מודיעין-מכבים-רעות,אבני חן,503,מודיעין-מכבים-רעות,אבני חן,יהלום 59,110.2,2019,2800000,5868-34-9,דירה בבית,5,25408
מודיעין-מכבים-רעות,אבני חן,504,מודיעין-מכבים-רעות,אבני חן,אודם 29,89,2019,2090000,5871-11-8,דירה בבית,4,23483
מודיעין-מכבים-רעות,אבני חן,505,מודיעין-מכבים-רעות,אבני חן,אבני החושן 49,104.26,2019,2680000,5871-22-27,דירה בבית,5,25705
מודיעין-מכבים-רעות,אבני חן,506,מודיעין-מכבים-רעות,אבני חן,תכלת 21,94.84,2019,2300000,5874-32-11,דירה בבית,4,24251
מודיעין-מכבים-רעות,אבני חן,507,מודיעין-מכבים-רעות,אבני חן,בדולח 9,76,2019,1745000,5871-13-46,דירה בבית,3,22961
מודיעין-מכבים-רעות,אבני חן,508,מודיעין-מכבים-רעות,אבני חן,יהלום 42,93.9,2019,2550000,5869-37-8,דירת גן,4,27157
מודיעין-מכבים-רעות,אבני חן,509,מודיעין-מכבים-רעות,אבני חן,אודם 29,92.3,2019,2270000,5871-11-2,דירת גן,4,24594
מודיעין-מכבים-רעות,אבני חן,511,מודיעין-מכבים-רעות,אבני חן,תכלת 21,123.81,2019,2720000,5874-32-14,דירה בבית,5,21969
מודיעין-מכבים-רעות,אבני חן,512,מודיעין-מכבים-רעות,אבני חן,מגדל המנורה 11,95,2019,2350000,5872-21-46,דירה בבית,4,24737
מודיעין-מכבים-רעות,אבני חן,513,מודיעין-מכבים-רעות,אבני חן,שני 4,98.15,2019,1849000,5874-35-6,דירה בבית,4,18839
מודיעין-מכבים-רעות,אבני חן,514,מודיעין-מכבים-רעות,אבני חן,נופך 45,88,2019,1350000,5869-43-22,דירה בבית,4,15341
מודיעין-מכבים-רעות,אבני חן,515,מודיעין-מכבים-רעות,אבני חן,תכלת 10,95.5,2019,2800000,5872-21-27,דירת גן,4,29319
מודיעין-מכבים-רעות,אבני חן,516,מודיעין-מכבים-רעות,אבני חן,אבני החושן 15,98.6,2019,2000000,5871-58-18,דירה בבית,4,20284
מודיעין-מכבים-רעות,אבני חן,517,מודיעין-מכבים-רעות,אבני חן,יהלום 22,111.82,2019,2480000,5869-24-20,דירה בבית,4,22179
מודיעין-מכבים-רעות,אבני חן,518,מודיעין-מכבים-רעות,אבני חן,לשם 59,91,2019,2100000,5871-30-4,דירה בבית,4,23077
מודיעין-מכבים-רעות,אבני חן,519,מודיעין-מכבים-רעות,אבני חן,מגדל המנורה 2,106.2,2019,1950000,5872-19-19,דירה בבית,4,18362
מודיעין-מכבים-רעות,אבני חן,520,מודיעין-מכבים-רעות,אבני חן,יהלום 54,105,2019,2190000,5868-24-8,קוטג' דו משפחתי,4,20857
מודיעין-מכבים-רעות,אבני חן,521,מודיעין-מכבים-רעות,אבני חן,יהלום 36,93.4,2019,2135000,5869-33-4,דירה בבית,4,22859
מודיעין-מכבים-רעות,אבני חן,522,מודיעין-מכבים-רעות,אבני חן,בדולח 8,88,2019,1950000,5871-28-17,דירה בבית,4,22159
מודיעין-מכבים-רעות,אבני חן,523,מודיעין-מכבים-רעות,אבני חן,תכלת 15,92.8,2019,1900000,5874-33-17,דירה בבית,4,20474
מודיעין-מכבים-רעות,אבני חן,524,מודיעין-מכבים-רעות,אבני חן,יהלום 2,92,2019,2033000,5870-35-16,דירה בבית,4,22098
מודיעין-מכבים-רעות,אבני חן,525,מודיעין-מכבים-רעות,אבני חן,בדולח 4,91,2019,2185000,5871-28-32,דירה בבית,4,24011
מודיעין-מכבים-רעות,אבני חן,526,מודיעין-מכבים-רעות,אבני חן,אבני החושן 7,95,2019,2100000,5872-29-9,דירה בבית,4,22105
מודיעין-מכבים-רעות,אבני חן,527,מודיעין-מכבים-רעות,אבני חן,יהלום 69,98.9,2019,3010000,5868-32-14,דירת גן,4,30435
מודיעין-מכבים-רעות,אבני חן,528,מודיעין-מכבים-רעות,אבני חן,אבני החושן 4,97,2019,2210000,5870-35-9,דירה בבית,4,22784
מודיעין-מכבים-רעות,אבני חן,529,מודיעין-מכבים-רעות,אבני חן,תכלת 60,111.1,2019,2670000,5871-24-80,דירה בבית,5,24032
מודיעין-מכבים-רעות,אבני חן,530,מודיעין-מכבים-רעות,אבני חן,תכלת 15,72.88,2019,1830000,5874-33-1,דירה בבית,3,25110
מודיעין-מכבים-רעות,אבני חן,531,מודיעין-מכבים-רעות,אבני חן,בדולח 7,66,2019,1730000,5871-13-19,דירה בבית,3,26212
מודיעין-מכבים-רעות,אבני חן,532,מודיעין-מכבים-רעות,אבני חן,אודם 10,91.8,2019,1950000,5870-17-12,דירה בבית,4,21242
מודיעין-מכבים-רעות,אבני חן,533,מודיעין-מכבים-רעות,אבני חן,עמק זבולון 27,115.4,2019,2840000,5870-33-1,דירה בבית,5,24610
מודיעין-מכבים-רעות,אבני חן,534,מודיעין-מכבים-רעות,אבני חן,לשם 71,97.1,2019,1900000,5870-23-41,דירה בבית,4,19567
מודיעין-מכבים-רעות,אבני חן,535,מודיעין-מכבים-רעות,אבני חן,תרשיש 39,82.41,2019,1870000,5868-48-7,דירה בבית,3,22691
מודיעין-מכבים-רעות,אבני חן,536,מודיעין-מכבים-רעות,אבני חן,מגדל ים 7,93,2019,2215000,5871-4-45,דירה בבית,4,23817
מודיעין-מכבים-רעות,אבני חן,537,מודיעין-מכבים-רעות,אבני חן,עמק זבולון 55,91.1,2019,2125000,5869-34-12,דירה בבית,4,23326
מודיעין-מכבים-רעות,אבני חן,538,מודיעין-מכבים-רעות,אבני חן,בדולח 9,115,2019,2240000,5871-13-52,דירה בבית,4.5,19478
מודיעין-מכבים-רעות,אבני חן,539,מודיעין-מכבים-רעות,אבני חן,מגדל המנורה 2,106.05,2019,2980000,5872-19-148,דירה בבית,4,28100
מודיעין-מכבים-רעות,אבני חן,540,מודיעין-מכבים-רעות,אבני חן,מגדל המנורה 2,126.7,2019,3720000,5872-19-151,דירה בבית,5,29361
מודיעין-מכבים-רעות,אבני חן,541,מודיעין-מכבים-רעות,אבני חן,עמק זבולון 69,93.45,2019,1930000,5868-30-11,דירה בבית,4,20653
מודיעין-מכבים-רעות,אבני חן,542,מודיעין-מכבים-רעות,אבני חן,ישפה 10,139.6,2019,4101000,5870-60-1,קוטג' דו משפחתי,6,29377
מודיעין-מכבים-רעות,אבני חן,543,מודיעין-מכבים-רעות,אבני חן,שני 49,129.2,2019,3550000,5871-47-4,דירה בבית,5.5,27477
מודיעין-מכבים-רעות,אבני חן,544,מודיעין-מכבים-רעות,אבני חן,ענבר 16,86,2019,2070000,5869-43-13,דירה בבית,4,24070
מודיעין-מכבים-רעות,אבני חן,545,מודיעין-מכבים-רעות,אבני חן,תרשיש 75,77.3,2019,1920000,5871-11-38,דירה בבית,3,24838
מודיעין-מכבים-רעות,אבני חן,546,מודיעין-מכבים-רעות,אבני חן,תכלת 79,105.8,2019,2400000,5871-39-25,דירה בבית,5,22684
מודיעין-מכבים-רעות,אבני חן,547,מודיעין-מכבים-רעות,אבני חן,אבני החושן 49,94.16,2019,2070000,5871-22-35,דירה בבית,4,21984
מודיעין-מכבים-רעות,אבני חן,549,מודיעין-מכבים-רעות,אבני חן,לשם 71,98.1,2019,1910000,5870-23-43,דירה בבית,4,19470
מודיעין-מכבים-רעות,אבני חן,551,מודיעין-מכבים-רעות,אבני חן,אבני החושן 14,81.6,2019,1950000,5870-84-5,דירה בבית,4,23897
מודיעין-מכבים-רעות,אבני חן,552,מודיעין-מכבים-רעות,אבני חן,אודם 22,71,2019,1800000,5871-6-20,דירה בבית,3,25352
מודיעין-מכבים-רעות,אבני חן,553,מודיעין-מכבים-רעות,אבני חן,מגדל המנורה 2,106.2,2019,2700000,5872-19-101,דירה בבית,4,25424
מודיעין-מכבים-רעות,אבני חן,554,מודיעין-מכבים-רעות,אבני חן,מגדל המנורה 2,106.5,2019,2650000,5872-19-110,דירה בבית,4.5,24883
מודיעין-מכבים-רעות,אבני חן,555,מודיעין-מכבים-רעות,אבני חן,עמק זבולון 49,93.3,2019,2165000,5869-32-4,דירה בבית,4,23205
מודיעין-מכבים-רעות,אבני חן,556,מודיעין-מכבים-רעות,אבני חן,יהלום 11,82.6,2019,1930000,5870-54-13,דירה בבית,4,23366
מודיעין-מכבים-רעות,אבני חן,557,מודיעין-מכבים-רעות,אבני חן,יהלום 2,91,2019,2440000,5870-35-14,דירה בבית,4,26813
מודיעין-מכבים-רעות,אבני חן,558,מודיעין-מכבים-רעות,אבני חן,אבני החושן 23,99.4,2019,2370000,5871-60-31,דירה בבית,4.5,23843
מודיעין-מכבים-רעות,אבני חן,559,מודיעין-מכבים-רעות,אבני חן,תכלת 10,138.5,2018,3300000,5872-21-39,דירה בבית,5,23827
מודיעין-מכבים-רעות,אבני חן,560,מודיעין-מכבים-רעות,אבני חן,תכלת 81,105,2018,2190000,5871-39-4,דירה בבית,4,20857
מודיעין-מכבים-רעות,אבני חן,561,מודיעין-מכבים-רעות,אבני חן,תרשיש 34,108.1,2018,2550000,5871-9-2,דירת גן,4,23589
מודיעין-מכבים-רעות,אבני חן,562,מודיעין-מכבים-רעות,אבני חן,תרשיש 75,99,2018,2255000,5871-11-42,דירה בבית,4,22778
מודיעין-מכבים-רעות,אבני חן,563,מודיעין-מכבים-רעות,אבני חן,מגדל המנורה 43,92.65,2018,2500000,5871-58-37,דירה בבית,4,26983
מודיעין-מכבים-רעות,אבני חן,564,מודיעין-מכבים-רעות,אבני חן,תכלת 56,94,2018,2310000,5871-24-57,דירה בבית,4,24574
מודיעין-מכבים-רעות,אבני חן,565,מודיעין-מכבים-רעות,אבני חן,מגדל ים 4,110.5,2018,2425000,5868-15-2,דירה בבית,4,21946
מודיעין-מכבים-רעות,אבני חן,566,מודיעין-מכבים-רעות,אבני חן,לשם 59,68,2018,1790000,5871-30-19,דירה בבית,3,26324
מודיעין-מכבים-רעות,אבני חן,567,מודיעין-מכבים-רעות,אבני חן,0,115,2018,2850000,5868-41-3,דירה בבית,5,24783
מודיעין-מכבים-רעות,אבני חן,568,מודיעין-מכבים-רעות,אבני חן,ישפה 11,139.6,2018,4270000,5870-51-2,דירת גן,6,30587
מודיעין-מכבים-רעות,אבני חן,569,מודיעין-מכבים-רעות,אבני חן,אודם 21,98.1,2018,2020000,5870-20-43,דירה בבית,4,20591
מודיעין-מכבים-רעות,אבני חן,570,מודיעין-מכבים-רעות,אבני חן,בדולח 7,115,2018,2370000,5871-13-5,דירה בבית,4.5,20609
מודיעין-מכבים-רעות,אבני חן,571,מודיעין-מכבים-רעות,אבני חן,ענבר 12,86,2018,2035000,5869-44-13,דירה בבית,4,23663
מודיעין-מכבים-רעות,אבני חן,572,מודיעין-מכבים-רעות,אבני חן,מגדל ים 7,91,2018,2150000,5871-4-47,דירה בבית,4,23626
מודיעין-מכבים-רעות,אבני חן,573,מודיעין-מכבים-רעות,אבני חן,נופך 15,125,2018,3660000,5869-61-2,דירה בבית,6,29280
מודיעין-מכבים-רעות,אבני חן,574,מודיעין-מכבים-רעות,אבני חן,תרשיש 57,138.84,2018,3500000,5868-44-5,דירת גן,5,25209
מודיעין-מכבים-רעות,אבני חן,575,מודיעין-מכבים-רעות,אבני חן,ישפה 4,120,2018,4450000,5870-62-1,קוטג' חד משפחתי,5,37083
מודיעין-מכבים-רעות,אבני חן,576,מודיעין-מכבים-רעות,אבני חן,מגדל המנורה 43,98.5,2018,2050000,5871-58-29,דירה בבית,4.5,20812
מודיעין-מכבים-רעות,אבני חן,577,מודיעין-מכבים-רעות,אבני חן,ענבר 8,92,2018,1900000,5869-45-20,דירה בבית,4,20652
מודיעין-מכבים-רעות,אבני חן,578,מודיעין-מכבים-רעות,אבני חן,נופך 25,125,2018,3590000,5869-58-1,קוטג' דו משפחתי,6,28720
מודיעין-מכבים-רעות,אבני חן,579,מודיעין-מכבים-רעות,אבני חן,תכלת 45,96.2,2018,2135000,5874-39-4,דירה בבית,4,22193
מודיעין-מכבים-רעות,אבני חן,580,מודיעין-מכבים-רעות,אבני חן,לשם 69,98.3,2018,2100000,5870-23-5,דירה בבית,4,21363
מודיעין-מכבים-רעות,אבני חן,581,מודיעין-מכבים-רעות,אבני חן,תרשיש 28,106.2,2018,2000000,5868-33-8,דירת גן,4,18832
מודיעין-מכבים-רעות,אבני חן,582,מודיעין-מכבים-רעות,אבני חן,שני 58,127.5,2018,3810000,5871-54-11,דירה בבית,5,29882
מודיעין-מכבים-רעות,אבני חן,583,מודיעין-מכבים-רעות,אבני חן,תרשיש 12,122,2018,3000000,5868-38-41,דירה בבית,5,24590
מודיעין-מכבים-רעות,אבני חן,584,מודיעין-מכבים-רעות,אבני חן,בדולח 4,72,2018,1800000,5871-28-53,דירה בבית,3,25000
מודיעין-מכבים-רעות,אבני חן,585,מודיעין-מכבים-רעות,אבני חן,שני 6,98.34,2018,2185000,5874-34-3,דירה בבית,4,22219
מודיעין-מכבים-רעות,אבני חן,586,מודיעין-מכבים-רעות,אבני חן,עמק זבולון 31,70.6,2018,1733000,5870-63-5,דירה בבית,3,24547
מודיעין-מכבים-רעות,אבני חן,587,מודיעין-מכבים-רעות,אבני חן,אודם 22,85,2018,2040000,5871-6-31,דירה בבית,4,24000
מודיעין-מכבים-רעות,אבני חן,589,מודיעין-מכבים-רעות,אבני חן,מגדל המנורה 5,100,2018,2120000,5872-28-6,דירה בבית,4,21200
מודיעין-מכבים-רעות,אבני חן,590,מודיעין-מכבים-רעות,אבני חן,ישפה 37,57,2018,750000,5870-45-3,דירה בבית,3,13158
מודיעין-מכבים-רעות,אבני חן,591,מודיעין-מכבים-רעות,אבני חן,תכלת 87,101.8,2018,2500000,5871-22-1,דירה בבית,4,24558
מודיעין-מכבים-רעות,אבני חן,592,מודיעין-מכבים-רעות,אבני חן,עמק זבולון 39,78.6,2018,1840000,5869-24-6,דירה בבית,3,23410
מודיעין-מכבים-רעות,אבני חן,593,מודיעין-מכבים-רעות,אבני חן,אבני החושן 4,90,2018,2050000,5870-35-12,דירה בבית,4,22778
מודיעין-מכבים-רעות,אבני חן,594,מודיעין-מכבים-רעות,אבני חן,עמק זבולון 25,103.4,2018,2170000,5870-64-4,דירה בבית,4,20986
מודיעין-מכבים-רעות,אבני חן,595,מודיעין-מכבים-רעות,אבני חן,אודם 29,78,2018,1740000,5871-11-12,דירה בבית,3,22308
מודיעין-מכבים-רעות,אבני חן,596,מודיעין-מכבים-רעות,אבני חן,יהלום 69,106.4,2018,2640000,5868-32-13,דירה בבית,4,24812
מודיעין-מכבים-רעות,אבני חן,597,מודיעין-מכבים-רעות,אבני חן,תרשיש 7,87,2018,1920000,5869-41-17,דירה בבית,4,22069
מודיעין-מכבים-רעות,אבני חן,598,מודיעין-מכבים-רעות,אבני חן,תכלת 60,94,2018,2229000,5871-24-93,דירה בבית,4,23713
מודיעין-מכבים-רעות,אבני חן,599,מודיעין-מכבים-רעות,אבני חן,תרשיש 9,90,2018,2018000,5869-41-9,דירה בבית,4,22422
מודיעין-מכבים-רעות,אבני חן,600,מודיעין-מכבים-רעות,אבני חן,ענבר 12,92,2018,2470000,5869-44-11,דירה בבית,4,26848
מודיעין-מכבים-רעות,אבני חן,601,מודיעין-מכבים-רעות,אבני חן,מגדל ים 4,170.7,2018,3450000,5868-15-27,דירה בבית,6,20211
מודיעין-מכבים-רעות,אבני חן,602,מודיעין-מכבים-רעות,אבני חן,מגדל ים 4,113,2018,2255000,5868-15-6,דירה בבית,4,19956
מודיעין-מכבים-רעות,אבני חן,603,מודיעין-מכבים-רעות,אבני חן,תרשיש 61,88.15,2018,1900000,5868-43-8,דירה בבית,3,21554
מודיעין-מכבים-רעות,אבני חן,604,מודיעין-מכבים-רעות,אבני חן,מגדל המנורה 2,75.7,2018,1200000,5872-19-99,דירה בבית,3,15852
מודיעין-מכבים-רעות,אבני חן,605,מודיעין-מכבים-רעות,אבני חן,אבני החושן 42,131.55,2018,3300000,5871-49-20,דירת גן,5,25086
מודיעין-מכבים-רעות,אבני חן,606,מודיעין-מכבים-רעות,אבני חן,אבני החושן 10,98.2,2018,2310000,5870-86-13,דירה בבית,4,23523
מודיעין-מכבים-רעות,אבני חן,607,מודיעין-מכבים-רעות,אבני חן,תרשיש 9,87,2018,1930000,5869-41-8,דירה בבית,4,22184
מודיעין-מכבים-רעות,אבני חן,608,מודיעין-מכבים-רעות,אבני חן,אודם 29,99,2018,2165000,5871-11-14,דירה בבית,3.5,21869
מודיעין-מכבים-רעות,אבני חן,609,מודיעין-מכבים-רעות,אבני חן,ענבר 11,82.7,2018,2055000,5870-13-12,דירה בבית,4,24849
מודיעין-מכבים-רעות,אבני חן,610,מודיעין-מכבים-רעות,אבני חן,שני 15,126.9,2018,2972000,5874-24-4,דירת גן,5,23420
מודיעין-מכבים-רעות,אבני חן,611,מודיעין-מכבים-רעות,אבני חן,תרשיש 53,80.75,2018,1745000,5868-45-11,דירה בבית,3,21610
מודיעין-מכבים-רעות,אבני חן,612,מודיעין-מכבים-רעות,אבני חן,תכלת 1,91.9,2018,2045000,5872-24-7,דירת גן,3,22252
מודיעין-מכבים-רעות,אבני חן,613,מודיעין-מכבים-רעות,אבני חן,בדולח 4,117,2018,2215000,5871-28-52,דירה בבית,4,18932
מודיעין-מכבים-רעות,אבני חן,614,מודיעין-מכבים-רעות,אבני חן,יהלום 44,94.1,2018,2025000,5869-37-4,דירה בבית,4,21520
מודיעין-מכבים-רעות,אבני חן,615,מודיעין-מכבים-רעות,אבני חן,תכלת 77,105.8,2018,2350000,5871-39-33,דירה בבית,5,22212
מודיעין-מכבים-רעות,אבני חן,616,מודיעין-מכבים-רעות,אבני חן,אודם 22,86,2018,2000000,5871-6-30,דירה בבית,4,23256
מודיעין-מכבים-רעות,אבני חן,617,מודיעין-מכבים-רעות,אבני חן,תכלת 56,84.6,2018,2200000,5871-24-65,דירה בבית,4,26005
מודיעין-מכבים-רעות,אבני חן,618,מודיעין-מכבים-רעות,אבני חן,מגדל המנורה 35,117,2018,2850000,5871-57-16,דירת,5,24359
מודיעין-מכבים-רעות,אבני חן,619,מודיעין-מכבים-רעות,אבני חן,יהלום 5,71.6,2018,1725000,5870-72-16,דירה בבית,3,24092
מודיעין-מכבים-רעות,אבני חן,620,מודיעין-מכבים-רעות,אבני חן,תרשיש 11,90,2018,2080000,5869-40-14,דירה בבית,4,23111
מודיעין-מכבים-רעות,אבני חן,621,מודיעין-מכבים-רעות,אבני חן,אודם 29,87,2018,1985000,5871-11-17,דירה בבית,3.5,22816
מודיעין-מכבים-רעות,אבני חן,622,מודיעין-מכבים-רעות,אבני חן,יהלום 15,89,2018,2285000,5870-14-14,דירה בבית,4,25674
מודיעין-מכבים-רעות,אבני חן,623,מודיעין-מכבים-רעות,אבני חן,ענבר 8,86,2018,1960000,5869-45-16,דירה בבית,4,22791
מודיעין-מכבים-רעות,אבני חן,624,מודיעין-מכבים-רעות,אבני חן,עמק זבולון 37,105.98,2018,2080000,5869-24-9,דירה בבית,4,19626
מודיעין-מכבים-רעות,אבני חן,625,מודיעין-מכבים-רעות,אבני חן,יהלום 5,71.6,2018,1699000,5870-72-19,דירה בבית,3,23729
מודיעין-מכבים-רעות,אבני חן,626,מודיעין-מכבים-רעות,אבני חן,מגדל המנורה 2,106.55,2018,2700000,5872-19-5,דירה בבית,4.5,25340
מודיעין-מכבים-רעות,אבני חן,627,מודיעין-מכבים-רעות,אבני חן,אודם 5,82.1,2018,1970000,5870-72-9,דירה בבית,4,23995
מודיעין-מכבים-רעות,אבני חן,628,מודיעין-מכבים-רעות,אבני חן,מגדל ים 6,122.3,2018,2515000,5868-15-101,דירה בבית,4,20564
מודיעין-מכבים-רעות,אבני חן,629,מודיעין-מכבים-רעות,אבני חן,בדולח 9,96,2018,1790000,5871-13-42,דירה בבית,3.5,18646
מודיעין-מכבים-רעות,אבני חן,630,מודיעין-מכבים-רעות,אבני חן,עמק זבולון 43,91.8,2018,2065000,5869-31-12,דירה בבית,4,22495
מודיעין-מכבים-רעות,אבני חן,631,מודיעין-מכבים-רעות,אבני חן,יהלום 38,93.3,2018,2030000,5869-35-9,דירה בבית,4,21758
מודיעין-מכבים-רעות,אבני חן,632,מודיעין-מכבים-רעות,אבני חן,מגדל ים 7,89,2018,2050000,5871-4-53,דירה בבית,4,23034
מודיעין-מכבים-רעות,אבני חן,633,מודיעין-מכבים-רעות,אבני חן,עמק זבולון 9,98.34,2018,1950000,5872-27-9,דירה בבית,4,19829
מודיעין-מכבים-רעות,אבני חן,634,מודיעין-מכבים-רעות,אבני חן,תכלת 28,125.7,2018,2935000,5871-56-7,דירת גן,5,23349
מודיעין-מכבים-רעות,אבני חן,635,מודיעין-מכבים-רעות,אבני חן,אודם 23,97.2,2018,1900000,5870-20-28,דירה בבית,4,19547
מודיעין-מכבים-רעות,אבני חן,636,מודיעין-מכבים-רעות,אבני חן,מגדל המנורה 27,123.35,2018,3030000,5871-56-11,דירת גן,5,24564
מודיעין-מכבים-רעות,אבני חן,637,מודיעין-מכבים-רעות,אבני חן,0,146,2017,2850000,5868-40-1,דירה בבית,4.5,19521
מודיעין-מכבים-רעות,אבני חן,638,מודיעין-מכבים-רעות,אבני חן,מגדל ים 6,112,2017,2270000,5868-15-100,דירה בבית,4,20268
מודיעין-מכבים-רעות,אבני חן,639,מודיעין-מכבים-רעות,אבני חן,תרשיש 11,90,2017,2045000,5869-40-13,דירה בבית,4,22722
מודיעין-מכבים-רעות,אבני חן,640,מודיעין-מכבים-רעות,אבני חן,אבני החושן 46,123.6,2017,3035000,5871-49-4,דירה בבית,5,24555
מודיעין-מכבים-רעות,אבני חן,641,מודיעין-מכבים-רעות,אבני חן,מגדל המנורה 29,117,2017,2850000,5871-56-16,קוטג' דו משפחתי,6,24359
מודיעין-מכבים-רעות,אבני חן,642,מודיעין-מכבים-רעות,אבני חן,אודם 21,112.3,2017,2390000,5870-20-39,דירה בבית,5,21282
מודיעין-מכבים-רעות,אבני חן,643,מודיעין-מכבים-רעות,אבני חן,תכלת 38,100,2017,2129000,5871-61-1,דירה בבית,4,21290
מודיעין-מכבים-רעות,אבני חן,644,מודיעין-מכבים-רעות,אבני חן,מגדל ים 4,115.4,2017,2500000,5868-15-45,דירה בבית,4,21664
מודיעין-מכבים-רעות,אבני חן,645,מודיעין-מכבים-רעות,אבני חן,נופך 6,125,2017,3790000,5869-53-1,דירה בבית,6,30320
מודיעין-מכבים-רעות,אבני חן,646,מודיעין-מכבים-רעות,אבני חן,תרשיש 7,87,2017,2300000,5869-41-11,דירה בבית,4,26437
מודיעין-מכבים-רעות,אבני חן,647,מודיעין-מכבים-רעות,אבני חן,נופך 36,88,2017,2070000,5869-39-3,דירה בבית,4,23523
מודיעין-מכבים-רעות,אבני חן,648,מודיעין-מכבים-רעות,אבני חן,תרשיש 38,140.85,2017,2575000,5871-50-7,דירה בבית,5,18282
מודיעין-מכבים-רעות,אבני חן,649,מודיעין-מכבים-רעות,אבני חן,שני 33,130.45,2017,3632000,5874-20-2,דירה בבית,6,27842
מודיעין-מכבים-רעות,אבני חן,650,מודיעין-מכבים-רעות,אבני חן,אודם 29,118,2017,2550000,5871-11-26,דירה בבית,4.5,21610
מודיעין-מכבים-רעות,אבני חן,651,מודיעין-מכבים-רעות,אבני חן,עמק זבולון 53,91.1,2017,2080000,5869-34-6,דירה בבית,4,22832
מודיעין-מכבים-רעות,אבני חן,652,מודיעין-מכבים-רעות,אבני חן,מגדל המנורה 2,106.2,2017,2660000,5872-19-147,דירה בבית,4,25047
מודיעין-מכבים-רעות,אבני חן,653,מודיעין-מכבים-רעות,אבני חן,אודם 5,82.1,2017,1935000,5870-72-11,דירה בבית,4,23569
מודיעין-מכבים-רעות,אבני חן,654,מודיעין-מכבים-רעות,אבני חן,תרשיש 39,152.02,2017,1825000,5868-48-10,קוטג' דו משפחתי,5,12005
מודיעין-מכבים-רעות,אבני חן,655,מודיעין-מכבים-רעות,אבני חן,יהלום 110,123.6,2017,3145000,5871-49-13,דירת גן,5,25445
מודיעין-מכבים-רעות,אבני חן,656,מודיעין-מכבים-רעות,אבני חן,תכלת 50,84.6,2017,2030000,5871-24-8,דירה בבית,4,23995
מודיעין-מכבים-רעות,אבני חן,657,מודיעין-מכבים-רעות,אבני חן,תרשיש 61,98.54,2017,2500000,5868-43-1,דירה בבית,4,25370
מודיעין-מכבים-רעות,אבני חן,658,מודיעין-מכבים-רעות,אבני חן,אודם 9,102.6,2017,2190000,5870-71-3,דירה בבית,4,21345
מודיעין-מכבים-רעות,אבני חן,659,מודיעין-מכבים-רעות,אבני חן,יהלום 60,124.75,2017,3092000,5868-24-50,דירה בבית,5,24786
מודיעין-מכבים-רעות,אבני חן,660,מודיעין-מכבים-רעות,אבני חן,שני 20,95,2017,2210000,5874-29-13,דירה בבית,4,23263
מודיעין-מכבים-רעות,אבני חן,661,מודיעין-מכבים-רעות,אבני חן,תכלת 41,93.6,2017,1910000,5874-28-11,דירה בבית,4,20406
מודיעין-מכבים-רעות,אבני חן,662,מודיעין-מכבים-רעות,אבני חן,בדולח 9,93,2017,2100000,5871-13-32,דירה בבית,4,22581
מודיעין-מכבים-רעות,אבני חן,663,מודיעין-מכבים-רעות,אבני חן,יהלום 24,96,2017,2389000,5869-30-1,דירה בבית,4,24885
מודיעין-מכבים-רעות,אבני חן,664,מודיעין-מכבים-רעות,אבני חן,מגדל המנורה 2,106.05,2017,2350000,5872-19-142,דירה בבית,4,22159
מודיעין-מכבים-רעות,אבני חן,665,מודיעין-מכבים-רעות,אבני חן,מגדל המנורה 2,106.2,2017,2630000,5872-19-94,דירה בבית,4,24765
מודיעין-מכבים-רעות,אבני חן,666,מודיעין-מכבים-רעות,אבני חן,תכלת 54,99.1,2017,2300000,5871-24-29,דירה בבית,4,23209
מודיעין-מכבים-רעות,אבני חן,667,מודיעין-מכבים-רעות,אבני חן,תכלת 83,105.8,2017,2350000,5871-39-9,דירה בבית,5,22212
מודיעין-מכבים-רעות,אבני חן,668,מודיעין-מכבים-רעות,אבני חן,שני 2,98.34,2017,2057000,5874-35-10,דירה בבית,4,20917
מודיעין-מכבים-רעות,אבני חן,669,מודיעין-מכבים-רעות,אבני חן,תכלת 2,92,2017,2100000,5872-29-23,דירה בבית,4,22826
מודיעין-מכבים-רעות,אבני חן,670,מודיעין-מכבים-רעות,אבני חן,עמק זבולון 55,94.6,2017,2025000,5869-34-9,דירה בבית,4,21406
מודיעין-מכבים-רעות,אבני חן,671,מודיעין-מכבים-רעות,אבני חן,מגדל המנורה 2,106.2,2017,2515000,5872-19-40,דירה בבית,4,23682
מודיעין-מכבים-רעות,אבני חן,672,מודיעין-מכבים-רעות,אבני חן,תרשיש 34,100.5,2017,2240000,5871-9-7,דירה בבית,4,22289
מודיעין-מכבים-רעות,אבני חן,673,מודיעין-מכבים-רעות,אבני חן,מגדל המנורה 2,104.4,2017,2590000,5872-19-55,דירה בבית,4,24808
מודיעין-מכבים-רעות,אבני חן,674,מודיעין-מכבים-רעות,אבני חן,תכלת 37,88.25,2017,2300000,5874-30-9,דירה בבית,4,26062
מודיעין-מכבים-רעות,אבני חן,675,מודיעין-מכבים-רעות,אבני חן,ענבר 10,92,2017,2150000,5869-44-8,דירה בבית,4,23370
מודיעין-מכבים-רעות,אבני חן,676,מודיעין-מכבים-רעות,אבני חן,מגדל ים 7,91,2017,2070000,5871-4-36,דירה בבית,4,22747
מודיעין-מכבים-רעות,אבני חן,677,מודיעין-מכבים-רעות,אבני חן,שני 62,124,2017,2921000,5871-53-3,דירה בבית,5,23556
מודיעין-מכבים-רעות,אבני חן,678,מודיעין-מכבים-רעות,אבני חן,בדולח 23,72,2017,1800000,5871-4-29,דירה בבית,3,25000
מודיעין-מכבים-רעות,אבני חן,679,מודיעין-מכבים-רעות,אבני חן,תרשיש 31,132.64,2017,3340000,5868-50-7,דירה בבית,5,25181
מודיעין-מכבים-רעות,אבני חן,680,מודיעין-מכבים-רעות,אבני חן,ענבר 14,92,2017,2465000,5869-43-2,דירה בבית,4,26793
מודיעין-מכבים-רעות,אבני חן,681,מודיעין-מכבים-רעות,אבני חן,ענבר 6,92,2017,1999000,5869-45-12,דירה בבית,4,21728
מודיעין-מכבים-רעות,אבני חן,682,מודיעין-מכבים-רעות,אבני חן,מגדל ים 6,116.3,2017,2400000,5868-15-116,דירה בבית,4,20636
מודיעין-מכבים-רעות,אבני חן,683,מודיעין-מכבים-רעות,אבני חן,נופך 17,125,2017,3690000,5869-60-1,דירה בבית,6,29520
מודיעין-מכבים-רעות,אבני חן,684,מודיעין-מכבים-רעות,אבני חן,שני 43,129.1,2017,3405000,5871-44-12,קוטג' דו משפחתי,5.5,26375
מודיעין-מכבים-רעות,אבני חן,685,מודיעין-מכבים-רעות,אבני חן,עמק זבולון 11,98.15,2017,1965000,5872-26-5,דירה בבית,4,20020
מודיעין-מכבים-רעות,אבני חן,686,מודיעין-מכבים-רעות,אבני חן,אבני החושן 68,124.75,2017,3100000,5868-27-37,דירת גן,5,24850
מודיעין-מכבים-רעות,אבני חן,687,מודיעין-מכבים-רעות,אבני חן,מגדל המנורה 2,75.7,2017,1930000,5872-19-57,דירה בבית,4,25495
מודיעין-מכבים-רעות,אבני חן,688,מודיעין-מכבים-רעות,אבני חן,לשם 63,117,2017,2285000,5871-30-52,דירה בבית,4.5,19530
מודיעין-מכבים-רעות,אבני חן,689,מודיעין-מכבים-רעות,אבני חן,עמק זבולון 43,95.1,2017,2130000,5869-31-9,דירה בבית,4,22397
מודיעין-מכבים-רעות,אבני חן,690,מודיעין-מכבים-רעות,אבני חן,אודם 12,91.8,2017,2165000,5870-17-3,דירת גן,4,23584
מודיעין-מכבים-רעות,אבני חן,691,מודיעין-מכבים-רעות,אבני חן,לשם 63,91,2017,2090000,5871-30-32,דירה בבית,4,22967
מודיעין-מכבים-רעות,אבני חן,692,מודיעין-מכבים-רעות,אבני חן,אבני החושן 14,81.6,2017,1940000,5870-84-3,דירה בבית,4,23775
מודיעין-מכבים-רעות,אבני חן,693,מודיעין-מכבים-רעות,אבני חן,שני 20,98.15,2017,2295000,5874-29-12,דירה בבית,4,23383
מודיעין-מכבים-רעות,אבני חן,694,מודיעין-מכבים-רעות,אבני חן,תכלת 12,141.61,2017,3150000,5872-21-19,קוטג' דו משפחתי,5,22244
מודיעין-מכבים-רעות,אבני חן,695,מודיעין-מכבים-רעות,אבני חן,תכלת 12,95.5,2017,2780000,5872-21-11,דירה בבית,4,29110
מודיעין-מכבים-רעות,אבני חן,696,מודיעין-מכבים-רעות,אבני חן,יהלום 5,78.3,2017,1880000,5870-72-15,דירה בבית,3,24010
מודיעין-מכבים-רעות,אבני חן,697,מודיעין-מכבים-רעות,אבני חן,תרשיש 75,89,2017,2330000,5871-11-48,דירה בבית,4,26180
מודיעין-מכבים-רעות,אבני חן,698,מודיעין-מכבים-רעות,אבני חן,מגדל המנורה 2,106.2,2017,2450000,5872-19-16,דירה בבית,4,23070
מודיעין-מכבים-רעות,אבני חן,699,מודיעין-מכבים-רעות,אבני חן,יהלום 11,83.8,2017,1820000,5870-54-18,דירה בבית,4,21718
מודיעין-מכבים-רעות,אבני חן,700,מודיעין-מכבים-רעות,אבני חן,תכלת 77,105,2017,2150000,5871-39-28,דירה בבית,4.5,20476
מודיעין-מכבים-רעות,אבני חן,701,מודיעין-מכבים-רעות,אבני חן,תכלת 41,93.7,2017,1930000,5874-28-9,דירה בבית,4,20598
מודיעין-מכבים-רעות,אבני חן,702,מודיעין-מכבים-רעות,אבני חן,שני 28,96,2017,2205000,5874-39-19,דירה בבית,4,22969
מודיעין-מכבים-רעות,אבני חן,703,מודיעין-מכבים-רעות,אבני חן,מגדל ים 19,92.21,2017,2124000,5868-44-10,דירה בבית,4,23034
מודיעין-מכבים-רעות,אבני חן,704,מודיעין-מכבים-רעות,אבני חן,יהלום 54,128.95,2017,3100000,5868-24-16,דירת גן,5,24040
מודיעין-מכבים-רעות,אבני חן,706,מודיעין-מכבים-רעות,אבני חן,אודם 12,91.8,2017,2250000,5870-17-4,דירה בבית,4,24510
מודיעין-מכבים-רעות,אבני חן,707,מודיעין-מכבים-רעות,אבני חן,תרשיש 75,78,2017,1680000,5871-11-46,דירה בבית,3,21538
מודיעין-מכבים-רעות,אבני חן,708,מודיעין-מכבים-רעות,אבני חן,עמק זבולון 29,89.4,2016,2050000,5870-63-11,דירה בבית,4,22931
מודיעין-מכבים-רעות,אבני חן,709,מודיעין-מכבים-רעות,אבני חן,תכלת 5,98.34,2016,2075000,5872-25-4,דירה בבית,4,21100
מודיעין-מכבים-רעות,אבני חן,710,מודיעין-מכבים-רעות,אבני חן,אודם 11,81.6,2016,1930000,5870-70-5,דירה בבית,4,23652
מודיעין-מכבים-רעות,אבני חן,711,מודיעין-מכבים-רעות,אבני חן,תרשיש 35,90.39,2016,2180000,5868-49-9,דירה בבית,4,24118
מודיעין-מכבים-רעות,אבני חן,712,מודיעין-מכבים-רעות,אבני חן,תכלת 38,103,2016,2130000,5871-61-2,דירה בבית,4.5,20680
מודיעין-מכבים-רעות,אבני חן,713,מודיעין-מכבים-רעות,אבני חן,תרשיש 24,117.7,2016,3200000,5868-35-2,דירת גן,4,27188
מודיעין-מכבים-רעות,אבני חן,714,מודיעין-מכבים-רעות,אבני חן,בדולח 9,103,2016,2400000,5871-13-56,דירה בבית,4.5,23301
מודיעין-מכבים-רעות,אבני חן,715,מודיעין-מכבים-רעות,אבני חן,תכלת 10,142.2,2016,3160000,5872-21-38,קוטג' דו משפחתי,5,22222
מודיעין-מכבים-רעות,אבני חן,716,מודיעין-מכבים-רעות,אבני חן,תרשיש 27,133.26,2016,3230000,5868-51-3,דירה בבית,5,24238
מודיעין-מכבים-רעות,אבני חן,717,מודיעין-מכבים-רעות,אבני חן,תרשיש 45,98.54,2016,2300000,5868-47-1,דירה בבית,4,23341
מודיעין-מכבים-רעות,אבני חן,718,מודיעין-מכבים-רעות,אבני חן,מגדל ים 19,80.11,2016,1775000,5868-44-11,דירה בבית,3,22157
מודיעין-מכבים-רעות,אבני חן,719,מודיעין-מכבים-רעות,אבני חן,מגדל המנורה 2,106.2,2016,2429000,5872-19-80,דירה בבית,4,22872
מודיעין-מכבים-רעות,אבני חן,720,מודיעין-מכבים-רעות,אבני חן,מגדל המנורה 5,100,2016,2000000,5872-28-5,דירה בבית,4,20000
מודיעין-מכבים-רעות,אבני חן,721,מודיעין-מכבים-רעות,אבני חן,מגדל המנורה 2,106.7,2016,2600000,5872-19-25,דירה בבית,4.5,24367
מודיעין-מכבים-רעות,אבני חן,722,מודיעין-מכבים-רעות,אבני חן,יהלום 56,80.35,2016,1879000,5868-24-26,דירה בבית,3,23385
מודיעין-מכבים-רעות,אבני חן,723,מודיעין-מכבים-רעות,אבני חן,יהלום 18,91.65,2016,2060000,5869-23-23,דירה בבית,4,22477
מודיעין-מכבים-רעות,אבני חן,724,מודיעין-מכבים-רעות,אבני חן,שני 47,129.3,2016,3425000,5871-47-9,דירת גן,5,26489
מודיעין-מכבים-רעות,אבני חן,726,מודיעין-מכבים-רעות,אבני חן,אודם 29,78,2016,1789000,5871-11-15,דירה בבית,3,22936
מודיעין-מכבים-רעות,אבני חן,727,מודיעין-מכבים-רעות,אבני חן,תכלת 57,125.4,2016,2585000,5874-37-12,דירה בבית,5,20614
מודיעין-מכבים-רעות,אבני חן,728,מודיעין-מכבים-רעות,אבני חן,יהלום 42,93.9,2016,2600000,5869-37-7,דירת גן,4,27689
מודיעין-מכבים-רעות,אבני חן,729,מודיעין-מכבים-רעות,אבני חן,עמק זבולון 57,102,2016,2349000,5869-36-5,דירה בבית,5,23029
מודיעין-מכבים-רעות,אבני חן,730,מודיעין-מכבים-רעות,אבני חן,שני 56,123.8,2016,2990000,5871-54-2,קוטג' חד משפחתי,5,24152
מודיעין-מכבים-רעות,אבני חן,731,מודיעין-מכבים-רעות,אבני חן,שני 56,123.8,2016,2925000,5871-54-3,דירה בבית,5,23627
מודיעין-מכבים-רעות,אבני חן,732,מודיעין-מכבים-רעות,אבני חן,תכלת 69,76.4,2016,2065000,5871-51-10,דירה בבית,3,27029
מודיעין-מכבים-רעות,אבני חן,733,מודיעין-מכבים-רעות,אבני חן,תרשיש 16,116,2016,2360000,5868-38-3,דירה בבית,4.5,20345
מודיעין-מכבים-רעות,אבני חן,734,מודיעין-מכבים-רעות,אבני חן,עמק זבולון 19,103,2016,2615000,5870-65-7,דירה בבית,5,25388
מודיעין-מכבים-רעות,אבני חן,735,מודיעין-מכבים-רעות,אבני חן,יהלום 20,109.8,2016,2350000,5869-24-14,דירה בבית,4,21403
מודיעין-מכבים-רעות,אבני חן,736,מודיעין-מכבים-רעות,אבני חן,יהלום 20,98.75,2016,1910000,5869-24-18,דירה בבית,4,19342
מודיעין-מכבים-רעות,אבני חן,737,מודיעין-מכבים-רעות,אבני חן,יהלום 82,128.95,2016,3060000,5868-27-41,קוטג' חד משפחתי,5,23730
מודיעין-מכבים-רעות,אבני חן,738,מודיעין-מכבים-רעות,אבני חן,תכלת 38,124,2016,1907000,5871-61-3,דירה בבית,4.5,15379
מודיעין-מכבים-רעות,אבני חן,739,מודיעין-מכבים-רעות,אבני חן,תכלת 67,109.7,2016,2420000,5871-52-16,דירה בבית,5,22060
מודיעין-מכבים-רעות,אבני חן,740,מודיעין-מכבים-רעות,אבני חן,תכלת 60,84.6,2016,1995000,5871-24-91,קוטג' חד משפחתי,4,23582
מודיעין-מכבים-רעות,אבני חן,741,מודיעין-מכבים-רעות,אבני חן,תכלת 15,123.81,2016,2445000,5874-33-13,קוטג' חד משפחתי,5,19748
מודיעין-מכבים-רעות,אבני חן,742,מודיעין-מכבים-רעות,אבני חן,אודם 11,81.6,2016,1850000,5870-70-4,דירה בבית,4,22672
מודיעין-מכבים-רעות,אבני חן,743,מודיעין-מכבים-רעות,אבני חן,אבני החושן 42,131.55,2016,3000000,5871-49-19,דירת גן,5,22805
מודיעין-מכבים-רעות,אבני חן,744,מודיעין-מכבים-רעות,אבני חן,תרשיש 42,92.85,2016,1940000,5871-50-21,דירה בבית,4,20894
מודיעין-מכבים-רעות,אבני חן,745,מודיעין-מכבים-רעות,אבני חן,יהלום 2,85,2016,2035000,5870-35-17,דירה בבית,4,23941
מודיעין-מכבים-רעות,אבני חן,746,מודיעין-מכבים-רעות,אבני חן,מגדל המנורה 2,75.7,2016,1800000,5872-19-178,דירה בבית,4,23778
מודיעין-מכבים-רעות,אבני חן,747,מודיעין-מכבים-רעות,אבני חן,מגדל ים 7,89,2016,2085000,5871-4-35,דירה בבית,4,23427
מודיעין-מכבים-רעות,אבני חן,748,מודיעין-מכבים-רעות,אבני חן,עמק זבולון 53,94.6,2016,2040000,5869-34-3,דירה בבית,4,21564
מודיעין-מכבים-רעות,אבני חן,749,מודיעין-מכבים-רעות,אבני חן,אבני החושן 42,131.55,2016,2880000,5871-49-18,דירת גן,5,21893
מודיעין-מכבים-רעות,אבני חן,750,מודיעין-מכבים-רעות,אבני חן,עמק זבולון 39,110.15,2016,2480000,5869-24-2,דירה בבית,4,22515
מודיעין-מכבים-רעות,אבני חן,751,מודיעין-מכבים-רעות,אבני חן,בדולח 4,118,2016,2247000,5871-28-31,דירה בבית,4,19042
מודיעין-מכבים-רעות,אבני חן,752,מודיעין-מכבים-רעות,אבני חן,ענבר 6,74,2016,1815000,5869-45-2,דירת גן,4,24527
מודיעין-מכבים-רעות,אבני חן,753,מודיעין-מכבים-רעות,אבני חן,לשם 69,98.3,2016,2060000,5870-23-25,דירה בבית,4,20956
מודיעין-מכבים-רעות,אבני חן,754,מודיעין-מכבים-רעות,אבני חן,מגדל ים 4,114.7,2016,2080000,5868-15-12,דירה בבית,4,18134
מודיעין-מכבים-רעות,אבני חן,755,מודיעין-מכבים-רעות,אבני חן,תכלת 15,72.88,2016,1830000,5874-33-10,דירה בבית,3,25110
מודיעין-מכבים-רעות,אבני חן,756,מודיעין-מכבים-רעות,אבני חן,מגדל המנורה 35,132,2016,2820000,5871-57-0,דירת גן,6,21364
מודיעין-מכבים-רעות,אבני חן,757,מודיעין-מכבים-רעות,אבני חן,תכלת 87,89.02,2016,1865000,5871-22-14,דירה בבית,4,20950
מודיעין-מכבים-רעות,אבני חן,758,מודיעין-מכבים-רעות,אבני חן,יהלום 1,84.6,2016,1965000,5870-86-7,דירה בבית,4,23227
מודיעין-מכבים-רעות,אבני חן,759,מודיעין-מכבים-רעות,אבני חן,מגדל ים 4,106,2016,2170000,5868-15-53,דירה בבית,4,20472
מודיעין-מכבים-רעות,אבני חן,760,מודיעין-מכבים-רעות,אבני חן,שני 20,95,2016,2030000,5874-29-16,דירה בבית,4,21368
מודיעין-מכבים-רעות,אבני חן,761,מודיעין-מכבים-רעות,אבני חן,שני 47,129.9,2016,3330000,5871-47-11,קוטג' חד משפחתי,5,25635
מודיעין-מכבים-רעות,אבני חן,762,מודיעין-מכבים-רעות,אבני חן,תכלת 12,125.8,2016,2470000,5872-21-15,דירת,4,19634
מודיעין-מכבים-רעות,אבני חן,763,מודיעין-מכבים-רעות,אבני חן,יהלום 16,99.39,2016,1905000,5869-23-15,דירה בבית,4,19167
מודיעין-מכבים-רעות,אבני חן,764,מודיעין-מכבים-רעות,אבני חן,אבני החושן 7,96,2016,1870000,5872-29-10,דירה בבית,4,19479
מודיעין-מכבים-רעות,אבני חן,765,מודיעין-מכבים-רעות,אבני חן,תרשיש 11,92,2016,1965000,5869-40-15,דירה בבית,4,21359
מודיעין-מכבים-רעות,אבני חן,766,מודיעין-מכבים-רעות,אבני חן,לשם 59,82,2016,1630000,5871-30-15,דירה בבית,3,19878
מודיעין-מכבים-רעות,אבני חן,767,מודיעין-מכבים-רעות,אבני חן,בדולח 23,85,2016,1990000,5871-4-12,דירה בבית,4,23412
מודיעין-מכבים-רעות,אבני חן,768,מודיעין-מכבים-רעות,אבני חן,יהלום 14,98.6,2016,2000000,5870-63-15,דירה בבית,4,20284
מודיעין-מכבים-רעות,אבני חן,769,מודיעין-מכבים-רעות,אבני חן,תרשיש 11,101,2016,1940000,5869-40-9,דירה בבית,5,19208
מודיעין-מכבים-רעות,אבני חן,770,מודיעין-מכבים-רעות,אבני חן,עמק זבולון 27,89.4,2016,2000000,5870-33-6,דירה בבית,4,22371
מודיעין-מכבים-רעות,אבני חן,771,מודיעין-מכבים-רעות,אבני חן,יהלום 65,108.3,2016,2350000,5868-33-12,דירה בבית,4,21699
מודיעין-מכבים-רעות,אבני חן,772,מודיעין-מכבים-רעות,אבני חן,בדולח 23,91,2016,1830000,5871-4-16,דירה בבית,4,20110
מודיעין-מכבים-רעות,אבני חן,773,מודיעין-מכבים-רעות,אבני חן,ענבר 11,82.7,2016,1850000,5870-13-13,דירה בבית,4,22370
מודיעין-מכבים-רעות,אבני חן,774,מודיעין-מכבים-רעות,אבני חן,שני 13,126.6,2016,3150000,5874-25-8,דירת גן,5,24882
מודיעין-מכבים-רעות,אבני חן,775,מודיעין-מכבים-רעות,אבני חן,יהלום 56,128.85,2016,2990000,5868-24-35,דירה בבית,5,23205
מודיעין-מכבים-רעות,אבני חן,776,מודיעין-מכבים-רעות,אבני חן,תכלת 87,81.09,2016,1750000,5871-22-17,דירה בבית,4,21581
מודיעין-מכבים-רעות,אבני חן,777,מודיעין-מכבים-רעות,אבני חן,תכלת 45,110,2016,2360000,5874-39-12,דירה בבית,5,21455
מודיעין-מכבים-רעות,אבני חן,778,מודיעין-מכבים-רעות,אבני חן,יהלום 40,88,2016,2300000,5869-35-5,דירה בבית,4,26136
מודיעין-מכבים-רעות,אבני חן,779,מודיעין-מכבים-רעות,אבני חן,שני 40,131.9,2016,2400000,5874-37-9,קוטג' חד משפחתי,5,18196
מודיעין-מכבים-רעות,אבני חן,780,מודיעין-מכבים-רעות,אבני חן,מגדל המנורה 3,96,2016,1960000,5872-29-4,דירה בבית,4,20417
מודיעין-מכבים-רעות,אבני חן,781,מודיעין-מכבים-רעות,אבני חן,אודם 12,89.8,2016,1847000,5870-17-6,דירה בבית,4,20568
מודיעין-מכבים-רעות,אבני חן,782,מודיעין-מכבים-רעות,אבני חן,תכלת 10,127,2016,2500000,5872-21-26,דירת גן,5,19685
מודיעין-מכבים-רעות,אבני חן,783,מודיעין-מכבים-רעות,אבני חן,בדולח 7,94,2016,1820000,5871-13-4,דירה בבית,4,19362
מודיעין-מכבים-רעות,אבני חן,784,מודיעין-מכבים-רעות,אבני חן,עמק זבולון 39,102.46,2016,1910000,5869-24-4,דירה בבית,4,18641
מודיעין-מכבים-רעות,אבני חן,785,מודיעין-מכבים-רעות,אבני חן,עמק זבולון 15,107.95,2016,1980000,5872-24-3,דירה בבית,4,18342
מודיעין-מכבים-רעות,אבני חן,786,מודיעין-מכבים-רעות,אבני חן,אודם 11,81.6,2016,1700000,5870-70-3,דירה בבית,4,20833
מודיעין-מכבים-רעות,אבני חן,787,מודיעין-מכבים-רעות,אבני חן,לשם 69,98.4,2016,2015000,5870-23-14,דירה בבית,4,20478
מודיעין-מכבים-רעות,אבני חן,788,מודיעין-מכבים-רעות,אבני חן,מגדל המנורה 2,106.55,2016,2440000,5872-19-69,דירה בבית,4,22900
מודיעין-מכבים-רעות,אבני חן,789,מודיעין-מכבים-רעות,אבני חן,תכלת 58,131.6,2016,2264000,5871-24-72,דירת גן,5,17204
מודיעין-מכבים-רעות,אבני חן,790,מודיעין-מכבים-רעות,אבני חן,תכלת 54,84.6,2016,1957000,5871-24-42,דירה בבית,4,23132
מודיעין-מכבים-רעות,אבני חן,791,מודיעין-מכבים-רעות,אבני חן,שני 34,131.9,2016,2725000,5874-38-7,קוטג' חד משפחתי,5,20660
מודיעין-מכבים-רעות,אבני חן,792,מודיעין-מכבים-רעות,אבני חן,אודם 16,93.3,2016,1865000,5870-16-2,דירה בבית,4,19989
מודיעין-מכבים-רעות,אבני חן,793,מודיעין-מכבים-רעות,אבני חן,מגדל ים 4,113.7,2016,2010000,5868-15-9,דירה בבית,4,17678
מודיעין-מכבים-רעות,אבני חן,794,מודיעין-מכבים-רעות,אבני חן,שני 41,130.2,2016,3230000,5871-48-3,דירה בבית,5,24808
מודיעין-מכבים-רעות,אבני חן,795,מודיעין-מכבים-רעות,אבני חן,עמק זבולון 65,84.8,2016,1625000,5868-31-6,דירה בבית,3,19163
מודיעין-מכבים-רעות,אבני חן,796,מודיעין-מכבים-רעות,אבני חן,מגדל המנורה 2,75.7,2016,1770000,5872-19-137,דירה בבית,4,23382
מודיעין-מכבים-רעות,אבני חן,797,מודיעין-מכבים-רעות,אבני חן,שני 19,133.5,2016,2866000,5874-23-4,דירת גן,6,21468
מודיעין-מכבים-רעות,אבני חן,798,מודיעין-מכבים-רעות,אבני חן,מגדל המנורה 5,119,2016,2740000,5872-28-13,דירה בבית,5,23025
מודיעין-מכבים-רעות,אבני חן,799,מודיעין-מכבים-רעות,אבני חן,תכלת 75,105,2016,2200000,5871-39-37,דירה בבית,4,20952
מודיעין-מכבים-רעות,אבני חן,801,מודיעין-מכבים-רעות,אבני חן,מגדל המנורה 2,106.2,2016,2320000,5872-19-126,דירה בבית,4,21846
מודיעין-מכבים-רעות,אבני חן,802,מודיעין-מכבים-רעות,אבני חן,תכלת 87,92.4,2016,1845000,5871-22-12,דירה בבית,4,19968
מודיעין-מכבים-רעות,אבני חן,803,מודיעין-מכבים-רעות,אבני חן,אבני החושן 68,131.65,2016,2830000,5868-27-39,קוטג' דו משפחתי,5,21496
מודיעין-מכבים-רעות,אבני חן,804,מודיעין-מכבים-רעות,אבני חן,יהלום 54,131.65,2016,3080000,5868-24-18,קוטג' דו משפחתי,5,23395
מודיעין-מכבים-רעות,אבני חן,805,מודיעין-מכבים-רעות,אבני חן,אודם 16,93.3,2016,1950000,5870-16-1,דירה בבית,4,20900
מודיעין-מכבים-רעות,אבני חן,806,מודיעין-מכבים-רעות,אבני חן,מגדל ים 4,175.1,2016,3120000,5868-15-30,דירה בבית,6,17818
מודיעין-מכבים-רעות,אבני חן,807,מודיעין-מכבים-רעות,אבני חן,תכלת 55,106.85,2016,1810000,5874-37-18,קוטג' חד משפחתי,4,16940
מודיעין-מכבים-רעות,אבני חן,808,מודיעין-מכבים-רעות,אבני חן,שני 28,96.3,2016,2079000,5874-39-15,דירה בבית,4,21589
מודיעין-מכבים-רעות,אבני חן,809,מודיעין-מכבים-רעות,אבני חן,תכלת 38,92,2016,2280000,5871-61-4,דירה בבית,4,24783
מודיעין-מכבים-רעות,אבני חן,810,מודיעין-מכבים-רעות,אבני חן,תכלת 54,94,2016,2160000,5871-24-32,דירה בבית,4,22979
מודיעין-מכבים-רעות,אבני חן,812,מודיעין-מכבים-רעות,אבני חן,נופך 27,125,2016,3400000,5869-58-2,קוטג' דו משפחתי,6,27200
מודיעין-מכבים-רעות,אבני חן,813,מודיעין-מכבים-רעות,אבני חן,שני 4,98.34,2016,1810000,5874-35-4,דירה בבית,4,18406
מודיעין-מכבים-רעות,אבני חן,814,מודיעין-מכבים-רעות,אבני חן,עמק זבולון 35,98.43,2016,2090000,5869-23-3,דירה בבית,4,21233
מודיעין-מכבים-רעות,אבני חן,815,מודיעין-מכבים-רעות,אבני חן,שני 12,123.81,2016,2330000,5874-31-14,דירה בבית,5,18819
מודיעין-מכבים-רעות,אבני חן,816,מודיעין-מכבים-רעות,אבני חן,תכלת 1,110.95,2016,2140000,5872-24-8,דירה בבית,4,19288
מודיעין-מכבים-רעות,אבני חן,817,מודיעין-מכבים-רעות,אבני חן,תרשיש 45,149.02,2016,3300000,5868-47-9,דירה בבית,5,22145
מודיעין-מכבים-רעות,אבני חן,818,מודיעין-מכבים-רעות,אבני חן,עמק זבולון 49,74.6,2016,1700000,5869-32-14,דירת גן,3,22788
מודיעין-מכבים-רעות,אבני חן,819,מודיעין-מכבים-רעות,אבני חן,שני 62,124,2016,2624000,5871-53-4,דירה בבית,5,21161
מודיעין-מכבים-רעות,אבני חן,820,מודיעין-מכבים-רעות,אבני חן,תרשיש 65,132.64,2016,2690000,5868-42-4,דירה בבית,5,20280
מודיעין-מכבים-רעות,אבני חן,821,מודיעין-מכבים-רעות,אבני חן,בדולח 23,89,2016,1790000,5871-4-6,דירה בבית,4,20112
מודיעין-מכבים-רעות,אבני חן,822,מודיעין-מכבים-רעות,אבני חן,תרשיש 18,110.9,2016,2630000,5868-37-9,דירה בבית,5,23715
מודיעין-מכבים-רעות,אבני חן,823,מודיעין-מכבים-רעות,אבני חן,תרשיש 75,75.3,2015,1680000,5871-11-49,דירה בבית,3,22311
מודיעין-מכבים-רעות,אבני חן,824,מודיעין-מכבים-רעות,אבני חן,תכלת 1,107.95,2015,1920000,5872-24-10,דירה בבית,4,17786
מודיעין-מכבים-רעות,אבני חן,825,מודיעין-מכבים-רעות,אבני חן,אבני החושן 68,105,2015,2020000,5868-27-28,דירה בבית,4,19238
מודיעין-מכבים-רעות,אבני חן,826,מודיעין-מכבים-רעות,אבני חן,שני 39,129.2,2015,3080000,5871-48-12,קוטג' חד משפחתי,6,23839
מודיעין-מכבים-רעות,אבני חן,827,מודיעין-מכבים-רעות,אבני חן,שני 68,120.4,2015,2270000,5871-46-3,דירת גן,5.5,18854
מודיעין-מכבים-רעות,אבני חן,828,מודיעין-מכבים-רעות,אבני חן,בדולח 9,115,2015,1940000,5871-13-31,דירה בבית,4.5,16870
מודיעין-מכבים-רעות,אבני חן,829,מודיעין-מכבים-רעות,אבני חן,יהלום 15,83.8,2015,2050000,5870-14-1,דירה בבית,4,24463
מודיעין-מכבים-רעות,אבני חן,830,מודיעין-מכבים-רעות,אבני חן,יהלום 78,131.65,2015,2800000,5868-27-58,קוטג' דו משפחתי,5,21269
מודיעין-מכבים-רעות,אבני חן,831,מודיעין-מכבים-רעות,אבני חן,אבני החושן 5,94,2015,1830000,5872-29-17,דירה בבית,4,19468
מודיעין-מכבים-רעות,אבני חן,832,מודיעין-מכבים-רעות,אבני חן,אבני החושן 49,93.48,2015,1716000,5871-22-36,דירה בבית,4,18357
מודיעין-מכבים-רעות,אבני חן,834,מודיעין-מכבים-רעות,אבני חן,תכלת 38,100,2015,1800000,5871-61-5,דירה בבית,4.5,18000
מודיעין-מכבים-רעות,אבני חן,835,מודיעין-מכבים-רעות,אבני חן,תכלת 55,108,2015,2080000,5874-37-16,דירה בבית,4,19259
מודיעין-מכבים-רעות,אבני חן,836,מודיעין-מכבים-רעות,אבני חן,תרשיש 16,116,2015,2170000,5868-38-2,דירה בבית,5,18707
מודיעין-מכבים-רעות,אבני חן,837,מודיעין-מכבים-רעות,אבני חן,תכלת 81,110.4,2015,2380000,5871-39-10,דירת גן,5,21558
מודיעין-מכבים-רעות,אבני חן,838,מודיעין-מכבים-רעות,אבני חן,בדולח 23,87,2015,1770000,5871-4-27,דירה בבית,4,20345
מודיעין-מכבים-רעות,אבני חן,839,מודיעין-מכבים-רעות,אבני חן,עמק זבולון 23,101.4,2015,2170000,5870-64-8,דירת גן,4,21400
מודיעין-מכבים-רעות,אבני חן,840,מודיעין-מכבים-רעות,אבני חן,תרשיש 34,118.9,2015,1790000,5871-9-18,דירה בבית,4,15055
מודיעין-מכבים-רעות,אבני חן,841,מודיעין-מכבים-רעות,אבני חן,לשם 59,88,2015,1700000,5871-30-14,דירה בבית,4,19318
מודיעין-מכבים-רעות,אבני חן,842,מודיעין-מכבים-רעות,אבני חן,שני 29,130.45,2015,2760000,5874-21-2,דירה בבית,5,21158
מודיעין-מכבים-רעות,אבני חן,843,מודיעין-מכבים-רעות,אבני חן,אודם 10,89.8,2015,1700000,5870-17-14,דירה בבית,4,18931
מודיעין-מכבים-רעות,אבני חן,844,מודיעין-מכבים-רעות,אבני חן,תכלת 60,111.1,2015,2050000,5871-24-89,דירה בבית,5,18452
מודיעין-מכבים-רעות,אבני חן,845,מודיעין-מכבים-רעות,אבני חן,תכלת 60,84.6,2015,1880000,5871-24-94,דירה בבית,4,22222
מודיעין-מכבים-רעות,אבני חן,846,מודיעין-מכבים-רעות,אבני חן,יהלום 1,69.1,2015,1575000,5870-86-5,דירה בבית,3,22793
מודיעין-מכבים-רעות,אבני חן,847,מודיעין-מכבים-רעות,אבני חן,תכלת 12,125.8,2015,2200000,5872-21-16,קוטג' חד משפחתי,4,17488
מודיעין-מכבים-רעות,אבני חן,848,מודיעין-מכבים-רעות,אבני חן,אודם 22,85,2015,1750000,5871-6-19,דירה בבית,4,20588
מודיעין-מכבים-רעות,אבני חן,849,מודיעין-מכבים-רעות,אבני חן,עמק זבולון 23,70.6,2015,1370000,5870-64-11,דירה בבית,3,19405
מודיעין-מכבים-רעות,אבני חן,850,מודיעין-מכבים-רעות,אבני חן,יהלום 57,113.6,2015,2212000,5868-35-9,דירת גן,4,19472
מודיעין-מכבים-רעות,אבני חן,851,מודיעין-מכבים-רעות,אבני חן,ענבר 8,92,2015,1790000,5869-45-17,דירה בבית,4,19457
מודיעין-מכבים-רעות,אבני חן,852,מודיעין-מכבים-רעות,אבני חן,אבני החושן 40,95.75,2015,1750000,5871-49-5,דירה בבית,4,18277
מודיעין-מכבים-רעות,אבני חן,853,מודיעין-מכבים-רעות,אבני חן,לשם 69,82.2,2015,1560000,5870-23-31,דירה בבית,3,18978
מודיעין-מכבים-רעות,אבני חן,854,מודיעין-מכבים-רעות,אבני חן,מגדל המנורה 11,138.5,2015,2575000,5872-21-2,קוטג' דו משפחתי,5,18592
מודיעין-מכבים-רעות,אבני חן,855,מודיעין-מכבים-רעות,אבני חן,אבני החושן 4,90,2015,1700000,5870-35-11,דירה בבית,4,18889
מודיעין-מכבים-רעות,אבני חן,856,מודיעין-מכבים-רעות,אבני חן,שני 25,129.55,2015,3525000,5874-22-14,דירת גן,5,27210
מודיעין-מכבים-רעות,אבני חן,857,מודיעין-מכבים-רעות,אבני חן,תכלת 45,96.2,2015,1820000,5874-39-11,דירה בבית,4,18919
מודיעין-מכבים-רעות,אבני חן,858,מודיעין-מכבים-רעות,אבני חן,שני 12,92.8,2015,1920000,5874-31-17,דירה בבית,4,20690
מודיעין-מכבים-רעות,אבני חן,859,מודיעין-מכבים-רעות,אבני חן,לשם 69,82.4,2015,1530000,5870-23-18,דירה בבית,3,18568
מודיעין-מכבים-רעות,אבני חן,860,מודיעין-מכבים-רעות,אבני חן,עמק זבולון 33,97.71,2015,1500000,5869-23-10,דירה בבית,4,15352
מודיעין-מכבים-רעות,אבני חן,861,מודיעין-מכבים-רעות,אבני חן,יהלום 63,100.7,2015,1925000,5868-33-19,דירה בבית,4,19116
מודיעין-מכבים-רעות,אבני חן,862,מודיעין-מכבים-רעות,אבני חן,אבני החושן 14,81.6,2015,1850000,5870-84-6,דירה בבית,4,22672
מודיעין-מכבים-רעות,אבני חן,863,מודיעין-מכבים-רעות,אבני חן,תכלת 56,94,2015,1870000,5871-24-60,דירה בבית,4,19894
מודיעין-מכבים-רעות,אבני חן,864,מודיעין-מכבים-רעות,אבני חן,מגדל המנורה 2,98.75,2015,2320000,5872-19-153,דירת גן,4.5,23494
מודיעין-מכבים-רעות,אבני חן,865,מודיעין-מכבים-רעות,אבני חן,אודם 16,91.8,2015,1800000,5870-16-4,דירה בבית,4,19608
מודיעין-מכבים-רעות,אבני חן,866,מודיעין-מכבים-רעות,אבני חן,תרשיש 16,122,2015,2200000,5868-38-8,קוטג' דו משפחתי,5,18033
מודיעין-מכבים-רעות,אבני חן,867,מודיעין-מכבים-רעות,אבני חן,שני 12,127.25,2015,2249000,5874-31-12,דירה בבית,5,17674
מודיעין-מכבים-רעות,אבני חן,868,מודיעין-מכבים-רעות,אבני חן,בדולח 23,91,2015,1735000,5871-4-17,דירה בבית,4,19066
מודיעין-מכבים-רעות,אבני חן,869,מודיעין-מכבים-רעות,אבני חן,מגדל המנורה 2,148.25,2015,2450000,5872-19-18,דירה בבית,5,16526
מודיעין-מכבים-רעות,אבני חן,870,מודיעין-מכבים-רעות,אבני חן,לשם 69,97.5,2015,1685000,5870-23-7,דירה בבית,4,17282
מודיעין-מכבים-רעות,אבני חן,871,מודיעין-מכבים-רעות,אבני חן,מגדל המנורה 2,98.9,2015,2350000,5872-19-2,דירה בבית,4.5,23761
מודיעין-מכבים-רעות,אבני חן,872,מודיעין-מכבים-רעות,אבני חן,תכלת 2,96,2015,1760000,5872-29-21,דירה בבית,4,18333
מודיעין-מכבים-רעות,אבני חן,873,מודיעין-מכבים-רעות,אבני חן,תכלת 60,87.1,2015,1775000,5871-24-88,דירה בבית,4,20379
מודיעין-מכבים-רעות,אבני חן,874,מודיעין-מכבים-רעות,אבני חן,שני 39,132,2015,3049000,5871-48-8,דירה בבית,5,23098
מודיעין-מכבים-רעות,אבני חן,875,מודיעין-מכבים-רעות,אבני חן,יהלום 57,114.4,2015,2300000,5868-35-8,דירה בבית,5,20105
מודיעין-מכבים-רעות,אבני חן,876,מודיעין-מכבים-רעות,אבני חן,נופך 26,125,2015,3210000,5869-48-1,קוטג' דו משפחתי,6.5,25680
מודיעין-מכבים-רעות,אבני חן,877,מודיעין-מכבים-רעות,אבני חן,שני 15,126.1,2015,2750000,5874-24-13,דירה בבית,5,21808
מודיעין-מכבים-רעות,אבני חן,878,מודיעין-מכבים-רעות,אבני חן,בדולח 23,86,2015,1600000,5871-4-19,דירה בבית,3.5,18605
מודיעין-מכבים-רעות,אבני חן,879,מודיעין-מכבים-רעות,אבני חן,תכלת 56,94,2015,1845000,5871-24-63,דירה בבית,4,19628
מודיעין-מכבים-רעות,אבני חן,880,מודיעין-מכבים-רעות,אבני חן,אבני החושן 68,128.85,2015,2650000,5868-27-22,דירת גן,5,20567
מודיעין-מכבים-רעות,אבני חן,881,מודיעין-מכבים-רעות,אבני חן,תכלת 37,96.25,2015,1920000,5874-30-18,דירה בבית,4,19948
מודיעין-מכבים-רעות,אבני חן,882,מודיעין-מכבים-רעות,אבני חן,עמק זבולון 25,89.4,2015,1885000,5870-64-6,דירה בבית,4,21085
מודיעין-מכבים-רעות,אבני חן,883,מודיעין-מכבים-רעות,אבני חן,שני 45,135.4,2015,3150000,5871-44-1,דירת גן,5,23264
מודיעין-מכבים-רעות,אבני חן,884,מודיעין-מכבים-רעות,אבני חן,עמק זבולון 39,78.6,2015,1600000,5869-24-5,דירה בבית,3,20356
מודיעין-מכבים-רעות,אבני חן,885,מודיעין-מכבים-רעות,אבני חן,מגדל ים 23,92.21,2015,1870000,5868-46-10,דירה בבית,4,20280
מודיעין-מכבים-רעות,אבני חן,886,מודיעין-מכבים-רעות,אבני חן,אודם 10,122.7,2015,2150000,5870-17-11,דירת גן,5,17522
מודיעין-מכבים-רעות,אבני חן,887,מודיעין-מכבים-רעות,אבני חן,פטדה 17,136.3,2015,2845000,5870-79-1,קוטג' דו משפחתי,5,20873
מודיעין-מכבים-רעות,אבני חן,888,מודיעין-מכבים-רעות,אבני חן,אודם 5,82.1,2015,1730000,5870-72-10,דירה בבית,4,21072
מודיעין-מכבים-רעות,אבני חן,889,מודיעין-מכבים-רעות,אבני חן,מגדל המנורה 5,119,2015,2400000,5872-28-16,דירה בבית,5,20168
מודיעין-מכבים-רעות,אבני חן,890,מודיעין-מכבים-רעות,אבני חן,שני 54,126.6,2015,2275000,5871-54-6,דירת גן,5,17970
מודיעין-מכבים-רעות,אבני חן,891,מודיעין-מכבים-רעות,אבני חן,מגדל המנורה 2,106.2,2015,2300000,5872-19-31,דירה בבית,4,21657
מודיעין-מכבים-רעות,אבני חן,892,מודיעין-מכבים-רעות,אבני חן,תכלת 39,91.3,2015,1880000,5874-28-1,דירת גן,4,20591
מודיעין-מכבים-רעות,אבני חן,893,מודיעין-מכבים-רעות,אבני חן,שני 25,139.6,2015,2700000,5874-22-10,דירה בבית,5.5,19341
מודיעין-מכבים-רעות,אבני חן,894,מודיעין-מכבים-רעות,אבני חן,תכלת 38,93,2015,1780000,5871-61-6,דירה בבית,5,19140
מודיעין-מכבים-רעות,אבני חן,895,מודיעין-מכבים-רעות,אבני חן,אודם 23,97.5,2015,1777000,5870-20-7,דירה בבית,4,18226
מודיעין-מכבים-רעות,אבני חן,896,מודיעין-מכבים-רעות,אבני חן,יהלום 14,73.6,2015,1530000,5870-63-18,דירה בבית,3,20788
מודיעין-מכבים-רעות,אבני חן,897,מודיעין-מכבים-רעות,אבני חן,עמק זבולון 67,107,2015,1890000,5868-30-3,דירה בבית,5,17664
מודיעין-מכבים-רעות,אבני חן,898,מודיעין-מכבים-רעות,אבני חן,בדולח 23,89,2015,1700000,5871-4-24,דירה בבית,4,19101
מודיעין-מכבים-רעות,אבני חן,899,מודיעין-מכבים-רעות,אבני חן,יהלום 24,92,2015,1825000,5869-30-4,דירה בבית,4,19837
מודיעין-מכבים-רעות,אבני חן,900,מודיעין-מכבים-רעות,אבני חן,תרשיש 35,133.26,2015,2600000,5868-49-6,קוטג' דו משפחתי,5,19511
מודיעין-מכבים-רעות,אבני חן,901,מודיעין-מכבים-רעות,אבני חן,מגדל המנורה 2,98.9,2015,2365000,5872-19-130,דירת גן,4.5,23913
מודיעין-מכבים-רעות,אבני חן,902,מודיעין-מכבים-רעות,אבני חן,תרשיש 7,90,2015,1700000,5869-41-18,דירה בבית,4,18889
מודיעין-מכבים-רעות,אבני חן,903,מודיעין-מכבים-רעות,אבני חן,תרשיש 53,133.39,2015,2500000,5868-45-1,דירה בבית,5,18742
מודיעין-מכבים-רעות,אבני חן,904,מודיעין-מכבים-רעות,אבני חן,אודם 22,89,2015,1690000,5871-6-24,דירה בבית,4,18989
מודיעין-מכבים-רעות,אבני חן,905,מודיעין-מכבים-רעות,אבני חן,תכלת 38,119,2015,1850000,5871-61-7,דירה בבית,5,15546
מודיעין-מכבים-רעות,אבני חן,906,מודיעין-מכבים-רעות,אבני חן,פטדה 5,136.3,2015,2830000,5870-82-1,קוטג' דו משפחתי,6,20763
מודיעין-מכבים-רעות,אבני חן,907,מודיעין-מכבים-רעות,אבני חן,לשם 71,97.2,2015,1720000,5870-23-42,דירה בבית,4,17695
מודיעין-מכבים-רעות,אבני חן,908,מודיעין-מכבים-רעות,אבני חן,ענבר 13,67.2,2015,1430000,5870-13-6,דירה בבית,3,21280
מודיעין-מכבים-רעות,אבני חן,909,מודיעין-מכבים-רעות,אבני חן,מגדל ים 7,87,2015,1620000,5871-4-37,דירה בבית,4,18621
מודיעין-מכבים-רעות,אבני חן,910,מודיעין-מכבים-רעות,אבני חן,תרשיש 13,82,2015,1850000,5869-39-12,דירה בבית,4,22561
מודיעין-מכבים-רעות,אבני חן,911,מודיעין-מכבים-רעות,אבני חן,תרשיש 38,100.2,2015,1750000,5871-50-6,דירה בבית,4,17465
מודיעין-מכבים-רעות,אבני חן,912,מודיעין-מכבים-רעות,אבני חן,מגדל המנורה 5,119,2015,2623000,5872-28-10,קוטג' דו משפחתי,5,22042
מודיעין-מכבים-רעות,אבני חן,913,מודיעין-מכבים-רעות,אבני חן,בדולח 4,81,2015,1500000,5871-28-43,דירה בבית,3,18519
מודיעין-מכבים-רעות,אבני חן,914,מודיעין-מכבים-רעות,אבני חן,אבני החושן 7,100,2015,1940000,5872-29-7,דירת גן,4,19400
מודיעין-מכבים-רעות,אבני חן,915,מודיעין-מכבים-רעות,אבני חן,עמק זבולון 43,95.1,2015,1710000,5869-31-10,דירה בבית,4,17981
מודיעין-מכבים-רעות,אבני חן,916,מודיעין-מכבים-רעות,אבני חן,יהלום 10,99.8,2015,2100000,5870-33-8,דירה בבית,4,21042
מודיעין-מכבים-רעות,אבני חן,917,מודיעין-מכבים-רעות,אבני חן,יהלום 57,118.1,2015,2150000,5868-35-12,דירה בבית,4.5,18205
מודיעין-מכבים-רעות,אבני חן,918,מודיעין-מכבים-רעות,אבני חן,עמק זבולון 15,110.95,2015,1810000,5872-24-1,דירת גן,4,16314
מודיעין-מכבים-רעות,אבני חן,919,מודיעין-מכבים-רעות,אבני חן,בדולח 8,68,2015,1515000,5871-28-19,דירה בבית,3,22279
מודיעין-מכבים-רעות,אבני חן,920,מודיעין-מכבים-רעות,אבני חן,נופך 45,74,2015,1700000,5869-43-25,דירה בבית,4,22973
מודיעין-מכבים-רעות,אבני חן,921,מודיעין-מכבים-רעות,אבני חן,אודם 10,92.3,2015,1925000,5870-17-17,דירה בבית,4,20856
מודיעין-מכבים-רעות,אבני חן,922,מודיעין-מכבים-רעות,אבני חן,אבני החושן 17,98.4,2015,1792000,5871-58-9,דירה בבית,5,18211
מודיעין-מכבים-רעות,אבני חן,923,מודיעין-מכבים-רעות,אבני חן,יהלום 4,90,2015,1698000,5870-66-6,דירה בבית,4,18867
